sector,rank,ticker,etf_name,fund_family,category,inception_date,total_assets,expense_ratio_pct,one_year_return_pct,five_year_return_annualised_pct,beta_3y,distance_from_52_week_high_pct,distribution_yield_pct,number_of_holdings,top_10_holdings_weight_pct,annual_holdings_turnover_pct,price_to_earnings,price_to_book,weighted_average_market_cap,currency,retrieved_at_utc
Benchmark,1,ACWI,iShares MSCI ACWI ETF,iShares,Global Large-Stock Blend,1206489600.0,33208487936.0,32.0,,11.08547,0.97,-2.15601965601967,1.39999995,,24.2318597,3.0,0.04685,0.27461,,USD,2026-09-21T11:41:36+00:00
Consumer Discretionary,1,XLY,State Street Consumer Discretionary Select Sector SPDR ETF,State Street Investment Management,Consumer Cyclical,913766400.0,22749814784.0,8.0,,4.6740197,1.16,-11.183105351571875,0.77,,68.5747399,10.0,0.03925,0.16965,,USD,2026-09-21T11:41:36+00:00
Consumer Discretionary,2,VCR,Vanguard Consumer Discretionary Index Fund ETF Shares,Vanguard,Consumer Cyclical,1075075200.0,6632338944.0,9.000000400000001,,3.9555399999999996,1.22,-10.215313314666407,0.73,,56.3620698,6.0,0.04293,0.23352,,USD,2026-09-21T11:41:36+00:00
Consumer Discretionary,3,ITB,iShares U.S. Home Construction ETF,iShares,Consumer Cyclical,1146441600.0,2360223744.0,37.0,,5.44194,1.53,-24.162762450112794,0.6799999999999999,,68.2430493,12.0,0.06173,0.51867,,USD,2026-09-21T11:41:36+00:00
Consumer Discretionary,4,FDIS,Fidelity MSCI Consumer Discretionary Index ETF,Fidelity Investments,Consumer Cyclical,1382313600.0,1692495104.0,8.4,,3.9782100000000002,1.22,-10.218706375058172,0.73,,56.426812999999996,5.0,0.04287,0.23003,,USD,2026-09-21T11:41:36+00:00
Consumer Discretionary,5,XHB,State Street SPDR S&P Homebuilders ETF,State Street Investment Management,Consumer Cyclical,1138665600.0,1331822720.0,34.999998999999995,,5.7474,1.46,-21.716884593519037,0.77,,39.56397,31.0,0.05124,0.42705,,USD,2026-09-21T11:41:36+00:00
Consumer Discretionary,6,IYC,iShares US Consumer Discretionary ETF,iShares,Consumer Cyclical,960768000.0,1194078464.0,37.0,,4.54177,1.03,-10.469448584202679,0.50999997,,50.886280799999994,21.0,0.04237,0.2104,,USD,2026-09-21T11:41:36+00:00
Consumer Discretionary,7,PEJ,Invesco Dynamic Leisure and Entertainment ETF,Invesco,Consumer Cyclical,1119484800.0,422541632.0,57.99999999999999,,4.93593,1.02,-11.032694800518517,0.50999997,,47.64886980000001,168.0,0.0425,0.20229,,USD,2026-09-21T11:41:36+00:00
Consumer Discretionary,8,XRT,State Street SPDR S&P Retail ETF,State Street Investment Management,Consumer Cyclical,1150675200.0,362040704.0,34.999998999999995,,-1.23169,1.14,-12.286142001710854,0.7799999999999999,,18.241660200000002,48.0,0.06168,0.43199,,USD,2026-09-21T11:41:36+00:00
Consumer Discretionary,9,RSPD,Invesco S&P 500 Equal Weight Consumer Discretionary ETF,Invesco,Consumer Cyclical,1162339200.0,310740576.0,40.0,,2.2804402,1.06,-13.10904872389792,0.88,,26.5982802,27.0,0.04795,0.23293,,USD,2026-09-21T11:41:36+00:00
Consumer Discretionary,10,FXD,First Trust Consumer Discretionary AlphaDEX Fund,First Trust,Consumer Cyclical,1178582400.0,263533520.0,60.0,,1.9255199,1.17,-10.938482758620694,0.62,,17.564580000000003,68.0,0.07318,0.4468,,USD,2026-09-21T11:41:36+00:00
Consumer Discretionary,11,RXI,iShares Global Consumer Discretionary ETF,iShares,Consumer Cyclical,1158019200.0,258157024.0,37.0,,3.40706,1.0,-11.891752818449742,1.43,,47.1249993,17.0,0.04708,0.37537,,USD,2026-09-21T11:41:36+00:00
Consumer Discretionary,12,RTH,VanEck Retail ETF,VanEck,Consumer Cyclical,1324339200.0,246382080.0,34.999998999999995,,8.01302,0.79,-7.914713470692969,0.9199999999999999,,70.3781188,9.0,0.03854,0.16959,,USD,2026-09-21T11:41:36+00:00
Consumer Discretionary,13,INCO,Columbia India Consumer ETF,Columbia Threadneedle,India Equity,1312934400.0,230445696.0,75.0,,5.4065,0.76,-12.155679811653908,0.0,,49.785220100000004,20.0,0.02498,0.14628,,USD,2026-09-21T11:41:36+00:00
Consumer Discretionary,14,IDRV,iShares Self-Driving EV and Tech ETF,iShares,Industrials,1555372800.0,151765264.0,47.999998000000005,,-4.866079999999999,1.31,-24.145486415425076,1.73,,42.746009900000004,51.0,0.05644,0.83218,,USD,2026-09-21T11:41:36+00:00
Consumer Discretionary,15,IBUY,Amplify Online Retail ETF,Amplify ETFs,Consumer Cyclical,1461024000.0,126863536.0,64.999997,,-10.051029999999999,1.39,-13.678160919540227,0.11,,28.753040599999995,34.0,0.05933,0.29907,,USD,2026-09-21T11:41:36+00:00
Consumer Discretionary,16,CHIQ,Global X MSCI China Consumer Discretionary ETF,Global X Funds,Greater China Region,1259539200.0,114445432.0,64.999997,,-9.66677,0.47,-33.909606809890555,1.6400000000000001,,56.265769600000006,23.57,0.07677,0.52475,,USD,2026-09-21T11:41:36+00:00
Consumer Discretionary,17,TRUD,VanEck Consumer Disc TruSector ETF,VanEck,Consumer Cyclical,1755648000.0,61776940.0,16.0,,,0.0,-8.93418181818182,0.33999999999999997,,97.56297001,0.0,0.03854,0.1649,,USD,2026-09-21T11:41:36+00:00
Consumer Discretionary,18,ONLN,ProShares Online Retail ETF,ProShares,Consumer Cyclical,1531440000.0,60932456.0,57.99999999999999,,-4.3618202,1.34,-12.689396309039724,0.29,,72.1566804,62.0,0.04464,0.23341,,USD,2026-09-21T11:41:36+00:00
Consumer Discretionary,19,GXPD,Global X Purecap MSCI Consumer Discretionary ETF,Global X Funds,Consumer Cyclical,1753142400.0,55223928.0,15.0,,,0.0,-9.34589163975601,0.33999999999999997,,77.99965200000001,11.73,0.03982,0.1674,,USD,2026-09-21T11:41:36+00:00
Consumer Discretionary,20,BETZ,Roundhill Sports Betting & iGaming ETF,Roundhill Investments,Consumer Cyclical,1591142400.0,50436696.0,75.0,,-9.38647,1.0,-26.973947895791582,4.95,,58.371280000000006,26.0,0.05008,0.37368,,USD,2026-09-21T11:41:36+00:00
Consumer Discretionary,21,AWAY,Amplify Travel Tech ETF,Amplify ETFs,Consumer Cyclical,1581465600.0,37551560.0,75.0,,-8.31372,1.13,-24.745174582520058,0.0,,47.1721904,41.0,0.07639,0.42578,,USD,2026-09-21T11:41:36+00:00
Consumer Discretionary,22,EBIZ,Global X E-commerce ETF,Global X Funds,Consumer Cyclical,1543276800.0,28076040.0,50.0,,-1.8868099999999999,1.18,-20.74996502028823,0.50999997,,43.487919999999995,19.379999,0.05744,0.34317,,USD,2026-09-21T11:41:36+00:00
Consumer Discretionary,23,PSCD,Invesco S&P SmallCap Consumer Discretionary ETF,Invesco,Consumer Cyclical,1270598400.0,24441204.0,28.999999999999996,,0.74878,1.37,-11.946642734763802,1.0,,28.2254102,27.0,0.05792,0.50485,,USD,2026-09-21T11:41:36+00:00
Consumer Discretionary,24,PEZ,Invesco Dorsey Wright Consumer Cyclicals Momentum ETF,Invesco,Consumer Cyclical,1160611200.0,22173216.0,60.0,,0.91728,1.48,-15.453409399619666,0.26,,41.1902104,187.0,0.04018,0.35111,,USD,2026-09-21T11:41:36+00:00
Consumer Discretionary,25,ODDZ,Corgi Sports Betting & Gambling,Corgi Funds,Consumer Cyclical,1777939200.0,1095428.0,34.999998999999995,,,0.0,-18.311570547696775,,,59.1983909,0.0,0.07126,0.31336,,USD,2026-09-21T11:41:36+00:00
Consumer Discretionary,26,TMH,Toyota Motor Corporation ADRhedged,ADRH,Industrials,1741824000.0,1046216.0,19.0,,,0.0,-23.96207493846294,0.0,,98.33134,0.0,0.1117,1.0013,,USD,2026-09-21T11:41:36+00:00
Consumer Discretionary,27,STYL,Corgi Lifestyle Brands ETF,Corgi Funds,Consumer Cyclical,1777939200.0,379083.0,34.999998999999995,,,0.0,-14.737260571015554,0.0,,47.9975295,0.0,0.05997,0.32111,,USD,2026-09-21T11:41:36+00:00
Consumer Staples,1,XLP,State Street Consumer Staples Select Sector SPDR ETF,State Street Investment Management,Consumer Defensive,913766400.0,14524716032.0,8.0,,5.7678199999999995,0.49,-8.142888839582874,2.5899999,,61.73945900000001,8.0,0.03978,0.21829,,USD,2026-09-21T11:41:36+00:00
Consumer Staples,2,VDC,Vanguard Consumer Staples Index Fund ETF Shares,Vanguard,Consumer Defensive,1075075200.0,9253007360.0,9.000000400000001,,6.34474,0.51,-8.504890926206365,2.09,,64.56063,9.0,0.03937,0.22638,,USD,2026-09-21T11:41:36+00:00
Consumer Staples,3,FSTA,Fidelity MSCI Consumer Staples Index ETF,Fidelity Investments,Consumer Defensive,1382313600.0,1414283136.0,8.4,,6.30425,0.51,-8.92323906551905,2.18,,64.51547000000001,13.0,0.03942,0.22385,,USD,2026-09-21T11:41:36+00:00
Consumer Staples,4,IYK,iShares US Consumer Staples ETF,iShares,Consumer Defensive,960768000.0,1406885504.0,37.0,,5.9191197,0.44,-7.596067917783744,2.54,,65.95135040000001,8.0,0.042,0.25039,,USD,2026-09-21T11:41:36+00:00
Consumer Staples,5,KXI,iShares Global Consumer Staples ETF,iShares,Consumer Defensive,1158019200.0,1087263872.0,38.0,,4.0856,0.49,-9.558723693143257,2.35,,48.6368104,17.0,0.04351,0.25799,,USD,2026-09-21T11:41:36+00:00
Consumer Staples,6,RSPS,Invesco S&P 500 Equal Weight Consumer Staples ETF,Invesco,Consumer Defensive,1162339200.0,249581216.0,40.0,,1.41421,0.54,-11.05783637998201,2.86,,32.9466301,28.999999999999996,0.04375,0.33824,,USD,2026-09-21T11:41:36+00:00
Consumer Staples,7,FXG,First Trust Consumer Staples AlphaDEX Fund,First Trust,Consumer Defensive,1178582400.0,230743056.0,63.0,,3.30122,0.51,-12.08345323741008,2.35,,41.3683097,81.0,0.06284,0.46567,,USD,2026-09-21T11:41:36+00:00
Consumer Staples,8,PBJ,Invesco Food & Beverage ETF,Invesco,Consumer Defensive,1119484800.0,92502912.0,63.0,,3.72037,0.52,-8.870178186802436,1.28,,47.9482298,107.0,0.0512,0.54923,,USD,2026-09-21T11:41:36+00:00
Consumer Staples,9,PSL,Invesco Dorsey Wright Consumer Staples Momentum ETF,Invesco,Consumer Defensive,1160611200.0,83565208.0,60.0,,5.0887097,0.74,-6.801074351978165,0.73,,40.0524797,80.0,0.0414,0.32351,,USD,2026-09-21T11:41:36+00:00
Consumer Staples,10,GXPS,Global X Purecap MSCI Consumer Staples ETF,Global X Funds,Consumer Defensive,1753142400.0,71112904.0,15.0,,,0.0,-11.778602767465408,1.26,,80.82117790000001,3.44,0.03804,0.16445,,USD,2026-09-21T11:41:36+00:00
Consumer Staples,11,PSCC,Invesco S&P SmallCap Consumer Staples ETF,Invesco,Consumer Defensive,1270598400.0,39255156.0,28.999999999999996,,2.6317,0.78,-9.73652537938252,1.63,,65.2644485,26.0,0.04922,0.53577,,USD,2026-09-21T11:41:36+00:00
Consumer Staples,12,FTXG,First Trust Nasdaq Food & Beverage ETF,First Trust,Consumer Defensive,1474329600.0,18484714.0,60.0,,0.47464999999999996,0.44,-7.157828810020872,2.4899999999999998,,62.819599700000005,30.0,0.04791,0.4818,,USD,2026-09-21T11:41:36+00:00
Consumer Staples,13,BREW,Corgi Coffee & Energy Drinks ETF,Corgi Funds,Consumer Defensive,1777939200.0,679941.0,34.999998999999995,,,0.0,-8.267983074753172,0.0,,74.3990688,0.0,0.03297,0.26703,,USD,2026-09-21T11:41:36+00:00
Consumer Staples,14,TRUO,Vaneck Consumer Staples TruSector ETF,VanEck,Consumer Defensive,1780358400.0,509460.0,13.999999999999998,,,0.0,-6.116697936210125,,,94.4611606,0.0,0.03716,0.17188,,USD,2026-09-21T11:41:36+00:00
Emerging Markets,1,VWO,Vanguard FTSE Emerging Markets Index Fund ETF Shares,Vanguard,Diversified Emerging Mkts,1109894400.0,168359133184.0,5.9999997,,6.43083,0.75,-2.4861878453038666,2.29,,25.861089950000004,6.0,0.06285,0.46875,,USD,2026-09-21T11:41:36+00:00
Emerging Markets,2,IEMG,iShares Core MSCI Emerging Markets ETF,iShares,Diversified Emerging Mkts,1350518400.0,160899022848.0,9.000000400000001,,8.46025,1.01,-5.584460631286847,2.1999999999999997,,32.73026973,6.0,0.06976,0.45438,,USD,2026-09-21T11:41:36+00:00
Emerging Markets,3,EEM,iShares MSCI Emerging Markets ETF,iShares,Diversified Emerging Mkts,1049673600.0,31207041024.0,72.000003,,7.98678,1.02,-6.343439988822119,1.66,,37.348789700000005,8.0,0.07014,0.43031,,USD,2026-09-21T11:41:36+00:00
Emerging Markets,4,AVEM,Avantis Emerging Markets Equity ETF,Avantis Investors,Diversified Emerging Mkts,1568678400.0,28053696512.0,33.000002,,10.72823,1.03,-6.525835564812055,1.8599999999999999,,28.137799859999994,0.0,0.07802,0.55454,,USD,2026-09-21T11:41:36+00:00
Emerging Markets,5,EMXC,iShares MSCI Emerging Markets ex China ETF,iShares,Diversified Emerging Mkts,1500336000.0,24918462464.0,25.0,,12.66681,1.22,-7.356235997012705,1.96,,42.3643401,15.0,0.06668,0.35564,,USD,2026-09-21T11:41:36+00:00
Emerging Markets,6,SPEM,State Street SPDR Portfolio Emerging Markets ETF,State Street Investment Management,Diversified Emerging Mkts,1174262400.0,17831092224.0,6.999999999999999,,7.1156999999999995,0.84,-2.1292491595069074,2.4600001,,25.73520017,100.0,0.06254,0.47918,,USD,2026-09-21T11:41:36+00:00
Emerging Markets,7,SCHE,Schwab Emerging Markets Equity ETF,Schwab ETFs,Diversified Emerging Mkts,1263427200.0,13002555392.0,5.9999997,,6.60321,0.84,-2.125398512221033,2.5700000000000003,,29.537510169999997,7.000000000000001,0.05974,0.4579,,USD,2026-09-21T11:41:36+00:00
Emerging Markets,8,FNDE,Schwab Fundamental Emerging Markets Equity ETF,Schwab ETFs,Diversified Emerging Mkts,1376524800.0,10305781760.0,38.99999999999999,,10.702879999999999,0.75,-2.0611394163964847,3.52,,26.0478798,16.0,0.08304,0.82104,,USD,2026-09-21T11:41:36+00:00
Emerging Markets,9,DFAE,Dimensional Emerging Core Equity Market ETF,Dimensional Fund Advisors,Diversified Emerging Mkts,1606780800.0,10100025344.0,28.999999999999996,,9.895509500000001,1.1,-5.765992267735598,1.76,,30.315139860000002,6.0,0.06825,0.47057,,USD,2026-09-21T11:41:36+00:00
Emerging Markets,10,DFEM,Dimensional Emerging Markets Core Equity 2 ETF,Dimensional Fund Advisors,Diversified Emerging Mkts,1650931200.0,9624314880.0,38.99999999999999,,,1.07,-5.68475452196383,1.8399999999999999,,23.44272037,9.0,0.07103,0.5218,,USD,2026-09-21T11:41:36+00:00
Emerging Markets,11,ESGE,iShares ESG Aware MSCI EM ETF,iShares,Diversified Emerging Mkts,1467072000.0,6911307776.0,25.0,,7.9600599999999995,1.01,-4.7977587112589815,2.1,,38.110749999999996,35.0,0.07162,0.4613,,USD,2026-09-21T11:41:36+00:00
Emerging Markets,12,DEM,WisdomTree Emerging Markets High Dividend Fund,WisdomTree,Diversified Emerging Mkts,1184284800.0,4179168768.0,63.0,,11.1380994,0.69,-1.5392688472975369,4.03,,25.7170499,47.0,0.09496,0.7484,,USD,2026-09-21T11:41:36+00:00
Emerging Markets,13,EEMV,iShares MSCI Emerging Markets Min Vol Factor ETF,iShares,Diversified Emerging Mkts,1318896000.0,3660017920.0,25.0,,6.24611,0.73,-2.8685876728259396,2.1399999999999997,,14.8890897,32.0,0.06216,0.46696,,USD,2026-09-21T11:41:36+00:00
Emerging Markets,14,FRDM,Freedom 100 Emerging Markets ETF,"Life + Liberty Investments, LLC",Diversified Emerging Mkts,1558483200.0,3445719552.0,49.0,,18.784599,1.43,-8.58257477243174,1.6,,52.4763203,19.0,0.07241,0.36362,,USD,2026-09-21T11:41:36+00:00
Emerging Markets,15,CGNG,Capital Group New Geography Equity ETF,Capital Group,Diversified Emerging Mkts,1719273600.0,2997415168.0,64.0,,,0.0,-4.313725490196074,0.58999998,,29.291219700000003,63.0,0.05681,0.32449,,USD,2026-09-21T11:41:36+00:00
Emerging Markets,16,DFEV,Dimensional Emerging Markets Value ETF,Dimensional Fund Advisors,Diversified Emerging Mkts,1650931200.0,2159668480.0,43.0,,,1.06,-4.616753810212493,2.01,,17.69901,14.000000000000002,0.08558,0.75966,,USD,2026-09-21T11:41:36+00:00
Emerging Markets,17,XSOE,WisdomTree Emerging Markets ex-State-Owned Enterprises Fund,WisdomTree,Diversified Emerging Mkts,1418169600.0,2142529280.0,32.0,,6.10045,1.17,-7.746204748929553,1.5800001000000001,,35.266940999999996,17.0,0.06006,0.36726,,USD,2026-09-21T11:41:36+00:00
Emerging Markets,18,EMOP,AB Emerging Markets Opportunities ETF,AllianceBernstein,Diversified Emerging Mkts,818985600.0,2105563648.0,69.99999799999999,,8.45858,1.12,-5.829254829806807,1.5599999999999998,,46.9434496,16.0,0.07944,0.48335,,USD,2026-09-21T11:41:36+00:00
Emerging Markets,19,XCEM,Columbia EM Core ex-China ETF,Columbia Threadneedle,Diversified Emerging Mkts,1441065600.0,2083729792.0,16.0,,11.91916,1.32,-7.252390402309228,2.4300002000000003,,34.9220595,32.0,0.04984,0.34643,,USD,2026-09-21T11:41:36+00:00
Emerging Markets,20,PXH,Invesco RAFI Emerging Markets ETF,Invesco,Diversified Emerging Mkts,1190851200.0,2017857792.0,47.0,,10.6959105,0.7,-2.1087314662273537,4.1199997,,28.338340100000003,27.0,0.08729,0.83932,,USD,2026-09-21T11:41:36+00:00
Emerging Markets,21,EMGF,iShares Emerging Markets Equity Factor ETF,iShares,Diversified Emerging Mkts,1449532800.0,1929151232.0,26.0,,10.45054,1.02,-6.111256202663872,2.0,,31.23760063,20.0,0.07367,0.46549,,USD,2026-09-21T11:41:36+00:00
Emerging Markets,22,DGS,WisdomTree Emerging Markets SmallCap Dividend Fund,WisdomTree,Diversified Emerging Mkts,1193702400.0,1763734144.0,57.99999999999999,,7.40934,0.94,-4.379671150971609,3.74,,10.28633994,37.0,0.08375,0.7221,,USD,2026-09-21T11:41:36+00:00
Emerging Markets,23,JEMA,JPMorgan ActiveBuilders Emerging Markets Equity ETF,JPMorgan,Diversified Emerging Mkts,1615334400.0,1751984640.0,33.000002,,7.99032,1.03,-6.513347330533903,2.31,,39.736169600000004,42.0,0.06944,0.38796,,USD,2026-09-21T11:41:36+00:00
Emerging Markets,24,GEM,Goldman Sachs ActiveBeta Emerging Markets Equity ETF,Goldman Sachs,Diversified Emerging Mkts,1443139200.0,1750021504.0,34.999998999999995,,8.626021,1.1,-5.7469147172591555,1.87,,37.2216211,32.0,0.07293,0.46049,,USD,2026-09-21T11:41:36+00:00
Emerging Markets,25,AVES,Avantis Emerging Markets Value ETF,Avantis Investors,Diversified Emerging Mkts,1632873600.0,1543647232.0,36.000001999999995,,,0.97,-5.603822762814947,2.42,,10.859530000000001,12.0,0.09068,0.7848,,USD,2026-09-21T11:41:36+00:00
Emerging Markets,26,DVYE,iShares Emerging Markets Dividend ETF,iShares,Diversified Emerging Mkts,1329955200.0,1257836800.0,49.0,,6.5372,0.47,-4.692645444566413,4.66,,27.971599799999996,55.00000000000001,0.11619,0.95102,,USD,2026-09-21T11:41:36+00:00
Emerging Markets,27,EDIV,State Street SPDR S&P Emerging Markets Dividend ETF,State Street Investment Management,Diversified Emerging Mkts,1298419200.0,1228336256.0,49.0,,11.4301,0.67,-4.368820418487007,4.16,,23.005229900000003,90.0,0.09836,0.70123,,USD,2026-09-21T11:41:36+00:00
Emerging Markets,28,JHEM,John Hancock Multifactor Emerging Markets ETF,John Hancock,Diversified Emerging Mkts,1538006400.0,1039720576.0,49.0,,8.82268,1.1,-4.921963946869068,1.7500000000000002,,24.86196,23.0,0.0725,0.50572,,USD,2026-09-21T11:41:36+00:00
Emerging Markets,29,EMCS,Xtrackers MSCI Emerging Markets Select ETF,Xtrackers,Diversified Emerging Mkts,1543881600.0,1027915712.0,15.0,,9.435990499999999,1.16,-5.650353892821036,1.47,,52.747631,171.0,0.07505,0.44756,,USD,2026-09-21T11:41:36+00:00
Emerging Markets,30,EYLD,Cambria Emerging Shareholder Yield ETF,Cambria,Diversified Emerging Mkts,1468368000.0,928622976.0,63.0,,11.804359999999999,0.94,-3.574569694557761,4.6899999999999995,,17.334580099999997,30.0,0.09766,0.75753,,USD,2026-09-21T11:41:36+00:00
Emerging Markets,31,BBEM,JPMorgan Betabuilders Emerging Markets Equity ETF,JPMorgan,Diversified Emerging Mkts,1683676800.0,882807936.0,15.0,,,1.0,-6.599903241412674,2.7199999999999998,,35.7016501,40.0,0.07037,0.44628,,USD,2026-09-21T11:41:36+00:00
Emerging Markets,32,FEM,First Trust Emerging Markets AlphaDEX Fund,First Trust,Diversified Emerging Mkts,1303084800.0,812464064.0,80.0,,8.0426104,0.78,-7.722549845548999,2.16,,16.46476,111.00000000000001,0.0856,0.73563,,USD,2026-09-21T11:41:36+00:00
Emerging Markets,33,EWX,State Street SPDR S&P Emerging Markets Small Cap ETF,State Street Investment Management,Diversified Emerging Mkts,1210550400.0,693609920.0,64.999997,,6.84809,0.83,-5.377888004177011,2.5,,4.26015996,25.0,0.06341,0.59101,,USD,2026-09-21T11:41:36+00:00
Emerging Markets,34,SEEM,SEI Select Emerging Markets Equity ETF,SEI Investments Co,Diversified Emerging Mkts,1728345600.0,669820544.0,60.0,,,0.0,-6.780808805934435,2.6099999,,35.271220050000004,90.0,0.08618,0.49909,,USD,2026-09-21T11:41:36+00:00
Emerging Markets,35,DFSE,Dimensional Emerging Markets Sustainability Core 1 ETF,Dimensional Fund Advisors,Diversified Emerging Mkts,1667260800.0,644241408.0,41.0,,,1.09,-4.316406250000004,1.8599999999999999,,23.581949869999995,13.0,0.06911,0.47898,,USD,2026-09-21T11:41:36+00:00
Emerging Markets,36,EMEQ,Nomura Focused Emerging Markets Equity ETF,Nomura,Diversified Emerging Mkts,1725408000.0,624844992.0,85.00000000000001,,,0.0,-17.395375428789215,1.71,,63.83357989999999,36.0,0.0948,0.50612,,USD,2026-09-21T11:41:36+00:00
Emerging Markets,37,FDEM,Fidelity Emerging Markets Multifactor ETF,Fidelity Investments,Diversified Emerging Mkts,1551139200.0,600861312.0,25.0,,10.5141,0.99,-6.566447437102008,2.94,,33.90312975,76.0,0.08571,0.54497,,USD,2026-09-21T11:41:36+00:00
Emerging Markets,38,GEME,Pacific NoS Global EM Equity Active ETF,Pacific Capital Partners Limited,Diversified Emerging Mkts,1737504000.0,470199584.0,75.0,,,0.0,-10.321809088932376,3.8,,45.22065979999999,80.0,0.08654,0.4882,,USD,2026-09-21T11:41:36+00:00
Emerging Markets,39,AVXC,Avantis Emerging Markets Ex-China Equity ETF,Avantis Investors,Diversified Emerging Mkts,1710806400.0,454474176.0,33.000002,,,0.0,-7.055762081784378,1.63,,27.06075005,100.0,0.07464,0.50566,,USD,2026-09-21T11:41:36+00:00
Emerging Markets,40,DEHP,Dimensional Emerging Markets High Profitability ETF,Dimensional Fund Advisors,Diversified Emerging Mkts,1650931200.0,452939136.0,41.0,,,1.17,-7.733215156215378,1.35,,36.3468592,14.000000000000002,0.06821,0.28248,,USD,2026-09-21T11:41:36+00:00
Emerging Markets,41,EELV,Invesco S&P Emerging Markets Low Volatility ETF,Invesco,Diversified Emerging Mkts,1326412800.0,430513120.0,28.999999999999996,,7.46758,0.58,-3.670337003670332,3.8,,8.2846001,68.0,0.10369,0.80966,,USD,2026-09-21T11:41:36+00:00
Emerging Markets,42,NUEM,Nuveen ESG Emerging Markets Equity ETF,Nuveen,Diversified Emerging Mkts,1496707200.0,421261440.0,36.000001999999995,,7.09727,1.04,-3.9206466492017755,2.96,,39.580860200000004,57.99999999999999,0.07056,0.43079,,USD,2026-09-21T11:41:36+00:00
Emerging Markets,43,JPEM,JPMorgan Diversified Return Emerging Markets Equity ETF,JPMorgan,Diversified Emerging Mkts,1420588800.0,398731648.0,44.0,,6.943770000000001,0.62,-2.846290537538876,4.17,,11.4103599,30.0,0.08348,0.66305,,USD,2026-09-21T11:41:36+00:00
Emerging Markets,44,EEMS,iShares MSCI Emerging Markets Small-Cap ETF,iShares,Diversified Emerging Mkts,1313452800.0,376071552.0,72.000003,,6.89342,0.94,-4.837739174219524,2.79,,5.08971991,28.999999999999996,0.06643,0.62758,,USD,2026-09-21T11:41:36+00:00
Emerging Markets,45,AGEM,abrdn Emerging Markets Dividend Active ETF,abrdn Funds,Diversified Emerging Mkts,942796800.0,372120512.0,69.99999799999999,,8.93694,1.2,-4.49300970873786,1.87,,45.703198300000004,83.0,0.06539,0.34841,,USD,2026-09-21T11:41:36+00:00
Emerging Markets,46,TLTE,Northern Trust Morningstar Emerging Markets Factor Tilt ETF,Northern Trust,Diversified Emerging Mkts,1348531200.0,356897824.0,57.00000000000001,,8.42111,1.06,-5.205506635247426,3.2099999999999995,,22.285600440000003,30.0,0.0877,0.70477,,USD,2026-09-21T11:41:36+00:00
Emerging Markets,47,ECON,Columbia Research Enhanced Emerging Economies ETF,Columbia Threadneedle,Diversified Emerging Mkts,1284422400.0,315185152.0,47.0,,8.268601,1.13,-6.962807752750133,1.3599999999999999,,28.729079949999996,39.0,0.06704,0.47264,,USD,2026-09-21T11:41:36+00:00
Emerging Markets,48,DEXC,Dimensional Emerging Markets ex China Core Equity ETF,Dimensional Fund Advisors,Diversified Emerging Mkts,1731456000.0,307778592.0,43.0,,,0.0,-7.5403253721010755,1.54,,31.36430013,5.0,0.06821,0.43141,,USD,2026-09-21T11:41:36+00:00
Emerging Markets,49,HEEM,iShares Currency Hedged MSCI Emerging Markets ETF,iShares,Diversified Emerging Mkts,1411430400.0,289144576.0,72.000003,,10.046330000000001,0.81,-8.828565282856538,1.72,,99.928546,7.000000000000001,0.07003,0.43223,,USD,2026-09-21T11:41:36+00:00
Emerging Markets,50,VEXC,Vanguard Emerging Markets Ex-China ETF,Vanguard,Diversified Emerging Mkts,1759190400.0,269360000.0,6.999999999999999,,,0.0,-2.5005567365118053,0.0,,33.558050099999996,0.0,0.05607,0.34971,,USD,2026-09-21T11:41:36+00:00
Emerging Markets,51,EMQQ,EMQQ The Emerging Markets Internet ETF,EMQQ,Diversified Emerging Mkts,1415750400.0,259088416.0,86.0,,-8.28963,0.72,-32.6295585412668,3.6799999999999997,,60.1392391,25.0,0.05517,0.40564,,USD,2026-09-21T11:41:36+00:00
Emerging Markets,52,UEVM,VictoryShares Emerging Markets Value Momentum ETF,Victory Capital Management Inc.,Diversified Emerging Mkts,1508803200.0,255092832.0,44.99999999999999,,8.254409599999999,0.68,-4.023409043078474,2.6300002,,11.648399999999999,101.0,0.09394,0.9924,,USD,2026-09-21T11:41:36+00:00
Emerging Markets,53,PIE,Invesco Dorsey Wright Emerging Markets Momentum ETF,Invesco,Diversified Emerging Mkts,1198800000.0,252333904.0,89.99999999999999,,8.696900000000001,1.1,-3.2493602502132513,1.6900001000000002,,24.7242997,2.04,0.05082,0.33351,,USD,2026-09-21T11:41:36+00:00
Emerging Markets,54,FEMS,First Trust Emerging Markets Small Cap AlphaDEX Fund,First Trust,Diversified Emerging Mkts,1329264000.0,245606752.0,80.0,,5.1614597,0.63,-8.910891089108919,4.0900003,,15.5918204,113.99999999999999,0.12609,1.01552,,USD,2026-09-21T11:41:36+00:00
Emerging Markets,55,ECOW,Pacer Emerging Markets Cash Cows 100 ETF,Pacer,Diversified Emerging Mkts,1556755200.0,224537008.0,69.99999799999999,,7.2358996,0.74,-9.496782932610904,4.4299997,,21.775269899999998,80.0,0.10601,0.63364,,USD,2026-09-21T11:41:36+00:00
Emerging Markets,56,AVSE,Avantis Responsible Emerging Markets Equity ETF,Avantis Investors,Diversified Emerging Mkts,1648425600.0,221629088.0,33.000002,,,1.06,-6.870768324992637,2.0499999,,29.010690059999998,200.0,0.07746,0.53037,,USD,2026-09-21T11:41:36+00:00
Emerging Markets,57,FEMR,Fidelity Enhanced Emerging Markets ETF,Fidelity Investments,Diversified Emerging Mkts,1731974400.0,189423952.0,38.0,,,0.0,-7.008781805899556,1.5,,36.046280200000005,130.0,0.07367,0.43302,,USD,2026-09-21T11:41:36+00:00
Emerging Markets,58,EEMX,State Street SPDR MSCI Emerging Markets Fossil Fuel Reserves Free ETF,State Street Investment Management,Diversified Emerging Mkts,1477267200.0,186495680.0,30.0,,9.16955,1.16,-5.666016317843214,1.7999999999999998,,37.640639799999995,22.0,0.0688,0.42048,,USD,2026-09-21T11:41:36+00:00
Emerging Markets,59,EMMF,WisdomTree Emerging Markets Multifactor Fund,WisdomTree,Diversified Emerging Mkts,1533859200.0,183513632.0,47.999998000000005,,10.69619,0.9,-6.591796875000011,1.9299999,,30.174509399999998,100.0,0.06751,0.38616,,USD,2026-09-21T11:41:36+00:00
Emerging Markets,60,EMKT,Lazard Emerging Markets Opportunities ETF,Lazard,Diversified Emerging Mkts,1383177600.0,180778256.0,74.0,,7.49888,1.08,-6.085637019230772,0.44,,42.560499400000005,71.0,0.05428,0.35364,,USD,2026-09-21T11:41:36+00:00
Emerging Markets,61,EMXF,iShares ESG Advanced MSCI EM ETF,iShares,Diversified Emerging Mkts,1601942400.0,165820240.0,16.0,,8.26905,0.94,-3.980013324450371,2.6800001,,27.112180100000003,21.0,0.0756,0.50781,,USD,2026-09-21T11:41:36+00:00
Emerging Markets,62,MFEM,PIMCO RAFI Dynamic Multi-Factor Emerging Markets Equity ETF,PIMCO,Diversified Emerging Mkts,1504137600.0,159179200.0,49.0,,8.6788505,1.07,-6.867647058823534,2.18,,16.430619699999998,40.0,0.08004,0.78794,,USD,2026-09-21T11:41:36+00:00
Emerging Markets,63,DGRE,WisdomTree Emerging Markets Quality Dividend Growth Fund,WisdomTree,Diversified Emerging Mkts,1375315200.0,150302608.0,32.0,,9.82041,1.17,-5.6082331174838185,1.27,,43.14865005,22.0,0.06608,0.3317,,USD,2026-09-21T11:41:36+00:00
Emerging Markets,64,EFFE,Harbor Osmosis Emerging Markets Resource Efficient ETF,Harbor Capital Advisors Inc,Diversified Emerging Mkts,1734480000.0,147874512.0,69.0,,,0.0,-6.788685524126448,2.41,,35.2892204,123.0,0.06467,0.47515,,USD,2026-09-21T11:41:36+00:00
Emerging Markets,65,STXE,Strive Emerging Markets Ex-China ETF,Strive AM,Diversified Emerging Mkts,1675036800.0,145583104.0,32.0,,,1.35,-8.88030330384545,1.78,,49.21455995,18.0,0.06747,0.34683,,USD,2026-09-21T11:41:36+00:00
Emerging Markets,66,GSEE,Goldman Sachs MarketBeta Emerging Markets Equity ETF,Goldman Sachs,Diversified Emerging Mkts,1589241600.0,138688384.0,36.000001999999995,,8.2776,1.12,-6.755303337386842,2.0499999,,35.00582000000001,8.0,0.06982,0.45249,,USD,2026-09-21T11:41:36+00:00
Emerging Markets,67,KEMX,KraneShares MSCI Emerging Markets ex China Index ETF,KraneShares,Diversified Emerging Mkts,1555027200.0,133677152.0,23.999999000000003,,13.77538,1.36,-6.5535015025953935,2.3699999,,36.8072199,27.0,0.07111,0.43487,,USD,2026-09-21T11:41:36+00:00
Emerging Markets,68,OAEM,OneAscent Emerging Markets ETF,OneAscent Investment ETF,Diversified Emerging Mkts,1663113600.0,131392032.0,125.0,,,1.25,-5.833526234567909,0.58,,47.36331009999999,42.0,0.09333,0.39493,,USD,2026-09-21T11:41:36+00:00
Emerging Markets,69,FTHF,First Trust Emerging Markets Human Flourishing ETF,First Trust,Diversified Emerging Mkts,1698624000.0,127234368.0,75.0,,,0.0,-7.096568535533465,2.01,,53.0679486,38.0,0.08848,0.36093,,USD,2026-09-21T11:41:36+00:00
Emerging Markets,70,AVEE,Avantis Emerging Markets Small Cap Equity ETF,Avantis Investors,Diversified Emerging Mkts,1699315200.0,125210384.0,42.0,,,0.0,-6.122446181269714,2.21,,4.598390030000001,3.0,0.07734,0.78687,,USD,2026-09-21T11:41:36+00:00
Emerging Markets,71,REMG,Russell Investments Emerging Markets Equity ETF,Russell Investment Management Limited,Diversified Emerging Mkts,1748476800.0,123173344.0,64.0,,,0.0,-5.547570772271138,1.0999999999999999,,33.6085898,15.0,0.06214,0.43626,,USD,2026-09-21T11:41:36+00:00
Emerging Markets,72,ROAM,Hartford Multifactor Emerging Markets ETF,Hartford Mutual Funds,Diversified Emerging Mkts,1424822400.0,111397560.0,44.0,,12.216739,1.01,-5.490995762711859,2.31,,14.4659701,32.0,0.06312,0.46857,,USD,2026-09-21T11:41:36+00:00
Emerging Markets,73,DBEM,Xtrackers MSCI Emerging Markets Hedged Equity ETF,Xtrackers,Diversified Emerging Mkts,1307577600.0,109133096.0,66.000004,,9.92372,0.91,-13.401585204755618,2.1300000999999997,,34.7214411,12.0,0.06964,0.43076,,USD,2026-09-21T11:41:36+00:00
Emerging Markets,74,DIEM,Franklin Emerging Market Core Dividend Tilt Index ETF,Franklin Templeton Investments,Diversified Emerging Mkts,1464739200.0,94386664.0,19.0,,12.24958,1.04,-7.524903392013737,2.87,,34.16765984999999,61.0,0.08438,0.51474,,USD,2026-09-21T11:41:36+00:00
Emerging Markets,75,BKEM,BNY Mellon Emerging Markets Equity ETF,BNY Mellon,Diversified Emerging Mkts,1587513600.0,92288688.0,11.0,,8.08745,1.12,-8.991442569780883,1.8599999999999999,,34.85198022,56.39999999999999,0.06975,0.44831,,USD,2026-09-21T11:41:36+00:00
Emerging Markets,76,AFEM,First Trust Active Factor Emerging Markets Fund,First Trust,Diversified Emerging Mkts,1465862400.0,83747496.0,85.00000000000001,,11.64855,0.89,-1.7019384492406031,2.5100000000000002,,38.322800099999995,4.0,0.06815,0.47398,,USD,2026-09-21T11:41:36+00:00
Emerging Markets,77,XC,WisdomTree True Emerging Markets Fund,WisdomTree,Diversified Emerging Mkts,1663632000.0,81010616.0,32.0,,,0.79,-11.49286192281953,1.83,,19.437230049999997,99.0,0.06122,0.40224,,USD,2026-09-21T11:41:36+00:00
Emerging Markets,78,BKF,iShares MSCI BIC ETF,iShares,Diversified Emerging Mkts,1194825600.0,75443224.0,72.000003,,-2.1080501000000003,0.5,-14.341336794289417,1.5599999999999998,,26.6447702,13.0,0.07243,0.57019,,USD,2026-09-21T11:41:36+00:00
Emerging Markets,79,RWEM,Rayliant NxtGen Multifactor Emerging Markets Equity ETF,,,,,,,,,-11.732508329366965,0.0,,,,11.649857,,,USD,2026-09-21T11:41:36+00:00
Emerging Markets,80,FFEM,Fidelity Fundamental Emerging M,Fidelity Investments,Diversified Emerging Mkts,1731974400.0,63610668.0,60.0,,,0.0,-7.811266988163079,1.23000005,,46.83969990000001,52.0,0.06677,0.34021,,USD,2026-09-21T11:41:36+00:00
Emerging Markets,81,EMCR,Xtrackers Emerging Markets Carbon Reduction and Climate Improvers ETF,Xtrackers,Diversified Emerging Mkts,1543881600.0,61571284.0,15.0,,8.38338,1.1,-6.185217203371529,1.46,,29.7835699,17.0,0.06692,0.44699,,USD,2026-09-21T11:41:36+00:00
Emerging Markets,82,QEMM,State Street SPDR MSCI Emerging Markets StrategicFactors ETF,State Street Investment Management,Diversified Emerging Mkts,1401840000.0,61496948.0,30.0,,8.09558,0.95,-2.35764932099507,4.3,,20.3125599,19.0,0.06662,0.47707,,USD,2026-09-21T11:41:36+00:00
Emerging Markets,83,EMEM,Sophus Capital Emerging Market ETF,Sophus Capital,Diversified Emerging Mkts,1779148800.0,59923972.0,64.999997,,,0.0,-11.072923935799029,0.0,,40.51028005,0.0,0.07618,0.40901,,USD,2026-09-21T11:41:36+00:00
Emerging Markets,84,EMC,Global X Emerging Markets Great Consumer ETF,Global X Funds,Diversified Emerging Mkts,1285286400.0,57897036.0,64.999997,,0.07049,1.04,-5.308651399491082,0.5599999999999999,,45.5309307,84.599996,0.06373,0.36135,,USD,2026-09-21T11:41:36+00:00
Emerging Markets,85,EMM,Global X Emerging Markets ex-China ETF,Global X Funds,Diversified Emerging Mkts,1285286400.0,57800172.0,66.000004,,6.63329,1.19,-6.731804795961294,0.73,,64.8133799,95.28999999999999,0.05999,0.35065,,USD,2026-09-21T11:41:36+00:00
Emerging Markets,86,MEM,Matthews Emerging Markets Equity Active ETF,Matthews Asia Funds,Diversified Emerging Mkts,1657670400.0,54784584.0,79.00001,,,1.2,-8.250578581948243,2.8900001,,44.476181,118.38,0.074,0.40885,,USD,2026-09-21T11:41:36+00:00
Emerging Markets,87,MEMX,Matthews Emerging Markets Ex China Active ETF,Matthews Asia Funds,Diversified Emerging Mkts,1673308800.0,54457960.0,79.00001,,,1.22,-6.9132375776397526,1.5800001000000001,,38.513370599999995,102.24,0.06631,0.34345,,USD,2026-09-21T11:41:36+00:00
Emerging Markets,88,SDEM,Global X MSCI SuperDividend Emerging Markets ETF,Global X Funds,Diversified Emerging Mkts,1426464000.0,51643368.0,66.000004,,6.51645,0.52,-2.7538372429771307,4.78,,24.9310302,69.54,0.10601,0.79758,,USD,2026-09-21T11:41:36+00:00
Emerging Markets,89,BCEM,Baron Emerging Markets Select ETF,"Baron Capital Group, Inc.",Diversified Emerging Mkts,1775606400.0,49328540.0,80.0,,,0.0,-6.947916666666676,0.0,,37.39224109999999,0.0,0.04814,0.25959,,USD,2026-09-21T11:41:36+00:00
Emerging Markets,90,EMSC,Sophus Capital Emerging Market Small Cap ETF,Sophus Capital,Diversified Emerging Mkts,1779235200.0,48825440.0,85.00000000000001,,,0.0,-9.60204454180358,,,19.86009,0.0,0.07199,0.52732,,USD,2026-09-21T11:41:36+00:00
Emerging Markets,91,EMSF,Matthews Emerging Markets Sustainable Future Active ETF,Matthews Asia Funds,Diversified Emerging Mkts,1695254400.0,45308504.0,79.00001,,,0.0,-19.23766909469302,4.8699997,,45.0614901,65.470004,0.05695,0.30556,,USD,2026-09-21T11:41:36+00:00
Emerging Markets,92,NSI,National Security Emerging Markets Index ETF,National security index,Diversified Emerging Mkts,1701820800.0,41819824.0,75.0,,,0.0,-4.528936405159845,1.21,,44.66031949999999,37.0,0.07254,0.53279,,USD,2026-09-21T11:41:36+00:00
Emerging Markets,93,EMDM,First Trust Bloomberg Emerging Market Democracies ETF,First Trust,Diversified Emerging Mkts,1677715200.0,40159096.0,75.0,,,1.25,-5.831001554519211,2.79,,46.1964905,24.0,0.07567,0.38043,,USD,2026-09-21T11:41:36+00:00
Emerging Markets,94,WCME,First Trust WCM Developing World Equity ETF,First Trust,Diversified Emerging Mkts,1585612800.0,36592252.0,95.0,,6.90351,1.07,-6.319862000985699,0.34999999,,47.99919979999999,62.0,0.07083,0.38889,,USD,2026-09-21T11:41:36+00:00
Emerging Markets,95,FDNI,First Trust Dow Jones International Internet ETF,First Trust,Diversified Emerging Mkts,1541376000.0,36508688.0,64.999997,,-8.64279,0.83,-35.1523642732049,1.35,,64.2308797,45.0,0.05418,0.39848,,USD,2026-09-21T11:41:36+00:00
Emerging Markets,96,LDEM,iShares ESG MSCI EM Leaders ETF,iShares,Diversified Emerging Mkts,1580860800.0,33883612.0,16.0,,2.94522,0.78,-5.423142283330762,2.87,,30.1554196,18.0,0.07539,0.54237,,USD,2026-09-21T11:41:36+00:00
Emerging Markets,97,PEMX,Putnam Emerging Markets Ex-China ETF,Franklin Templeton Investments,Diversified Emerging Mkts,1684281600.0,32191940.0,69.99999799999999,,,1.24,-9.994852941176479,1.1199999999999999,,54.09378029999999,78.0,0.06522,0.28544,,USD,2026-09-21T11:41:36+00:00
Emerging Markets,98,JADE,JPMorgan Active Developing Markets Equity ETF,JPMorgan,Diversified Emerging Mkts,1715817600.0,31750204.0,64.999997,,,0.0,-3.895951661631425,1.8099998999999998,,37.0447297,30.0,0.06786,0.34382,,USD,2026-09-21T11:41:36+00:00
Emerging Markets,99,EDOG,ALPS Emerging Sector Dividend Dogs ETF,ALPS,Diversified Emerging Mkts,1395878400.0,30140604.0,60.0,,5.29532,0.57,-10.67746686303387,4.8,,29.083030100000002,74.0,0.13355,0.71666,,USD,2026-09-21T11:41:36+00:00
Emerging Markets,100,BREE,MFS Blended Research Emerging Markets Equity ETF,MFS,Diversified Emerging Mkts,1772668800.0,26579680.0,44.0,,,0.0,-4.602797202797204,0.0,,39.7410204,0.0,0.07609,0.50715,,USD,2026-09-21T11:41:36+00:00
Emerging Markets,101,KEMQ,KraneShares Public-Private Emerging Markets Internet and Technology ETF,KraneShares,Diversified Emerging Mkts,1507680000.0,26110782.0,49.0,,-1.33542,1.25,-10.70108886547242,4.97,,36.03416969999999,72.0,0.05779,0.37721,,USD,2026-09-21T11:41:36+00:00
Emerging Markets,102,EEMO,Invesco S&P Emerging Markets Momentum ETF,Invesco,Diversified Emerging Mkts,1330041600.0,25659642.0,28.999999999999996,,7.26431,1.22,-14.805502483760035,1.77,,42.42349000000001,128.0,0.09066,0.42667,,USD,2026-09-21T11:41:36+00:00
Emerging Markets,103,TEMR,T. Rowe Price Emerging Markets Equity Research ETF,,,,,,,,,-5.687252311756941,0.0,,,,17.511938,,,USD,2026-09-21T11:41:36+00:00
Emerging Markets,104,MEMS,Matthews Emerging Markets Discovery Active ETF,Matthews Asia Funds,Diversified Emerging Mkts,1704844800.0,22290288.0,89.0,,,0.0,-6.826040227237828,2.31,,23.9228502,42.430001,0.05314,0.35426,,USD,2026-09-21T11:41:36+00:00
Emerging Markets,105,FMQQ,FMQQ The Next Frontier Internet ETF,FMQQ,Diversified Emerging Mkts,1632700800.0,21780738.0,86.0,,,0.82,-21.645988420181972,0.64999997,,58.678751,21.0,0.04181,0.30259,,USD,2026-09-21T11:41:36+00:00
Emerging Markets,106,RISE,Pictet Emerging Markets Rising Economies ETF,,,,,,,,,-4.231943031536122,0.0,,,,10.621785,,,USD,2026-09-21T11:41:36+00:00
Emerging Markets,107,EVLU,iShares MSCI Emerging Markets Value Factor ETF,iShares,Diversified Emerging Mkts,1725408000.0,17704648.0,34.999998999999995,,,0.0,-4.980668637707519,3.6700000000000004,,31.716850200000003,41.0,0.09484,0.709,,USD,2026-09-21T11:41:36+00:00
Emerging Markets,108,RNEM,First Trust Emerging Markets Equity Select ETF,First Trust,Diversified Emerging Mkts,1497916800.0,17187612.0,75.0,,5.17633,0.56,-4.351952277657278,2.2800000000000002,,26.7494899,64.0,0.07713,0.6607,,USD,2026-09-21T11:41:36+00:00
Emerging Markets,109,EMIF,iShares Emerging Markets Infrastructure ETF,iShares,Diversified Emerging Mkts,1245110400.0,13029413.0,60.0,,5.0050102,0.71,-14.314063007469958,4.25,,60.85131979999999,28.000000000000004,0.09415,0.78787,,USD,2026-09-21T11:41:36+00:00
Emerging Markets,110,EQLT,iShares MSCI Emerging Markets Quality Factor ETF,iShares,Diversified Emerging Mkts,1725408000.0,12554017.0,34.999998999999995,,,0.0,-5.138909268769876,1.54,,33.6306803,41.0,0.06521,0.34871,,USD,2026-09-21T11:41:36+00:00
Emerging Markets,111,MEMA,Man Active Emerging Markets Alternative ETF,Man Group PLC,Diversified Emerging Mkts,1765843200.0,12526427.0,85.00000000000001,,,0.0,-5.956796659909836,0.0,,28.7861096,0.0,0.07572,0.49388,,USD,2026-09-21T11:41:36+00:00
Emerging Markets,112,EMES,Harbor Emerging Markets Select ETF,Harbor Capital Advisors Inc,Diversified Emerging Mkts,1747180800.0,11985885.0,64.999997,,,0.0,-5.356182795698928,0.43,,48.276369800000005,40.0,0.04335,0.2162,,USD,2026-09-21T11:41:36+00:00
Emerging Markets,113,BGEG,Baillie Gifford Emerging Markets ETF,Baillie Gifford Funds,Diversified Emerging Mkts,1780444800.0,11149174.0,79.00001,,,0.0,-7.691426313709993,,,47.333189600000004,0.0,0.07064,0.33034,,USD,2026-09-21T11:41:36+00:00
Emerging Markets,114,XCNY,State Street SPDR S&P Emerging Markets ex-China ETF,State Street Investment Management,Diversified Emerging Mkts,1725408000.0,10079702.0,19.0,,,0.0,-1.883512025499856,2.22,,29.790749000000005,100.0,0.05695,0.38385,,USD,2026-09-21T11:41:36+00:00
Emerging Markets,115,EMDV,ProShares MSCI Emerging Markets Dividend Growers ETF,ProShares,Diversified Emerging Mkts,1453680000.0,7413692.0,60.0,,-2.21462,0.56,-4.468294684998975,1.8800000000000001,,22.5359196,56.00000000000001,0.07244,0.76049,,USD,2026-09-21T11:41:36+00:00
Emerging Markets,116,VEM,Virtus Emerging Markets Dividend ETF,,,,,,,,,-2.8291008922443406,0.0,,,,11.343901,,,USD,2026-09-21T11:41:36+00:00
Emerging Markets,117,AMEM,Amana Developing World ETF,Amana,Diversified Emerging Mkts,1782172800.0,4267196.0,91.0,,,0.0,-53.68716981132076,,,50.507950300000005,0.0,0.04919,0.24018,,USD,2026-09-21T11:41:36+00:00
Emerging Markets,118,GEMQ,Goldman Sachs Data Enhanced Emerging Markets Equity ETF,Goldman Sachs,Diversified Emerging Mkts,1788912000.0,,40.0,,,,0.0,,,,0.0,0.0,0.0,,USD,2026-09-21T11:41:36+00:00
Emerging Markets,119,VEEM,VanEck MSCI EM Analyst Sentiment ETF,VanEck,Diversified Emerging Mkts,1788912000.0,,30.0,,,,-0.9718988358089153,,,,0.0,0.0,0.0,,USD,2026-09-21T11:41:36+00:00
Energy,1,XLE,State Street Energy Select Sector SPDR ETF,State Street Investment Management,Equity Energy,913766400.0,41438105600.0,8.0,,25.59522,-0.07,-2.8109415142813954,2.3699999,,73.23584100000001,10.0,0.05636,0.38734,,USD,2026-09-21T11:41:36+00:00
Energy,2,AMLP,Alerian MLP ETF,ALPS,Energy Limited Partnership,1282694400.0,13442306048.0,101.0,,20.357049999999997,0.27,-2.569555201134155,7.33,,100.9441673,14.000000000000002,0.06512,0.36553,,USD,2026-09-21T11:41:36+00:00
Energy,3,VDE,Vanguard Energy Index Fund ETF Shares,Vanguard,Equity Energy,1095897600.0,13265611776.0,9.000000400000001,,25.251052,-0.05,-3.178864844547058,2.2399999999999998,,65.4794397,11.0,0.05696,0.40362,,USD,2026-09-21T11:41:36+00:00
Energy,4,URA,Global X Uranium ETF,Global X Funds,Natural Resources,1288828800.0,6418248704.0,69.0,,14.74981,1.57,-33.124598587026334,4.5700002,,55.8812085,14.510000000000002,0.03489,0.33878,,USD,2026-09-21T11:41:36+00:00
Energy,5,XOP,State Street SPDR S&P Oil & Gas Exploration & Production ETF,State Street Investment Management,Equity Energy,1150675200.0,3986409216.0,34.999998999999995,,19.555070999999998,-0.17,-5.1172283339140705,1.72,,30.3684403,33.0,0.09153,0.57077,,USD,2026-09-21T11:41:36+00:00
Energy,6,MLPX,Global X MLP & Energy Infrastructure ETF,Global X Funds,Energy Limited Partnership,1375747200.0,3679037952.0,44.99999999999999,,22.38225,0.25,-5.474732006125582,4.03,,66.3702988,15.459999999999999,0.04901,0.29268,,USD,2026-09-21T11:41:36+00:00
Energy,7,IXC,iShares Global Energy ETF,iShares,Equity Energy,1005523200.0,2844199680.0,37.0,,23.516269,-0.12,-2.9324546952224084,2.7,,57.8613688,3.0,0.06507,0.4645,,USD,2026-09-21T11:41:36+00:00
Energy,8,MLPA,Global X MLP ETF,Global X Funds,Energy Limited Partnership,1334707200.0,2387045120.0,77.0,,19.206671,0.25,-2.6034482758620636,7.04,,90.7419019,18.709999999999997,0.06572,0.34308,,USD,2026-09-21T11:41:36+00:00
Energy,9,URNM,Sprott Uranium Miners ETF,Sprott,Natural Resources,1575331200.0,2204943104.0,75.0,,6.45095,1.1,-40.76515597410242,3.06,,77.9326496,35.0,0.04054,0.32145,,USD,2026-09-21T11:41:36+00:00
Energy,10,FENY,Fidelity MSCI Energy Index ETF,Fidelity Investments,Equity Energy,1382313600.0,2140013952.0,8.4,,25.357148000000002,-0.05,-3.579234972677603,2.19,,65.25455960000001,7.000000000000001,0.0571,0.403,,USD,2026-09-21T11:41:36+00:00
Energy,11,OIH,VanEck Oil Services ETF,VanEck,Equity Energy,1324339200.0,2016612480.0,34.999998999999995,,18.20975,0.69,-13.188033443650927,1.13,,70.6213193,21.0,0.04997,0.47847,,USD,2026-09-21T11:41:36+00:00
Energy,12,IYE,iShares U.S. Energy ETF,iShares,Equity Energy,960768000.0,1854785024.0,37.0,,24.108101,-0.04,-3.4813753581661833,1.9800000000000002,,70.47914039999999,8.0,0.05559,0.38526,,USD,2026-09-21T11:41:36+00:00
Energy,13,MLPI,Neos Mlp & Energy Infrastructure High Income ETF,Neos Funds,Energy Limited Partnership,1765929600.0,919337472.0,68.0,,,0.0,-9.680177868992645,0.0,,62.7772207,0.0,0.05276,0.30242,,USD,2026-09-21T11:41:36+00:00
Energy,14,TPYP,Tortoise North American Pipeline Fund,"Tortoise Capital Advisors, LLC",Energy Limited Partnership,1435536000.0,894481472.0,40.0,,19.528571,0.25,-4.882418812989919,3.15,,63.07978950000002,6.0,0.04831,0.33248,,USD,2026-09-21T11:41:36+00:00
Energy,15,IGE,iShares North American Natural Resources ETF,iShares,Natural Resources,1003708800.0,763613376.0,37.0,,21.20145,0.28,-3.9803950690628143,1.7999999999999998,,41.670820000000006,7.000000000000001,0.05595,0.36997,,USD,2026-09-21T11:41:36+00:00
Energy,16,FCG,First Trust Natural Gas ETF,First Trust,Equity Energy,1178582400.0,676024128.0,58.999998,,18.30197,-0.16,-7.841356342718742,2.0399998999999998,,41.807829600000005,31.0,0.08924,0.64852,,USD,2026-09-21T11:41:36+00:00
Energy,17,RSPG,Invesco S&P 500 Equal Weight Energy ETF,Invesco,Equity Energy,1162339200.0,624382976.0,40.0,,25.63265,0.03,-3.597122302158273,1.82,,49.1322501,21.0,0.06057,0.38834,,USD,2026-09-21T11:41:36+00:00
Energy,18,IEO,iShares U.S. Oil & Gas Exploration & Production ETF,iShares,Equity Energy,1146441600.0,622159808.0,37.0,,25.14976,-0.17,-3.779549202858712,1.7000000000000002,,71.18313040000001,24.0,0.07613,0.46166,,USD,2026-09-21T11:41:36+00:00
Energy,19,TNGY,Tortoise Energy Fund,"Tortoise Capital Advisors, LLC",Equity Energy,1293408000.0,585841920.0,85.00000000000001,,18.46842,0.21,-2.962962962962956,4.1500002,,62.45294979999999,28.999999999999996,0.05553,0.37571,,USD,2026-09-21T11:41:36+00:00
Energy,20,EIPX,FT Energy Income Partners Strategy ETF,First Trust,Equity Energy,1667347200.0,583982144.0,95.0,,,0.22,-2.9920797887943773,2.5700000000000003,,41.5269999,38.0,0.05915,0.4182,,USD,2026-09-21T11:41:36+00:00
Energy,21,ENFR,Alerian Energy Infrastructure ETF,ALPS,Energy Limited Partnership,1383177600.0,548447744.0,34.999998999999995,,21.83049,0.25,-4.688644688644694,3.8399997999999997,,60.323859999999996,21.0,0.04907,0.2906,,USD,2026-09-21T11:41:36+00:00
Energy,22,UMI,USCF Midstream Energy Income Fund,USCF Investments,Energy Limited Partnership,1616544000.0,525904224.0,69.0,,22.00107,0.29,-6.9530646904431,5.7800002,,62.73602960000001,20.0,0.04879,0.29971,,USD,2026-09-21T11:41:36+00:00
Energy,23,AMZA,InfraCap MLP ETF,Virtus,Energy Limited Partnership,1412121600.0,492007264.0,172.0,,24.63458,0.41,-1.9394879751745586,7.64,,96.627051,59.0,0.06078,0.36045,,USD,2026-09-21T11:41:36+00:00
Energy,24,PBOG,Portfolio Building Block Integrated Oil And Gas And Exploration And Production Index ETF,Portfolio Building Block ETFs,Equity Energy,1764028800.0,470245120.0,13.0,,,0.0,-4.4414535666218,0.0,,68.05696090000002,0.0,0.06717,0.53253,,USD,2026-09-21T11:41:36+00:00
Energy,25,CRAK,VanEck Oil Refiners ETF,VanEck,Equity Energy,1439856000.0,452384160.0,61.000003,,22.426862,0.36,-1.802072383240727,1.24,,58.1154006,26.0,0.0746,0.62035,,USD,2026-09-21T11:41:36+00:00
Energy,26,FXN,First Trust Energy AlphaDEX Fund,First Trust,Equity Energy,1178582400.0,401326400.0,63.0,,19.49449,0.01,-4.699632202697179,1.50999995,,44.4903102,50.0,0.07265,0.51194,,USD,2026-09-21T11:41:36+00:00
Energy,27,XES,State Street SPDR S&P Oil & Gas Equipment & Services ETF,State Street Investment Management,Equity Energy,1150675200.0,398253952.0,34.999998999999995,,18.81042,0.69,-14.42925748060584,1.0699999999999998,,41.5807499,44.0,0.04467,0.50951,,USD,2026-09-21T11:41:36+00:00
Energy,28,URNJ,Sprott Junior Uranium Miners ETF,Sprott,Natural Resources,1675209600.0,395162336.0,80.0,,,1.29,-45.99362901249694,6.41,,73.9989592,38.0,0.0,0.358,,USD,2026-09-21T11:41:36+00:00
Energy,29,IEZ,iShares U.S. Oil Equipment & Services ETF,iShares,Equity Energy,1146441600.0,394298240.0,37.0,,18.127879999999998,0.73,-14.63340432004867,1.1199999999999999,,73.9948703,17.0,0.04308,0.40526,,USD,2026-09-21T11:41:36+00:00
Energy,30,DRLL,Strive U.S. Energy ETF,Strive AM,Equity Energy,1659916800.0,312147936.0,41.0,,,-0.15,-4.06522737712447,2.08,,80.11693009999999,16.0,0.06307,0.45829,,USD,2026-09-21T11:41:36+00:00
Energy,31,MDST,Westwood Salient Enhanced Midstream Income ETF,Westwood,Energy Limited Partnership,1712534400.0,299070112.0,80.0,,,0.0,-4.069668090699963,9.1000006,,64.2321101,12.0,0.04977,0.29524,,USD,2026-09-21T11:41:36+00:00
Energy,32,CSEN,Cohen & Steers Future of Energy Active ETF,Cohen & Steers,Equity Energy,1387497600.0,199931872.0,80.0,,20.81287,0.4,-2.725504861630512,1.72,,48.99130960000001,114.99999999999999,0.0516,0.38331,,USD,2026-09-21T11:41:36+00:00
Energy,33,FTXN,First Trust Nasdaq Oil & Gas ETF,First Trust,Equity Energy,1474329600.0,167902432.0,60.0,,21.35728,-0.09,-4.046234509056246,1.6099999999999999,,55.1891085,30.0,0.0646,0.42411,,USD,2026-09-21T11:41:36+00:00
Energy,34,USAI,Pacer American Energy Infrastructure ETF,Pacer,Energy Limited Partnership,1513036800.0,122143232.0,75.0,,21.028838999999998,0.26,-6.1457061457061535,3.5099998,,61.68529,22.0,0.05748,0.34361,,USD,2026-09-21T11:41:36+00:00
Energy,35,PSCE,Invesco S&P SmallCap Energy ETF,Invesco,Equity Energy,1270598400.0,109885448.0,28.999999999999996,,14.58448,0.32,-5.764787005822869,2.0399998999999998,,49.98518920000001,31.0,0.07,0.55168,,USD,2026-09-21T11:41:36+00:00
Energy,36,WEEI,Westwood Salient Enhanced Energy Income ETF,Westwood,Equity Energy,1714435200.0,105408832.0,85.00000000000001,,,0.0,-1.9530700039108395,10.82,,77.69485019999999,11.0,0.05575,0.3824,,USD,2026-09-21T11:41:36+00:00
Energy,37,PXE,Invesco Energy Exploration & Production ETF,Invesco,Equity Energy,1130284800.0,98724568.0,63.0,,22.625059,-0.11,-4.998863894569405,1.6,,48.5131706,62.0,0.0932,0.58923,,USD,2026-09-21T11:41:36+00:00
Energy,38,EINC,VanEck Energy Income ETF,VanEck,Energy Limited Partnership,1331510400.0,81258616.0,46.0,,22.38969,0.28,-6.000948017064312,3.2800000000000002,,59.7873195,13.0,0.04399,0.28928,,USD,2026-09-21T11:41:36+00:00
Energy,39,PXJ,Invesco Oil & Gas Services ETF,Invesco,Equity Energy,1130284800.0,73322448.0,63.0,,26.025182,0.58,-3.531483015741499,2.16,,44.7792393,64.0,0.07717,0.57646,,USD,2026-09-21T11:41:36+00:00
Energy,40,PIPE,Invesco SteelPath MLP & Energy Infrastructure ETF,Invesco,Energy Limited Partnership,1739836800.0,66621448.0,75.0,,,0.0,-3.804692454026626,3.6700000000000004,,54.9950307,200.0,0.04485,0.29422,,USD,2026-09-21T11:41:36+00:00
Energy,41,COAL,Range Global Coal ETF,Exchange Traded Concepts,Equity Energy,1704844800.0,58910828.0,85.00000000000001,,,0.0,-14.089347079037806,2.16,,63.15371950000001,23.0,0.05398,0.65323,,USD,2026-09-21T11:41:36+00:00
Energy,42,PXI,Invesco Dorsey Wright Energy Momentum ETF,Invesco,Equity Energy,1160611200.0,55367444.0,60.0,,21.07289,0.27,-2.454668267787452,1.15,,43.0076996,106.0,0.06279,0.38333,,USD,2026-09-21T11:41:36+00:00
Energy,43,NBET,Neuberger Energy Transition & Infrastructure ETF,Neuberger Berman,Equity Energy,1649203200.0,50508236.0,64.999997,,,0.56,-3.8182661103384308,2.31,,59.87525090000001,15.0,0.04657,0.34964,,USD,2026-09-21T11:41:36+00:00
Energy,44,BESF,Bastion Energy ETF,Bastion ETF,Equity Energy,1748908800.0,35898028.0,80.0,,,0.0,-8.972126238193956,5.56,,54.541340500000004,160.0,0.06777,0.62965,,USD,2026-09-21T11:41:36+00:00
Energy,45,NDIV,Amplify Energy & Natural Resources Covered Call ETF,Amplify ETFs,Natural Resources,1661212800.0,30165632.0,58.999998,,,0.13,-7.170252324037174,8.06,,53.514590399999996,134.0,0.06745,0.52562,,USD,2026-09-21T11:41:36+00:00
Energy,46,OILT,Texas Capital Texas Oil Index ETF,Texas Capital Funds Trust,Equity Energy,1703030400.0,14380180.0,34.999998999999995,,,0.0,-5.710955710955712,2.41,,59.953500000000005,13.0,0.07594,0.64665,,USD,2026-09-21T11:41:36+00:00
Energy,47,USNG,Amplify Samsung U.S. Natural Gas Infrastructure ETF,Amplify ETFs,Equity Energy,1747612800.0,9997275.0,58.999998,,,0.0,-5.243351063829782,0.9599999499999999,,62.693040999999994,4.0,0.04283,0.27517,,USD,2026-09-21T11:41:36+00:00
Energy,48,NVIR,Horizon Kinetics Energy Remediation ETF,Horizon Kinetics,Equity Energy,1676937600.0,5061042.0,85.00000000000001,,,0.3,-4.4354877753570605,0.74,,47.01729,7.000000000000001,0.04634,0.34693,,USD,2026-09-21T11:41:36+00:00
Energy,49,TEXX,Horizon Kinetics Texas ETF,Horizon Kinetics,Equity Energy,1768953600.0,3062976.0,85.00000000000001,,,0.0,-4.096048827497589,0.0,,46.25799,0.0,0.04473,0.35658,,USD,2026-09-21T11:41:36+00:00
Energy,50,BPH,BP p.l.c. ADRhedged,ADRH,Equity Energy,1736121600.0,2004570.0,19.0,,,0.0,-6.072182863253584,0.58,,98.16445,0.0,0.0488,0.5292,,USD,2026-09-21T11:41:36+00:00
Energy,51,GXPE,Global X Purecap MSCI Energy ETF,Global X Funds,Equity Energy,1753142400.0,1489399.0,15.0,,,0.0,-2.6429128738621688,1.94,,78.1287393,0.0,0.05407,0.37525,,USD,2026-09-21T11:41:36+00:00
Energy,52,WR,Corgi U.S. War Machine ETF,Corgi Funds,Large Blend,1777939200.0,1371820.0,34.999998999999995,,,0.0,-3.9338313767342536,0.0,,47.2236997,0.0,0.04804,0.31006,,USD,2026-09-21T11:41:36+00:00
Energy,53,TRUN,Vaneck Energy TruSector ETF,VanEck,Equity Energy,1783382400.0,300096.0,16.0,,,0.0,-2.812399614519756,,,84.6286202,0.0,0.04856,0.38609,,USD,2026-09-21T11:41:36+00:00
Financials,1,XLF,State Street Financial Select Sector SPDR ETF,State Street Investment Management,Financial,913766400.0,54592368640.0,8.0,,10.1364605,0.71,-4.675767918088736,1.39999995,,56.5391701,6.0,0.06111,0.41315,,USD,2026-09-21T11:41:36+00:00
Financials,2,VFH,Vanguard Financials Index Fund ETF Shares,Vanguard,Financial,1075075200.0,14771595264.0,9.000000400000001,,10.22674,0.78,-4.804469273743017,1.6500000000000001,,42.31701,5.0,0.06376,0.4468,,USD,2026-09-21T11:41:36+00:00
Financials,3,KBWB,Invesco KBW Bank ETF,Invesco,Financial,1320105600.0,6766699520.0,34.999998999999995,,10.220659999999999,1.13,-8.468343107047005,1.95,,61.2284893,10.0,0.07149,0.60577,,USD,2026-09-21T11:41:36+00:00
Financials,4,IYF,iShares U.S. Financials ETF,iShares,Financial,958953600.0,4285226752.0,37.0,,11.54852,0.78,-5.262779495290815,1.39999995,,48.66424979999999,9.0,0.06661,0.47268,,USD,2026-09-21T11:41:36+00:00
Financials,5,EUFN,iShares MSCI Europe Financials ETF,iShares,Europe Stock,1263945600.0,4243689472.0,49.0,,21.462529999999997,0.85,-4.527513350359891,3.92,,45.021308899999994,5.0,0.0778,0.60019,,USD,2026-09-21T11:41:36+00:00
Financials,6,KRE,State Street SPDR S&P Regional Banking ETF,State Street Investment Management,Financial,1150675200.0,4010872832.0,34.999998999999995,,5.4921497,1.04,-7.147415443522654,2.17,,14.108779649999997,43.0,0.07934,0.78979,,USD,2026-09-21T11:41:36+00:00
Financials,7,FNCL,Fidelity MSCI Financials Index ETF,Fidelity Investments,Financial,1382313600.0,2396029696.0,8.4,,10.2347806,0.78,-5.086982603479296,1.54,,48.3860011,4.0,0.06284,0.43484,,USD,2026-09-21T11:41:36+00:00
Financials,8,IYG,iShares U.S. Financial Services ETF,iShares,Financial,960768000.0,2218036992.0,37.0,,10.2201596,0.84,-4.855057774173921,1.01,,62.819120399999996,3.0,0.05808,0.41256,,USD,2026-09-21T11:41:36+00:00
Financials,9,KBE,State Street SPDR S&P Bank ETF,State Street Investment Management,Financial,1131408000.0,1621131648.0,34.999998999999995,,8.62784,1.01,-7.369299221357062,2.16,,11.26484995,26.0,0.07632,0.76701,,USD,2026-09-21T11:41:36+00:00
Financials,10,IAI,iShares U.S. Broker-Dealers & Securities Exchanges ETF,iShares,Financial,1146441600.0,1409411328.0,37.0,,13.676171,1.14,-6.709071634105701,1.05,,74.65932990000002,18.0,0.0481,0.27016,,USD,2026-09-21T11:41:36+00:00
Financials,11,FXO,First Trust Financials AlphaDEX Fund,First Trust,Financial,1178582400.0,1122567040.0,60.0,,10.083630000000001,0.85,-5.387355298308094,1.9900000000000002,,18.3013698,90.0,0.09223,0.62235,,USD,2026-09-21T11:41:36+00:00
Financials,12,IXG,iShares Global Financials ETF,iShares,Financial,1005523200.0,697207616.0,38.0,,14.0618,0.73,-4.051094890510953,2.11,,30.235679899999994,6.0,0.06765,0.5097,,USD,2026-09-21T11:41:36+00:00
Financials,13,IAT,iShares U.S. Regional Banks ETF,iShares,Financial,1146441600.0,641526016.0,37.0,,3.9717000000000002,1.1,-9.945586457073762,2.6300002,,70.7913504,8.0,0.0796,0.74666,,USD,2026-09-21T11:41:36+00:00
Financials,14,KIE,State Street SPDR S&P Insurance ETF,State Street Investment Management,Financial,1131408000.0,600121728.0,34.999998999999995,,12.0903105,0.43,-6.884112430482492,1.55,,21.550680099999997,21.0,0.09345,0.62969,,USD,2026-09-21T11:41:36+00:00
Financials,15,IAK,iShares U.S. Insurance ETF,iShares,Financial,1146441600.0,510626048.0,37.0,,14.665571,0.32,-6.353195957474722,2.48,,66.74855019999998,5.0,0.09759,0.56009,,USD,2026-09-21T11:41:36+00:00
Financials,16,DFNL,Davis Select Financial ETF,Davis ETFs,Financial,1484092800.0,483099040.0,61.000003,,13.337950000000001,0.74,-5.838387643624044,1.28,,56.2184696,100.0,0.08203,0.67235,,USD,2026-09-21T11:41:36+00:00
Financials,17,KCE,State Street SPDR S&P Capital Markets ETF,State Street Investment Management,Financial,1131408000.0,482743040.0,34.999998999999995,,12.4177106,1.14,-8.233662679840526,1.5700001000000001,,18.5450899,28.999999999999996,0.04829,0.28011,,USD,2026-09-21T11:41:36+00:00
Financials,18,PBEU,Portfolio Building Block European Banks Index ETF,Portfolio Building Block ETFs,Financial,1764028800.0,463271552.0,13.0,,,0.0,-3.745524648857057,0.0,,62.26083990000001,0.0,0.0785,0.66954,,USD,2026-09-21T11:41:36+00:00
Financials,19,KBWD,Invesco KBW High Dividend Yield Financial ETF,Invesco,Financial,1291248000.0,413288640.0,5.390000000000001,,0.40568000000000004,0.82,-20.420624151967438,13.79,,37.5197402,60.0,0.12497,1.16772,,USD,2026-09-21T11:41:36+00:00
Financials,20,PBDC,Putnam BDC Income ETF,Franklin Templeton Investments,Financial,1664409600.0,317789760.0,11.77,,,0.31,-16.59097789887981,10.67,,69.89337839999999,38.0,0.07822,1.08838,,USD,2026-09-21T11:41:36+00:00
Financials,21,RSPF,Invesco S&P 500 Equal Weight Financials ETF,Invesco,Financial,1162339200.0,312644480.0,40.0,,7.86349,0.8,-5.463210507962346,1.49,,15.085420099999999,24.0,0.06478,0.45666,,USD,2026-09-21T11:41:36+00:00
Financials,22,FTXO,First Trust Nasdaq Bank ETF,First Trust,Financial,1474329600.0,294426880.0,60.0,,7.983860399999999,1.03,-8.007932910244786,1.7500000000000002,,60.071079000000005,49.0,0.07801,0.72883,,USD,2026-09-21T11:41:36+00:00
Financials,23,KBWP,Invesco KBW Property & Casualty Insurance ETF,Invesco,Financial,1291248000.0,283844864.0,34.999998999999995,,13.064669,0.15,-8.130797178884386,1.8599999999999999,,61.347610399999986,10.0,0.08838,0.4647,,USD,2026-09-21T11:41:36+00:00
Financials,24,GPZ,VanEck Alternative Asset Manager ETF,VanEck,Financial,1748995200.0,259329104.0,40.0,,,0.0,-25.649942043384666,0.89,,65.5414506,5.0,0.03262,0.33077,,USD,2026-09-21T11:41:36+00:00
Financials,25,PSP,Invesco Global Listed Private Equity ETF,Invesco,Financial,1161648000.0,248328384.0,175.00000000000003,,-0.32563000000000003,1.18,-18.460253376026724,5.5999998,,48.63083,27.0,0.05419,0.6599,,USD,2026-09-21T11:41:36+00:00
Financials,26,ASEA,Global X FTSE Southeast Asia ETF,Global X Funds,Pacific/Asia ex-Japan Stk,1297814400.0,103368416.0,64.999997,,12.21496,0.57,-4.623753399818675,3.5999999999999996,,61.16780019999999,9.3100004,0.06262,0.4984,,USD,2026-09-21T11:41:36+00:00
Financials,27,QABA,First Trust NASDAQ ABA Community Bank Index Fund,First Trust,Financial,1246233600.0,100485552.0,60.0,,7.53303,0.86,-5.36371355788281,2.29,,25.641830199999998,20.0,0.07718,0.75962,,USD,2026-09-21T11:41:36+00:00
Financials,28,KWT,iShares MSCI Kuwait ETF,iShares,Focused Region,1598918400.0,67776456.0,75.0,,7.57284,0.36,-8.751217137293088,5.48,,70.765569,42.0,0.06007,0.62291,,USD,2026-09-21T11:41:36+00:00
Financials,29,PFI,Invesco Dorsey Wright Financial Momentum ETF,Invesco,Financial,1160611200.0,58237672.0,60.0,,4.137020000000001,0.99,-7.299720757058625,0.9900000000000001,,38.2430103,153.0,0.06372,0.41564,,USD,2026-09-21T11:41:36+00:00
Financials,30,GABF,Gabelli Financial Services Opportunities ETF,Gabelli,Financial,1652054400.0,53686540.0,124.0,,,0.88,-12.279891577150892,1.95,,45.7676106,31.0,0.08234,0.50027,,USD,2026-09-21T11:41:36+00:00
Financials,31,BCFN,Baron Financials ETF,"Baron Capital Group, Inc.",Financial,1577750400.0,50270780.0,80.0,,-2.6303599,0.83,-12.903011341415716,0.0,,45.183718999999996,14.000000000000002,0.04591,0.2663,,USD,2026-09-21T11:41:36+00:00
Financials,32,GSIB,Themes Global Systemically Important Banks ETF,Themes ETF Trust,Financial,1702512000.0,47344396.0,34.999998999999995,,,0.0,-5.7454625940681625,1.54,,37.927919599999996,0.0,0.08833,0.91389,,USD,2026-09-21T11:41:36+00:00
Financials,33,FDFF,Fidelity Disruptive Finance ETF,Fidelity Investments,Financial,1586995200.0,47220664.0,50.0,,1.99791,1.09,-7.233593749999989,0.9199999999999999,,46.4177604,26.0,0.05026,0.31272,,USD,2026-09-21T11:41:36+00:00
Financials,34,FDIQ,Invesco Bloomberg Financial Data Providers ETF,Invesco,Financial,1320105600.0,43390088.0,34.999998999999995,,7.23114,1.06,-7.24657712869996,2.01,,46.7000002,16.0,0.03756,0.21878,,USD,2026-09-21T11:41:36+00:00
Financials,35,FBDC,FT Confluence BDC & Specialty Finance Income ETF,First Trust,Financial,1180051200.0,35108384.0,12.44,,9.12455,0.49,-16.586024096385543,11.4700004,,78.1073702,28.000000000000004,0.0752,0.9745,,USD,2026-09-21T11:41:36+00:00
Financials,36,PSCF,Invesco S&P SmallCap Financials ETF,Invesco,Financial,1270598400.0,30316962.0,28.999999999999996,,4.9671899999999996,0.93,-7.704664723032062,2.16,,15.2463499,13.0,0.06867,0.67051,,USD,2026-09-21T11:41:36+00:00
Financials,37,TFNS,T. Rowe Price Financials ETF,T. Rowe Price,Financial,1749600000.0,19245588.0,44.0,,,0.0,-5.008137101863241,0.45999999999999996,,49.830788299999995,13.600000000000001,0.06267,0.45552,,USD,2026-09-21T11:41:36+00:00
Financials,38,PEX,ProShares Global Listed Private Equity ETF,ProShares,Financial,1361836800.0,11707715.0,2.9499999999999997,,-0.0012000000000000001,0.81,-15.291107078039934,8.0299996,,60.5132402,23.0,0.06748,1.14747,,USD,2026-09-21T11:41:36+00:00
Financials,39,KPHO,KraneShares Dragon Capital Vietnam Growth Index ETF,KraneShares,Focused Region,1764806400.0,11639060.0,101.99999,,,0.0,-12.696063588190775,0.0,,72.57598060000001,28.999999999999996,0.11888,0.78763,,USD,2026-09-21T11:41:36+00:00
Financials,40,BPAY,iShares FinTech Active ETF,BlackRock,Financial,1660608000.0,9821560.0,54.99999999999999,,,1.4,-22.691572026300065,2.8399997999999997,,44.1803302,84.0,0.06668,0.42182,,USD,2026-09-21T11:41:36+00:00
Financials,41,SPCK,SPAC and New Issue ETF,SPAC,Event Driven,1607990400.0,8611492.0,2.32,,-1.39054,0.14,-14.157610789980735,15.640001,,40.365919299999995,3.28,0.0,0.0,,USD,2026-09-21T11:41:36+00:00
Financials,42,LBO,WHITEWOLF Publicly Listed Private Equity ETF,WHITEWOLF,Financial,1701302400.0,7714524.0,6.529999999999999,,,0.0,-19.645624285532836,6.0599998,,69.5809713,28.000000000000004,0.04074,0.48223,,USD,2026-09-21T11:41:36+00:00
Financials,43,LATR,Corgi Buy Now Pay Later ETF,Corgi Funds,Financial,1777939200.0,973117.0,34.999998999999995,,,0.0,-9.80861244019139,,,60.980949800000005,0.0,0.06648,0.33398,,USD,2026-09-21T11:41:36+00:00
Financials,44,NYNY,Corgi NYC Based ETF,Corgi Funds,Large Blend,1777939200.0,838052.0,20.0,,,0.0,-4.811968838526903,0.0,,42.681539799999996,0.0,0.04714,0.3345,,USD,2026-09-21T11:41:36+00:00
Financials,45,TRUF,Vaneck Financials TruSector ETF,VanEck,Financial,1775001600.0,601794.0,10.0,,,0.0,-4.55635648754914,0.0,,81.6882738,0.0,0.05952,0.41156,,USD,2026-09-21T11:41:36+00:00
Healthcare,1,XLV,State Street Health Care Select Sector SPDR ETF,State Street Investment Management,Health,913766400.0,43909783552.0,8.0,,6.539540000000001,0.52,-4.648924122310305,1.49,,60.507708799999996,200.0,0.03282,0.20963,,USD,2026-09-21T11:41:36+00:00
Healthcare,2,VHT,Vanguard Health Care Index Fund ETF Shares,Vanguard,Health,1075075200.0,22042636288.0,9.000000400000001,,5.60802,0.58,-4.504913076341643,1.48,,51.4756091,4.0,0.03334,0.21081,,USD,2026-09-21T11:41:36+00:00
Healthcare,3,XBI,State Street SPDR S&P Biotech ETF,State Street Investment Management,Health,1138665600.0,11404576768.0,34.999998999999995,,3.4834400000000003,1.12,-7.752074871975978,0.34999999,,15.630390200000003,71.0,0.0,0.20462,,USD,2026-09-21T11:41:36+00:00
Healthcare,4,IBB,iShares Biotechnology ETF,iShares,Health,981331200.0,10474939392.0,44.0,,3.6121800000000004,0.74,-5.784819454679447,0.2,,47.2957395,27.0,0.03829,0.17049,,USD,2026-09-21T11:41:36+00:00
Healthcare,5,IXJ,iShares Global Healthcare ETF,iShares,Health,1005609600.0,4282349568.0,38.0,,4.8315402,0.53,-4.828674900176432,1.39,,46.2083606,200.0,0.03633,0.23824,,USD,2026-09-21T11:41:36+00:00
Healthcare,6,IYH,iShares U.S. Healthcare ETF,iShares,Health,960768000.0,3863850496.0,37.0,,5.6297697,0.54,-4.585065022120927,1.11,,58.3754802,3.0,0.03287,0.2,,USD,2026-09-21T11:41:36+00:00
Healthcare,7,FHLC,Fidelity MSCI Health Care Index ETF,Fidelity Investments,Health,1382313600.0,3476249344.0,8.4,,5.623460000000001,0.58,-4.727357828223722,1.23000005,,51.47930020000001,3.0,0.03337,0.20988,,USD,2026-09-21T11:41:36+00:00
Healthcare,8,IHI,iShares U.S. Medical Devices ETF,iShares,Health,1146441600.0,3473586688.0,37.0,,-4.3182100000000005,0.79,-19.996909287590782,0.44,,74.57809,12.0,0.03224,0.26274,,USD,2026-09-21T11:41:36+00:00
Healthcare,9,FBT,First Trust NYSE Arca Biotechnology Index Fund,First Trust,Health,1150675200.0,2913227264.0,54.99999999999999,,9.17901,0.8,-2.487363176842805,0.0,,38.0717,37.0,0.0344,0.23079,,USD,2026-09-21T11:41:36+00:00
Healthcare,10,ARKG,ARK Genomic Revolution ETF,ARK ETF Trust,Health,1414713600.0,2020345088.0,75.0,,-9.1415994,2.37,-0.8638894221539739,0.0,,59.3397908,33.0,0.0,0.19722,,USD,2026-09-21T11:41:36+00:00
Healthcare,11,IHE,iShares U.S. Pharmaceuticals ETF,iShares,Health,1146441600.0,1662381952.0,37.0,,12.30964,0.55,-6.561752254739551,1.4199998999999999,,75.86401999999998,28.999999999999996,0.03705,0.19692,,USD,2026-09-21T11:41:36+00:00
Healthcare,12,IHF,iShares U.S. Healthcare Providers ETF,iShares,Health,1146441600.0,1227321600.0,37.0,,1.7714899,0.81,-3.670668953687828,0.9199999999999999,,71.76834939999999,37.0,0.04689,0.39466,,USD,2026-09-21T11:41:36+00:00
Healthcare,13,FXH,First Trust Health Care AlphaDEX Fund,First Trust,Health,1178582400.0,1149107712.0,61.000003,,1.21083995,0.8,-3.7181563834486675,0.77,,24.7294396,85.0,0.0482,0.29273,,USD,2026-09-21T11:41:36+00:00
Healthcare,14,FTXH,First Trust Nasdaq Pharmaceuticals ETF,First Trust,Health,1474329600.0,1054381312.0,60.0,,11.580459999999999,0.48,-4.15442034056449,1.0299999,,52.49873009999999,35.0,0.03592,0.20386,,USD,2026-09-21T11:41:36+00:00
Healthcare,15,PPH,VanEck Pharmaceutical ETF,VanEck,Health,1324339200.0,1033076352.0,36.000001999999995,,10.86559,0.43,-5.788135593220334,1.9199998999999999,,72.83154069999999,30.0,0.04042,0.22633,,USD,2026-09-21T11:41:36+00:00
Healthcare,16,PBPH,Portfolio Building Block World Pharma And Biotech Index ETF,Portfolio Building Block ETFs,Health,1764028800.0,1024493312.0,13.0,,,0.0,-5.109698996655521,0.0,,61.251049499999986,0.0,0.03677,0.1922,,USD,2026-09-21T11:41:36+00:00
Healthcare,17,RSPH,Invesco S&P 500 Equal Weight Health Care ETF,Invesco,Health,1162339200.0,832759872.0,40.0,,3.9514199999999997,0.81,-3.822990311599894,0.62,,22.456160099999998,24.0,0.03939,0.29167,,USD,2026-09-21T11:41:36+00:00
Healthcare,18,XPH,State Street SPDR S&P Pharmaceuticals ETF,State Street Investment Management,Health,1150675200.0,586917376.0,34.999998999999995,,8.5532196,0.72,-9.9663752521856,0.47000000000000003,,26.752410100000002,69.0,0.0,0.28524,,USD,2026-09-21T11:41:36+00:00
Healthcare,19,PJP,Invesco Pharmaceuticals ETF,Invesco,Health,1119484800.0,532488992.0,57.99999999999999,,10.80948,0.48,-4.874696233292841,0.84,,50.28557,36.0,0.04107,0.28543,,USD,2026-09-21T11:41:36+00:00
Healthcare,20,PBE,Invesco Biotechnology & Genome ETF,Invesco,Health,1119484800.0,470568832.0,58.999998,,4.54535,0.79,-3.9566889293665253,1.6,,46.5158397,103.0,0.0385,0.23352,,USD,2026-09-21T11:41:36+00:00
Healthcare,21,BBH,VanEck Biotech ETF,VanEck,Health,1324339200.0,469367584.0,34.999998999999995,,1.9349199000000001,0.62,-4.178678125639457,0.4,,72.5667702,19.0,0.03947,0.19678,,USD,2026-09-21T11:41:36+00:00
Healthcare,22,PINK,Simplify Health Care ETF,Simplify Asset Management,Health,1633564800.0,373686560.0,50.99999699999999,,,0.78,-4.454836327836576,0.64,,56.12276120000001,171.0,0.03409,0.23829,,USD,2026-09-21T11:41:36+00:00
Healthcare,23,PTH,Invesco Dorsey Wright Healthcare Momentum ETF,Invesco,Health,1160611200.0,269747200.0,60.0,,1.97665,1.0,-4.61482059282371,2.5100000000000002,,37.2920001,2.39,0.0,0.16387,,USD,2026-09-21T11:41:36+00:00
Healthcare,24,IDNA,iShares Genomics Immunology and Healthcare ETF,iShares,Health,1560211200.0,256700672.0,47.0,,-5.4152798,1.14,-4.000964087731996,0.72000003,,45.2340803,49.0,0.0,0.29326,,USD,2026-09-21T11:41:36+00:00
Healthcare,25,SBIO,ALPS Medical Breakthroughs ETF,ALPS,Health,1419897600.0,239980512.0,50.0,,6.16686,0.92,-12.208045165843318,0.0,,31.3562997,57.99999999999999,0.0,0.24841,,USD,2026-09-21T11:41:36+00:00
Healthcare,26,XHS,State Street SPDR S&P Health Care Services ETF,State Street Investment Management,Health,1317168000.0,212743856.0,34.999998999999995,,4.6948098,0.96,-2.570160366552121,0.2,,23.172199899999995,49.0,0.05492,0.35257,,USD,2026-09-21T11:41:36+00:00
Healthcare,27,CANC,Tema Oncology ETF,Tema ETFs,Health,1691971200.0,211090240.0,75.0,,,0.78,-11.37765957446808,0.05,,41.0013996,68.0,0.0,0.14844,,USD,2026-09-21T11:41:36+00:00
Healthcare,28,PSCH,Invesco S&P SmallCap Health Care ETF,Invesco,Health,1270598400.0,183911968.0,28.999999999999996,,-3.0524698999999997,0.93,-6.334986713906121,0.01,,37.6354002,42.0,0.03776,0.32834,,USD,2026-09-21T11:41:36+00:00
Healthcare,29,XHE,State Street SPDR S&P Health Care Equipment ETF,State Street Investment Management,Health,1296000000.0,180695152.0,34.999998999999995,,-7.0952399999999995,1.13,-6.769585253456222,0.05,,21.53092,42.0,0.0346,0.35442,,USD,2026-09-21T11:41:36+00:00
Healthcare,30,LFSC,F/m Emerald Life Sciences Innovation ETF,Emerald Mutual Fund Advisers Trust,Health,1730246400.0,126274720.0,54.0,,,0.0,-7.4651496514965165,0.0,,53.983261399999996,19.0,0.0,0.1767,,USD,2026-09-21T11:41:36+00:00
Healthcare,31,MJ,Amplify Alternative Harvest ETF,Amplify ETFs,Miscellaneous Sector,1449100800.0,117986064.0,75.0,,-29.57332,0.96,-44.213903743315505,2.21,,99.92602199999999,75.0,0.0,1.24179,,USD,2026-09-21T11:41:36+00:00
Healthcare,32,BBP,Virtus LifeSci Biotech Products ETF,Virtus,Health,1418688000.0,116767432.0,34.0,,14.526549999999999,0.77,-5.6792367105861,0.0,,22.0989501,46.0,0.0,0.19118,,USD,2026-09-21T11:41:36+00:00
Healthcare,33,KURE,KraneShares MSCI All China Health Care Index ETF,KraneShares,Greater China Region,1517356800.0,109251376.0,64.999997,,-9.8159,0.34,-14.607906976744179,3.8599998,,53.243669400000016,73.0,0.04322,0.29592,,USD,2026-09-21T11:41:36+00:00
Healthcare,34,IBBQ,Invesco Nasdaq Biotechnology ETF,Invesco,Health,1623369600.0,96311824.0,19.0,,5.97336,0.65,-5.837947882736161,0.72000003,,44.269170100000004,17.0,0.0,0.18494,,USD,2026-09-21T11:41:36+00:00
Healthcare,35,AGNG,Global X Aging Population ETF,Global X Funds,Health,1462752000.0,93916448.0,50.0,,4.99915,0.61,-6.471631205673756,0.86,,33.18404019999999,9.9300005,0.0392,0.28269,,USD,2026-09-21T11:41:36+00:00
Healthcare,36,GNOM,Global X Genomics & Biotechnology ETF,Global X Funds,Health,1554422400.0,91900472.0,50.0,,-6.99535,1.63,-2.3558823529411854,1.01,,48.8210002,34.03,0.0,0.23741,,USD,2026-09-21T11:41:36+00:00
Healthcare,37,SURI,Simplify Propel Opportunities ETF,Simplify Asset Management,Health,1675728000.0,86884704.0,2.56,,,1.18,-9.23369310183011,13.489999999999998,,75.20928,62.0,0.02445,0.27251,,USD,2026-09-21T11:41:36+00:00
Healthcare,38,CNBS,Amplify Seymour Cannabis ETF,Amplify ETFs,Miscellaneous Sector,1563148800.0,81444264.0,76.0,,-29.384568,1.12,-35.67546654528903,0.0,,28.711781000000002,42.0,0.0,0.0,,USD,2026-09-21T11:41:36+00:00
Healthcare,39,HTEC,Robo Global Healthcare Technology and Innovation ETF,Robo Global,Health,1561334400.0,76471336.0,68.0,,-2.71394,1.22,-3.1292827775239895,0.8200000000000001,,24.185949899999997,38.0,0.03626,0.26262,,USD,2026-09-21T11:41:36+00:00
Healthcare,40,OZEM,Roundhill Glp-1 & Weight Loss ETF,Roundhill Investments,Health,1716163200.0,63573852.0,58.999998,,,0.0,-15.751547779273212,1.24,,64.98271969999999,66.0,0.05631,0.27905,,USD,2026-09-21T11:41:36+00:00
Healthcare,41,PSIL,AdvisorShares Psychedelics ETF,AdvisorShares,Miscellaneous Sector,1631664000.0,55609064.0,100.0,,-21.86252,0.42,-7.9502553852986875,6.88,,68.1936996,107.0,0.0,0.27602,,USD,2026-09-21T11:41:36+00:00
Healthcare,42,HRTS,Tema Heart & Health ETF,Tema ETFs,Health,1700438400.0,55606348.0,75.0,,,0.0,-6.9473819632059675,1.27,,48.64583019999999,40.0,0.04054,0.16389,,USD,2026-09-21T11:41:36+00:00
Healthcare,43,FMED,Fidelity Disruptive Medicine ETF,Fidelity Investments,Health,1586995200.0,51541304.0,50.0,,0.1439,0.81,-3.7673315495013293,0.0,,30.725969600000003,49.0,0.0,0.17881,,USD,2026-09-21T11:41:36+00:00
Healthcare,44,BBC,Virtus LifeSci Biotech Clinical Trials ETF,Virtus,Health,1418688000.0,50319076.0,64.999997,,0.61459,1.18,-13.48006407974367,1.24,,12.3117701,77.0,0.0,0.29684,,USD,2026-09-21T11:41:36+00:00
Healthcare,45,MEDI,Harbor Health Care ETF,Harbor Capital Advisors Inc,Health,1668556800.0,43601392.0,80.0,,,0.79,-7.415812385900855,0.04,,57.34807910000001,167.0,0.03373,0.10622,,USD,2026-09-21T11:41:36+00:00
Healthcare,46,YOLO,AdvisorShares Pure Cannabis ETF,AdvisorShares,Miscellaneous Sector,1555459200.0,35694036.0,50.99999699999999,,-27.93627,1.11,-33.716305788775955,0.0,,88.4133209,30.0,0.0,0.69606,,USD,2026-09-21T11:41:36+00:00
Healthcare,47,TMED,T. Rowe Price Health Care ETF,T. Rowe Price,Health,1749600000.0,31871624.0,44.0,,,0.0,-7.574074074074066,0.45999999999999996,,46.109959999999994,44.0,0.03084,0.21117,,USD,2026-09-21T11:41:36+00:00
Healthcare,48,HELX,Franklin Genomic Advancements ETF,Franklin Templeton Investments,Health,1582588800.0,31542584.0,50.0,,-5.37011,1.02,-1.56289503321152,0.33999999999999997,,48.4762003,28.999999999999996,0.0,0.16358,,USD,2026-09-21T11:41:36+00:00
Healthcare,49,HEAL,Global X HealthTech ETF,Global X Funds,Health,1595980800.0,31219752.0,50.0,,-12.2470595,1.42,-12.16344150044657,0.23999999000000002,,47.3378401,59.68,0.03567,0.21516,,USD,2026-09-21T11:41:36+00:00
Healthcare,50,QQQS,Invesco NASDAQ Future Gen 200 ETF,Invesco,Small Blend,1665619200.0,22543262.0,20.0,,,1.74,-5.4746919014084465,2.54,,10.417450099999998,73.0,0.0,0.55592,,USD,2026-09-21T11:41:36+00:00
Healthcare,51,GDOC,Goldman Sachs Future Health Care Equity ETF,Goldman Sachs,Health,1636416000.0,19597192.0,75.0,,,0.75,-4.238559639909956,0.3,,57.016420000000004,46.0,0.0287,0.14449,,USD,2026-09-21T11:41:36+00:00
Healthcare,52,MEDX,Horizon Kinetics Medical ETF,Horizon Kinetics,Health,938649600.0,17083904.0,85.00000000000001,,4.76452,0.58,-7.0282321899736155,1.1199999999999999,,66.4751698,0.0,0.03196,0.18616,,USD,2026-09-21T11:41:36+00:00
Healthcare,53,BMED,iShares Health Innovation Active ETF,BlackRock,Health,1601337600.0,13520012.0,54.99999999999999,,2.22658,0.77,-2.8683304647159957,0.23999999000000002,,42.396608900000004,109.00000000000001,0.02924,0.18642,,USD,2026-09-21T11:41:36+00:00
Healthcare,54,JDOC,Jpmorgan Healthcare Leaders ETF,JPMorgan,Health,1698796800.0,9358517.0,64.999997,,,0.0,-5.207450919771217,0.8200000000000001,,46.4878901,92.0,0.03446,0.22135,,USD,2026-09-21T11:41:36+00:00
Healthcare,55,WEED,Roundhill Cannabis ETF,Roundhill Investments,Miscellaneous Sector,1650326400.0,9229707.0,41.0,,,1.31,-29.1554739588366,0.0,,22.03711,23.0,0.0,0.0,,USD,2026-09-21T11:41:36+00:00
Healthcare,56,IBRN,iShares Neuroscience and Healthcare ETF,iShares,Health,1661299200.0,7781112.0,47.0,,,0.87,-18.181818181818187,0.8200000000000001,,45.0124902,52.0,0.0,0.22714,,USD,2026-09-21T11:41:36+00:00
Healthcare,57,HLTH,Tema Healthcare AI ETF,Tema ETFs,Health,1784505600.0,7661933.0,,,,0.0,-6.143818065342721,,,48.1325299,0.0,0.0,0.12654,,USD,2026-09-21T11:41:36+00:00
Healthcare,58,THNR,Amplify Weight Loss Drug & Treatment ETF,Amplify ETFs,Health,1716163200.0,5334218.0,58.999998,,,0.0,-9.2118826055834,1.55,,62.4634005,70.0,0.04604,0.20371,,USD,2026-09-21T11:41:36+00:00
Healthcare,59,EKG,First Trust Nasdaq Lux Digital Health Solutions ETF,First Trust,Health,1647907200.0,4420651.0,64.999997,,,1.39,-0.5021834061135322,0.0,,61.3892702,12.0,0.03978,0.17208,,USD,2026-09-21T11:41:36+00:00
Healthcare,60,NVOH,Novo Nordisk A/S (B Shares) ADRhedged,ADRH,Health,1736121600.0,3934218.0,19.0,,,0.0,-30.913271245634455,4.01,,97.64792,0.0,0.0903,0.1722,,USD,2026-09-21T11:41:36+00:00
Healthcare,61,WDNA,WisdomTree BioRevolution Fund,WisdomTree,Health,1622505600.0,3461359.0,44.99999999999999,,-1.82985,1.25,-4.583884297520669,3.34,,35.3129205,44.0,0.0,0.23018,,USD,2026-09-21T11:41:36+00:00
Healthcare,62,MDEV,First Trust Indxx Global Medical Devices ETF,First Trust,Health,1624320000.0,3202419.0,69.99999799999999,,-5.8758702000000005,0.9,-6.710815765352896,0.0,,25.9574698,20.0,0.03217,0.32081,,USD,2026-09-21T11:41:36+00:00
Healthcare,63,LGHT,Langar Global Healthtech ETF,Langar Funds,Health,1704931200.0,2349541.0,85.00000000000001,,,0.0,-9.529518619436871,0.0,,75.13417959999998,51.919996999999995,0.03688,0.22254,,USD,2026-09-21T11:41:36+00:00
Healthcare,64,GNMX,Corgi Genomics & Precision Medicine ETF,Corgi Funds,Health,1777939200.0,1928421.0,34.999998999999995,,,0.0,-1.8393291858263439,0.0,,44.267469,0.0,0.0,0.24913,,USD,2026-09-21T11:41:36+00:00
Healthcare,65,ASD,Defiance Autism Impact ETF,Defiance ETFs LLC,Health,1780272000.0,1378890.0,79.00001,,,0.0,-4.771739130434782,0.0,,32.38185,0.0,0.04766,0.37166,,USD,2026-09-21T11:41:36+00:00
Healthcare,66,GSKH,GSK plc ADRhedged,ADRH,Health,1736121600.0,697550.0,19.0,,,0.0,-17.17041044337292,1.59,,98.93883,0.0,0.0635,0.2373,,USD,2026-09-21T11:41:36+00:00
Healthcare,67,TRUH,Vaneck Healthcare TruSector ETF,VanEck,Health,1775001600.0,594727.0,10.0,,,0.0,-4.3054106910039085,,,60.98117010000001,0.0,0.03459,0.22191,,USD,2026-09-21T11:41:36+00:00
Industrials,1,XLI,State Street Industrial Select Sector SPDR ETF,State Street Investment Management,Industrials,913766400.0,31947403264.0,8.0,,12.774160000000002,1.02,-9.798607789999469,1.17999995,,39.5975795,3.0,0.03517,0.14817,,USD,2026-09-21T11:41:36+00:00
Industrials,2,ITA,iShares U.S. Aerospace & Defense ETF,iShares,Industrials,1146441600.0,13628640256.0,37.0,,16.831711,0.99,-16.664068589243964,0.47000000000000003,,77.61140080000001,18.0,0.02885,0.15095,,USD,2026-09-21T11:41:36+00:00
Industrials,3,PAVE,Global X U.S. Infrastructure Development ETF,Global X Funds,Infrastructure,1488758400.0,13504796672.0,47.0,,16.150261,1.28,-12.361409895747144,0.7900001,,31.759400399999993,9.98,0.03555,0.25078,,USD,2026-09-21T11:41:36+00:00
Industrials,4,GRID,First Trust NASDAQ Clean Edge Smart Grid Infrastructure Index Fund,First Trust,Infrastructure,1258329600.0,11838994432.0,55.99999999999999,,14.221929,1.44,-10.870543527176368,0.8,,58.400010599999995,26.0,0.03425,0.22926,,USD,2026-09-21T11:41:36+00:00
Industrials,5,AIRR,First Trust RBA American Industrial RenaissanceTM ETF,First Trust,Industrials,1394409600.0,9450259456.0,69.0,,21.24983,1.5,-21.177341725286936,0.1,,30.4604601,60.0,0.03778,0.27561,,USD,2026-09-21T11:41:36+00:00
Industrials,6,VIS,Vanguard Industrials Index Fund ETF Shares,Vanguard,Industrials,1095897600.0,8561797632.0,9.000000400000001,,12.604861,1.11,-10.12396123795587,0.9199999999999999,,30.3890402,5.0,0.03552,0.17655,,USD,2026-09-21T11:41:36+00:00
Industrials,7,PPA,Invesco Aerospace & Defense ETF,Invesco,Industrials,1130284800.0,8030931968.0,57.99999999999999,,18.282379000000002,0.86,-14.235104669887289,0.38,,54.30896080000001,14.000000000000002,0.03036,0.16872,,USD,2026-09-21T11:41:36+00:00
Industrials,8,SHLD,Global X Defense Tech ETF,Global X Funds,Industrials,1694390400.0,7239792128.0,50.0,,,0.0,-20.145745480488696,0.64999997,,64.78494,32.790002,0.03451,0.20011,,USD,2026-09-21T11:41:36+00:00
Industrials,9,XAR,State Street SPDR S&P Aerospace & Defense ETF,State Street Investment Management,Industrials,1317168000.0,5850784768.0,34.999998999999995,,15.93021,1.28,-19.453306021021522,0.31,,31.787319999999998,33.0,0.02958,0.23839,,USD,2026-09-21T11:41:36+00:00
Industrials,10,IDEF,iShares Defense Industrials Active ETF,BlackRock,Industrials,1747612800.0,4416389120.0,54.99999999999999,,,0.0,-13.774403470715836,0.32,,38.101439799999994,128.0,0.0301,0.18136,,USD,2026-09-21T11:41:36+00:00
Industrials,11,FIDU,Fidelity MSCI Industrials Index ETF,Fidelity Investments,Industrials,1382313600.0,2283852032.0,8.4,,12.71043,1.11,-10.099999999999998,0.97,,31.147230200000003,3.0,0.03499,0.17147,,USD,2026-09-21T11:41:36+00:00
Industrials,12,IYT,iShares Transportation Average ETF,iShares,Industrials,1065398400.0,2204334592.0,37.0,,6.767849600000001,1.28,-10.870530757272935,0.9199999999999999,,73.48357130000001,13.0,0.04931,0.23544,,USD,2026-09-21T11:41:36+00:00
Industrials,13,PHO,Invesco Water Resources ETF,Invesco,Natural Resources,1133827200.0,2025786624.0,58.999998,,4.2829,0.92,-9.021753636727613,0.5700000000000001,,58.2685199,34.0,0.03958,0.25957,,USD,2026-09-21T11:41:36+00:00
Industrials,14,IYJ,iShares U.S. Industrials ETF,iShares,Industrials,960768000.0,1926198144.0,37.0,,8.27371,1.01,-9.068613138686132,0.73,,36.62620030000001,4.0,0.03672,0.17599,,USD,2026-09-21T11:41:36+00:00
Industrials,15,FIW,First Trust Water ETF,First Trust,Natural Resources,1178582400.0,1878429824.0,50.0,,4.4008899999999995,0.98,-9.595872742906275,0.70999996,,43.25288020000001,14.000000000000002,0.04077,0.28584,,USD,2026-09-21T11:41:36+00:00
Industrials,16,PWRD,TCW Transform Systems ETF,TCW,Large Blend,1643760000.0,1456380672.0,75.0,,,1.2,-14.947658849306178,0.059999997,,53.43713050000001,52.0,0.03123,0.1223,,USD,2026-09-21T11:41:36+00:00
Industrials,17,EXI,iShares Global Industrials ETF,iShares,Industrials,1158019200.0,1431256960.0,38.0,,11.29679,1.02,-7.565330381635304,1.0699999999999998,,23.2183999,6.0,0.03861,0.2192,,USD,2026-09-21T11:41:36+00:00
Industrials,18,RSPN,Invesco S&P 500 Equal Weight Industrials ETF,Invesco,Industrials,1162339200.0,1042707584.0,40.0,,10.6970794,1.02,-9.795388608947919,0.8500000000000001,,14.390990150000002,23.0,0.03873,0.20566,,USD,2026-09-21T11:41:36+00:00
Industrials,19,FTXR,First Trust Nasdaq Transportation ETF,First Trust,Industrials,1474329600.0,1027303232.0,60.0,,8.01382,1.28,-8.794455273987445,1.0,,59.742790600000006,70.0,0.04442,0.35255,,USD,2026-09-21T11:41:36+00:00
Industrials,20,ARKX,ARK Space & Defense Innovation ETF,ARK ETF Trust,Technology,1617062400.0,768021440.0,75.0,,9.4127506,1.71,-15.228292425442081,0.0,,54.9003598,24.0,0.03165,0.21727,,USD,2026-09-21T11:41:36+00:00
Industrials,21,JETS,U.S. Global Jets ETF,U.S. Global Investors,Industrials,1430352000.0,765059520.0,60.0,,4.71134,1.34,-17.146212566059905,0.8200000000000001,,61.448710000000005,38.0,0.06953,0.50133,,USD,2026-09-21T11:41:36+00:00
Industrials,22,MISL,First Trust Indxx Aerospace & Defense ETF,First Trust,Industrials,1666656000.0,728223360.0,60.0,,,0.92,-17.06457925636008,0.31,,63.276111000000014,22.0,0.03056,0.15334,,USD,2026-09-21T11:41:36+00:00
Industrials,23,FXR,First Trust Industrials/Producer Durables AlphaDEX Fund,First Trust,Industrials,1178582400.0,727687104.0,60.0,,8.04111,1.16,-10.217719336063812,0.67000003,,13.4815701,76.0,0.04965,0.30546,,USD,2026-09-21T11:41:36+00:00
Industrials,24,VOLT,Tema Electrification ETF,Tema ETFs,Mid-Cap Blend,1733184000.0,722507520.0,75.0,,,0.0,-15.630929791271342,0.25,,53.01845000000001,32.0,0.03392,0.24919,,USD,2026-09-21T11:41:36+00:00
Industrials,25,PRN,Invesco Dorsey Wright Industrials Momentum ETF,Invesco,Industrials,1160611200.0,369715136.0,60.0,,14.842519000000001,1.61,-24.926616678719604,0.11,,36.315680099999994,154.0,0.03026,0.18724,,USD,2026-09-21T11:41:36+00:00
Industrials,26,XTN,State Street SPDR S&P Transportation ETF,State Street Investment Management,Industrials,1296000000.0,360320544.0,34.999998999999995,,4.1220397,1.56,-16.67493796526055,0.69999998,,30.1800797,32.0,0.05684,0.40902,,USD,2026-09-21T11:41:36+00:00
Industrials,27,OPPJ,WisdomTree Japan Opportunities Fund,WisdomTree,Japan Stock,1372377600.0,284960192.0,57.99999999999999,,23.97142,0.61,-2.2068515497552954,1.11,,50.4252303,146.0,0.06133,0.64241,,USD,2026-09-21T11:41:36+00:00
Industrials,28,PIO,Invesco Global Water ETF,Invesco,Natural Resources,1181692800.0,272474048.0,75.0,,1.3199199,1.09,-11.742134484885868,0.8999999999999999,,56.93220840000001,45.0,0.04595,0.30085,,USD,2026-09-21T11:41:36+00:00
Industrials,29,JEDI,Defiance Drone and Modern Warfare ETF,Defiance ETFs LLC,Technology,1758758400.0,195602416.0,99.00000000000001,,,0.0,-40.77692486624797,0.0,,59.51727040000001,3.0,0.0,0.35567,,USD,2026-09-21T11:41:36+00:00
Industrials,30,ROKT,State Street SPDR S&P Kensho Final Frontiers ETF,State Street Investment Management,Industrials,1539907200.0,193732992.0,44.99999999999999,,22.19684,1.46,-23.156288599869214,0.27999999999999997,,36.576320100000004,60.0,0.03845,0.23626,,USD,2026-09-21T11:41:36+00:00
Industrials,31,PSCI,Invesco S&P SmallCap Industrials ETF,Invesco,Industrials,1270598400.0,183660064.0,28.999999999999996,,13.46593,1.29,-12.463245121625233,0.47999998000000005,,22.988839900000002,32.0,0.05089,0.4044,,USD,2026-09-21T11:41:36+00:00
Industrials,32,DRNZ,REX Drone ETF,Rex,Industrials,1761609600.0,115467816.0,64.999997,,,0.0,-31.540504648074364,0.0,,63.49415970000001,31.0,0.0,0.3072,,USD,2026-09-21T11:41:36+00:00
Industrials,33,KDEF,PLUS Korea Defense Industry Index ETF,PLUS ETF,Industrials,1738627200.0,112938248.0,64.999997,,,0.0,-36.83429758196113,1.6500000000000001,,70.3462402,39.0,0.05535,0.51803,,USD,2026-09-21T11:41:36+00:00
Industrials,34,HYDR,Global X Hydrogen ETF,Global X Funds,Miscellaneous Sector,1626048000.0,103197304.0,50.0,,-15.892029999999998,3.61,-39.652406417112296,3.05,,70.4299493,72.260004,0.0,0.37763,,USD,2026-09-21T11:41:36+00:00
Industrials,35,NATO,Themes Transatlantic Defense ETF,Themes ETF Trust,Industrials,1728518400.0,99856040.0,34.999998999999995,,,0.0,-14.763685514755586,0.43,,61.4273496,0.0,0.03369,0.1612,,USD,2026-09-21T11:41:36+00:00
Industrials,36,EVX,VanEck Environmental Services ETF,VanEck,Industrials,1160438400.0,99529968.0,54.99999999999999,,6.90215,0.85,-6.986333647502352,0.18000001,,60.31479070000001,23.0,0.03572,0.2435,,USD,2026-09-21T11:41:36+00:00
Industrials,37,BOAT,SonicShares Global Shipping ETF,SonicShares,Industrials,1627948800.0,97938848.0,69.0,,23.955749,0.37,-1.335063971815309,5.72,,47.3493699,25.0,0.15131,0.79897,,USD,2026-09-21T11:41:36+00:00
Industrials,38,BOTT,Themes Humanoid Robotics ETF,Themes ETF Trust,Technology,1713484800.0,62433488.0,34.999998999999995,,,0.0,-40.21007563864707,0.0,,47.99619080000001,0.0,0.0301,0.26028,,USD,2026-09-21T11:41:36+00:00
Industrials,39,MADE,iShares U.S. Manufacturing ETF,iShares,Industrials,1721174400.0,59768584.0,40.0,,,0.0,-11.88079637096775,0.67000003,,38.7669,22.0,0.03362,0.23139,,USD,2026-09-21T11:41:36+00:00
Industrials,40,TBLU,Tortoise Global Water Fund,"Tortoise Capital Advisors, LLC",Natural Resources,1487030400.0,56660384.0,40.0,,2.68797,0.88,-13.407205623901586,3.49,,57.68742029999999,63.0,0.04392,0.3257,,USD,2026-09-21T11:41:36+00:00
Industrials,41,MARS,Roundhill Space & Technology ETF,Roundhill Investments,Miscellaneous Sector,1772582400.0,46766408.0,75.0,,,0.0,-44.44686411149825,0.0,,66.2677783,0.0,0.0,0.26125,,USD,2026-09-21T11:41:36+00:00
Industrials,42,GCAD,Gabelli Commercial Aerospace & Defense ETF,Gabelli,Industrials,1672704000.0,44534164.0,10.0,,,0.97,-16.212146844865504,1.87,,47.4926501,9.0,0.0294,0.20669,,USD,2026-09-21T11:41:36+00:00
Industrials,43,ORBX,Global X Space Tech ETF,Global X Funds,Industrials,1776124800.0,40721256.0,50.0,,,0.0,-46.87656798795785,0.0,,72.34326899999999,0.0,0.0,0.26553,,USD,2026-09-21T11:41:36+00:00
Industrials,44,WARP,VanEck Space ETF,VanEck,Industrials,1778025600.0,35572244.0,50.0,,,0.0,-51.292315058654545,0.0,,74.79856020000001,0.0,0.0,0.20086,,USD,2026-09-21T11:41:36+00:00
Industrials,45,CTEC,Global X ClimateTech ETF,Global X Funds,Global Small/Mid Stock,1603756800.0,25207324.0,50.0,,-9.50478,2.04,-32.06697988194194,0.62,,59.6581502,34.8,0.04513,0.50343,,USD,2026-09-21T11:41:36+00:00
Industrials,46,WDAF,WisdomTree Asia Defense Fund,WisdomTree,Industrials,1757462400.0,20242108.0,44.99999999999999,,,0.0,-20.170119109269802,0.0,,61.56617969999999,85.0,0.02899,0.17661,,USD,2026-09-21T11:41:36+00:00
Industrials,47,SEA,U.S. Global Sea to Sky Cargo ETF,U.S. Global Investors,Industrials,1642550400.0,16830828.0,60.0,,,0.43,-1.263409961685824,4.8499998,,48.76626009999999,124.0,0.11209,0.59503,,USD,2026-09-21T11:41:36+00:00
Industrials,48,FOWF,Pacer Solactive Whitney Future of Warfare ETF,Pacer,Industrials,1734393600.0,16022364.0,49.0,,,0.0,-8.535913817530538,0.72000003,,47.817180449999995,39.0,0.04286,0.25858,,USD,2026-09-21T11:41:36+00:00
Industrials,49,LOPP,Gabelli Love Our Planet & People ETF,Gabelli,Mid-Cap Blend,1611878400.0,15143137.0,89.99999999999999,,6.4916,0.95,-9.98175,0.74,,29.967200100000003,14.000000000000002,0.0359,0.32258,,USD,2026-09-21T11:41:36+00:00
Industrials,50,HVAC,AdvisorShares HVAC and Industrials ETF,AdvisorShares,Industrials,1738540800.0,13486357.0,100.0,,,0.0,-22.818705367426862,0.18000001,,56.664059300000005,62.0,0.02913,0.13959,,USD,2026-09-21T11:41:36+00:00
Industrials,51,SUPP,TCW Transform Supply Chain ETF,TCW,Large Blend,1676332800.0,11822095.0,75.0,,,1.26,-12.799823981405211,0.31,,59.0262198,57.99999999999999,0.02966,0.1458,,USD,2026-09-21T11:41:36+00:00
Industrials,52,GASZ,Corgi Natural Gas Power & Turbines ETF,Corgi Funds,Industrials,1777939200.0,9315503.0,34.999998999999995,,,0.0,-23.580034423407923,0.0,,63.3638205,0.0,0.03709,0.23373,,USD,2026-09-21T11:41:36+00:00
Industrials,53,JOUL,Corgi High Voltage Grid Equipme,Corgi Funds,Industrials,1777939200.0,9172084.0,34.999998999999995,,,0.0,-19.350036049026677,,,64.6976191,0.0,0.03379,0.1956,,USD,2026-09-21T11:41:36+00:00
Industrials,54,ARMY,Tema International Defense Innovation ETF,Tema ETFs,Industrials,1758672000.0,7347119.0,68.0,,,0.0,-17.904005524861887,,,45.219410100000005,9.0,0.03032,0.17212,,USD,2026-09-21T11:41:36+00:00
Industrials,55,FLDZ,TrueShares Patriot Defense ETF,TrueShares,Mid-Cap Blend,1646006400.0,6579975.0,40.0,,,0.77,-16.85680819912152,1.49,,19.6711798,33.0,0.02931,0.24112,,USD,2026-09-21T11:41:36+00:00
Industrials,56,EFRA,iShares Environmental Infrastructure and Industrials ETF,iShares,Infrastructure,1667260800.0,5693314.0,47.0,,,0.82,-7.392871445734883,1.59,,50.761669600000005,24.0,0.04707,0.38791,,USD,2026-09-21T11:41:36+00:00
Industrials,57,WDGF,WisdomTree Global Defense Fund,WisdomTree,Industrials,1757462400.0,5618719.0,44.99999999999999,,,0.0,-14.903840840011052,0.0,,44.2312098,28.000000000000004,0.03221,0.17957,,USD,2026-09-21T11:41:36+00:00
Industrials,58,XDEF,Xtrackers Europe Defense Technologies ETF,Xtrackers,Industrials,1771372800.0,4568880.0,34.999998999999995,,,0.0,-99.24880206540448,0.0,,63.99101909999998,0.0,0.03087,0.194,,USD,2026-09-21T11:41:36+00:00
Industrials,59,RTOO,VistaShares Robotics Supercycle ETF,VistaShares Advisors LLC,Technology,1784073600.0,4169308.0,75.0,,,0.0,-13.769398114575782,0.0,,32.14596,0.0,0.02968,0.30545,,USD,2026-09-21T11:41:36+00:00
Industrials,60,DGLO,First Trust RBA Deglobalization ETF,First Trust,Large Blend,1754352000.0,3577024.0,69.99999799999999,,,0.0,-7.72308923569428,0.58,,21.8949601,0.0,0.0495,0.35593,,USD,2026-09-21T11:41:36+00:00
Industrials,61,BZZ,Corgi Drones & Urban Air Mobility ETF,Corgi Funds,Industrials,1777939200.0,3564627.0,34.999998999999995,,,0.0,-24.245490981963925,0.0,,56.322040400000006,0.0,0.0,0.3856,,USD,2026-09-21T11:41:36+00:00
Industrials,62,UFOD,Tuttle Capital UFO Disclosure ETF,"Tuttle Capital Management, LLC",Large Blend,1770163200.0,2842721.0,99.00000000000001,,,0.0,-15.181752873563227,0.0,,30.4470802,0.0,0.03271,0.2284,,USD,2026-09-21T11:41:36+00:00
Industrials,63,GALX,VistaShares Space Supercycle ETF,VistaShares Advisors LLC,Technology,1784073600.0,2526470.0,75.0,,,0.0,-15.004065040650405,,,34.904630000000004,0.0,0.02682,0.25743,,USD,2026-09-21T11:41:36+00:00
Industrials,64,SUPL,ProShares Supply Chain Logistics ETF,ProShares,Industrials,1649203200.0,2368557.0,57.99999999999999,,,1.0,-9.591507177033487,2.4600001,,46.24669050000001,12.0,0.0442,0.33839,,USD,2026-09-21T11:41:36+00:00
Industrials,65,SHPP,Pacer Industrials and Logistics ETF,Pacer,Industrials,1654646400.0,2138655.0,60.0,,,1.11,-6.63805515560969,1.45000005,,57.25601150000001,50.0,0.04714,0.32442,,USD,2026-09-21T11:41:36+00:00
Industrials,66,FSPC,First Trust Bloomberg Space Economy ETF,First Trust,Large Blend,1783468800.0,1901674.0,64.999997,,,0.0,-11.486537553141252,0.0,,44.669,0.0,0.03579,0.21841,,USD,2026-09-21T11:41:36+00:00
Industrials,67,AMMO,VistaShares Defense Supercycle ETF,VistaShares Advisors LLC,Industrials,1784073600.0,1533325.0,75.0,,,0.0,-13.983251919050943,,,32.663500299999995,0.0,0.02713,0.21623,,USD,2026-09-21T11:41:36+00:00
Industrials,68,DIPR,Corgi Space & Satellite Communi,Corgi Funds,Industrials,1777939200.0,1439630.0,34.999998999999995,,,0.0,-34.1958041958042,,,58.159329699999994,0.0,0.0,0.24122,,USD,2026-09-21T11:41:36+00:00
Industrials,69,WSPC,WisdomTree Space Economy Fund,WisdomTree,Industrials,1783382400.0,1346529.0,75.0,,,0.0,-13.891477816789022,,,45.514219700000005,0.0,0.0,0.2438,,USD,2026-09-21T11:41:36+00:00
Industrials,70,XSPC,VegaShares SpaceX & Beyond Earth ETF,VegaShares,Technology,1781481600.0,1047686.0,75.0,,,0.0,-19.15736821854559,,,64.04427969999999,0.0,0.0,0.1811,,USD,2026-09-21T11:41:36+00:00
Industrials,71,DOCK,"Corgi Ports, Rail & Freight ETF",Corgi Funds,Industrials,1777939200.0,810623.0,34.999998999999995,,,0.0,-10.099579242636736,,,,0.0,0.0,0.0,,USD,2026-09-21T11:41:36+00:00
Industrials,72,AV,Corgi Aerospace & Commercial Aviation ETF,Corgi Funds,Industrials,1777939200.0,808176.0,34.999998999999995,,,0.0,-13.156123822341858,0.0,,55.9548095,0.0,0.04279,0.23808,,USD,2026-09-21T11:41:36+00:00
Industrials,73,TRUI,Vaneck Industrials TruSector ETF,VanEck,Industrials,1780358400.0,250647.0,10.0,,,0.0,-9.161181750186987,,,39.6520902,0.0,0.03364,0.14382,,USD,2026-09-21T11:41:36+00:00
Materials,1,GDX,VanEck Gold Miners ETF,VanEck,Equity Precious Metals,1147737600.0,30543091712.0,50.99999699999999,,27.321859999999997,0.83,-18.518518518518523,0.64,,58.302639600000006,50.0,0.0779,0.3731,,USD,2026-09-21T11:41:36+00:00
Materials,2,GDXJ,VanEck Junior Gold Miners ETF,VanEck,Equity Precious Metals,1257811200.0,9630824448.0,52.0,,27.1584,1.02,-20.985459394247265,2.07,,42.39603,36.0,0.07787,0.42536,,USD,2026-09-21T11:41:36+00:00
Materials,3,XLB,State Street Materials Select Sector SPDR ETF,State Street Investment Management,Natural Resources,913766400.0,8752943104.0,8.0,,6.2945396,0.82,-7.750507473703627,1.6099999999999999,,59.21061000000001,28.999999999999996,0.04067,0.33349,,USD,2026-09-21T11:41:36+00:00
Materials,4,COPX,Global X Copper Miners ETF,Global X Funds,Natural Resources,1271635200.0,8443984896.0,64.999997,,22.8061,1.44,-12.711271127112711,2.07,,49.5283796,0.0,0.05856,0.38295,,USD,2026-09-21T11:41:36+00:00
Materials,5,SIL,Global X Silver Miners ETF,Global X Funds,Equity Precious Metals,1271635200.0,5261147648.0,64.999997,,21.94956,1.11,-20.1610197920161,1.04,,71.0559612,27.57,0.0534,0.28004,,USD,2026-09-21T11:41:36+00:00
Materials,6,XME,State Street SPDR S&P Metals & Mining ETF,State Street Investment Management,Natural Resources,1150675200.0,4885382656.0,34.999998999999995,,21.82517,1.45,-19.8997641509434,0.32,,47.1015102,45.0,0.0488,0.40516,,USD,2026-09-21T11:41:36+00:00
Materials,7,VAW,Vanguard Materials Index Fund ETF Shares,Vanguard,Natural Resources,1075075200.0,4541496832.0,9.000000400000001,,6.546150000000001,0.92,-8.876294544564944,1.34000005,,57.39414000000001,7.000000000000001,0.04225,0.32207,,USD,2026-09-21T11:41:36+00:00
Materials,8,SILJ,Amplify Junior Silver Miners ETF,Amplify ETFs,Equity Precious Metals,1354060800.0,4132843264.0,69.0,,21.647221,1.3,-26.54501216545012,1.77,,59.6009502,47.0,0.04835,0.28445,,USD,2026-09-21T11:41:36+00:00
Materials,9,PICK,iShares MSCI Global Metals & Mining Producers ETF,iShares,Natural Resources,1327968000.0,2583474688.0,38.99999999999999,,12.87286,1.13,-10.460736018545347,2.0299999,,47.629360399999996,10.0,0.05305,0.44365,,USD,2026-09-21T11:41:36+00:00
Materials,10,RING,iShares MSCI Global Gold Miners ETF,iShares,Equity Precious Metals,1327968000.0,2516190720.0,38.99999999999999,,29.36654,0.84,-16.253361219002084,1.05,,66.7655504,23.0,0.07119,0.29612,,USD,2026-09-21T11:41:36+00:00
Materials,11,REMX,VanEck Rare Earth and Strategic Metals ETF,VanEck,Natural Resources,1288137600.0,2290166272.0,53.0,,-7.264679999999999,1.42,-38.09054235768713,1.67,,62.43862,74.0,0.0,0.36423,,USD,2026-09-21T11:41:36+00:00
Materials,12,IYM,iShares U.S. Basic Materials ETF,iShares,Natural Resources,960768000.0,1104552704.0,37.0,,9.4602205,0.89,-7.595257397648969,1.21,,68.07958129999999,18.0,0.04136,0.26728,,USD,2026-09-21T11:41:36+00:00
Materials,13,SLVP,iShares MSCI Global Silver and Metals Miners ETF,iShares,Equity Precious Metals,1327968000.0,1015361856.0,38.99999999999999,,25.5079,1.23,-22.971086739780656,1.77,,71.27035110000001,74.0,0.05489,0.2536,,USD,2026-09-21T11:41:36+00:00
Materials,14,SLVR,Sprott Silver Miners & Physical Silver ETF,Sprott,Equity Precious Metals,1736812800.0,800680000.0,64.999997,,,0.0,-29.173457508731083,3.27,,73.3872,49.0,0.03698,0.24773,,USD,2026-09-21T11:41:36+00:00
Materials,15,SGDM,Sprott Gold Miners ETF,Sprott,Equity Precious Metals,1405296000.0,726838464.0,46.0,,26.9515,0.74,-16.911917098445585,0.89,,55.13200020000001,59.0,0.07126,0.29684,,USD,2026-09-21T11:41:36+00:00
Materials,16,SETM,Sprott Critical Materials ETF,Sprott,Natural Resources,1675209600.0,629382272.0,64.999997,,,1.4,-23.403205918618987,1.3099999,,40.140030100000004,55.00000000000001,0.04504,0.30453,,USD,2026-09-21T11:41:36+00:00
Materials,17,FMAT,Fidelity MSCI Materials Index ETF,Fidelity Investments,Natural Resources,1382313600.0,619519040.0,8.4,,6.55018,0.92,-9.468491406747304,1.38,,57.24222050000001,6.0,0.04188,0.32067,,USD,2026-09-21T11:41:36+00:00
Materials,18,ICOP,iShares Copper and Metals Mining ETF,iShares,Natural Resources,1687305600.0,506422016.0,47.0,,,1.28,-10.486295749220421,1.54,,60.604739499999994,24.0,0.05264,0.3125,,USD,2026-09-21T11:41:36+00:00
Materials,19,FXZ,First Trust Materials AlphaDEX Fund,First Trust,Natural Resources,1178582400.0,397256096.0,64.0,,9.577659500000001,0.94,-7.762039660056653,1.27,,46.122029500000004,62.0,0.04957,0.36167,,USD,2026-09-21T11:41:36+00:00
Materials,20,MXI,iShares Global Materials ETF,iShares,Natural Resources,1158019200.0,392117088.0,37.0,,7.99063,0.91,-7.332714538857488,1.59,,38.9975397,11.0,0.04505,0.3701,,USD,2026-09-21T11:41:36+00:00
Materials,21,SGDJ,Sprott Junior Gold Miners ETF,Sprott,Equity Precious Metals,1427760000.0,370845120.0,50.0,,25.836492,1.2,-16.36363636363637,7.12,,45.4724298,76.0,0.06969,0.29721,,USD,2026-09-21T11:41:36+00:00
Materials,22,COPP,Sprott Copper Miners ETF,Sprott,Natural Resources,1709510400.0,304235808.0,66.000004,,,0.0,-10.471976401179939,1.83,,75.4213115,28.999999999999996,0.04542,0.30806,,USD,2026-09-21T11:41:36+00:00
Materials,23,WOOD,iShares Global Timber & Forestry ETF,iShares,Natural Resources,1214265600.0,270820800.0,38.99999999999999,,-2.12874,0.69,-15.248439750360054,2.35,,56.8133699,65.0,0.06972,1.22209,,USD,2026-09-21T11:41:36+00:00
Materials,24,GDMN,WisdomTree Efficient Gold Plus Gold Miners Strategy Fund,WisdomTree,Multi-Asset Overlay,1639440000.0,220938208.0,44.99999999999999,,,0.88,-36.259930739458134,2.56,,52.2982901,20.0,0.06955,0.29353,,USD,2026-09-21T11:41:36+00:00
Materials,25,GOAU,U.S. Global GO GOLD and Precious Metal Miners ETF,U.S. Global Investors,Equity Precious Metals,1498521600.0,216814896.0,60.0,,24.084829,0.8,-17.413032054650557,0.8200000000000001,,54.8741605,181.0,0.057,0.25724,,USD,2026-09-21T11:41:36+00:00
Materials,26,GBUG,Sprott Active Gold & Silver Miners ETF,Sprott,Equity Precious Metals,1739923200.0,196535680.0,89.99999999999999,,,0.0,-15.396645205015258,1.3300001000000001,,39.583,20.0,0.06361,0.28625,,USD,2026-09-21T11:41:36+00:00
Materials,27,RSPM,Invesco S&P 500 Equal Weight Materials ETF,Invesco,Natural Resources,1162339200.0,191341264.0,40.0,,5.57152,0.8,-7.780867897386723,1.7000000000000002,,44.428579400000004,34.0,0.04332,0.4176,,USD,2026-09-21T11:41:36+00:00
Materials,28,COPJ,Sprott Junior Copper Miners ETF,Sprott,Natural Resources,1675209600.0,182177760.0,75.0,,,1.34,-16.63731578459542,9.59,,42.7932902,59.0,0.0,0.30687,,USD,2026-09-21T11:41:36+00:00
Materials,29,SLX,VanEck Steel ETF,VanEck,Natural Resources,1160438400.0,173218192.0,54.99999999999999,,17.734249,1.31,-6.938596491228067,1.2200001,,58.5024605,107.0,0.05004,0.80611,,USD,2026-09-21T11:41:36+00:00
Materials,30,GOEX,Global X Gold Explorers ETF,Global X Funds,Equity Precious Metals,1288742400.0,138560848.0,64.999997,,28.15127,1.08,-18.776749251293225,1.9,,39.57406900000001,27.01,0.06727,0.30898,,USD,2026-09-21T11:41:36+00:00
Materials,31,FTRI,First Trust Indxx Global Natural Resources Income ETF,First Trust,Natural Resources,1268265600.0,130803040.0,69.99999799999999,,11.80599,0.46,-6.088865656037634,1.8900000000000001,,59.396589399999996,41.0,0.07482,0.4741,,USD,2026-09-21T11:41:36+00:00
Materials,32,BATT,Amplify Lithium & Battery Technology ETF,Amplify ETFs,Natural Resources,1528070400.0,128053712.0,58.999998,,-0.55975,1.44,-18.694690265486724,1.6099999999999999,,45.4164292,73.0,0.04695,0.32384,,USD,2026-09-21T11:41:36+00:00
Materials,33,METL,Sprott Active Metals & Miners ETF,Sprott,Natural Resources,1757376000.0,91216832.0,99.00000000000001,,,0.0,-22.079282625729135,0.0,,37.2702901,6.0,0.04304,0.33393,,USD,2026-09-21T11:41:36+00:00
Materials,34,REXC,Sprott Rare Earths Ex-China ETF,Sprott,Natural Resources,1776124800.0,76240368.0,64.999997,,,0.0,-35.722725482473415,0.0,,75.07460979999999,0.0,0.0,0.27835,,USD,2026-09-21T11:41:36+00:00
Materials,35,PYZ,Invesco Dorsey Wright Basic Materials Momentum ETF,Invesco,Natural Resources,1160611200.0,74272560.0,60.0,,7.5955704,1.29,-12.33922445935869,0.47999998000000005,,40.2562003,91.0,0.03951,0.31034,,USD,2026-09-21T11:41:36+00:00
Materials,36,NIKL,Sprott Nickel Miners ETF,Sprott,Natural Resources,1679356800.0,59846756.0,75.0,,,1.27,-34.3628460306566,2.6600001,,75.4930998,48.0,0.07394,0.58542,,USD,2026-09-21T11:41:36+00:00
Materials,37,EART,Global X Rare Earth & Critical Materials ETF,Global X Funds,Natural Resources,1642982400.0,45863856.0,58.999998,,,1.26,-21.3569880823402,0.6,,45.3518301,46.71,0.04777,0.34445,,USD,2026-09-21T11:41:36+00:00
Materials,38,LITP,Sprott Lithium Miners ETF,Sprott,Natural Resources,1675209600.0,43130260.0,64.999997,,,1.61,-46.06681034482758,7.470000000000001,,70.46454019999999,40.0,0.11623,0.53432,,USD,2026-09-21T11:41:36+00:00
Materials,39,AUMI,Themes Gold Miners ETF,Themes ETF Trust,Equity Precious Metals,1702339200.0,26793144.0,34.999998999999995,,,0.0,-20.52848406823302,0.77,,47.7612405,0.0,0.08352,0.41673,,USD,2026-09-21T11:41:36+00:00
Materials,40,PSCM,Invesco S&P SmallCap Materials ETF,Invesco,Natural Resources,1270598400.0,21068340.0,28.999999999999996,,9.456040999999999,1.09,-14.707416833303032,1.0,,64.0097208,40.0,0.04101,0.46579,,USD,2026-09-21T11:41:36+00:00
Materials,41,ILIT,Ishares Lithium Miners And Producers ETF,iShares,Natural Resources,1687305600.0,15634682.0,47.0,,,1.68,-42.920168067226896,2.0599999,,61.7539394,47.0,0.04673,0.40178,,USD,2026-09-21T11:41:36+00:00
Materials,42,COPA,Themes Copper Miners ETF,Themes ETF Trust,Natural Resources,1727049600.0,13834179.0,34.999998999999995,,,0.0,-8.856615177971804,3.19,,41.04044999999999,0.0,0.05648,0.3658,,USD,2026-09-21T11:41:36+00:00
Materials,43,ION,Proshares S&P Global Core Battery Metals ETF,ProShares,Natural Resources,1669680000.0,13434080.0,57.99999999999999,,,1.29,-30.275916606757725,1.4199998999999999,,34.1793097,60.0,0.05839,0.53319,,USD,2026-09-21T11:41:36+00:00
Materials,44,AGMI,Themes Silver Miners ETF,Themes ETF Trust,Equity Precious Metals,1714608000.0,13215410.0,34.999998999999995,,,0.0,-18.043137254901954,3.65,,64.18973,0.0,0.05468,0.24687,,USD,2026-09-21T11:41:36+00:00
Materials,45,LIMI,Themes Lithium & Battery Metal Miners ETF,Themes ETF Trust,Natural Resources,1727049600.0,2260519.0,34.999998999999995,,,0.0,-37.53176359039191,0.5599999999999999,,53.325961,0.0,0.04466,0.45377,,USD,2026-09-21T11:41:36+00:00
Materials,46,TINT,ProShares Smart Materials ETF,ProShares,Natural Resources,1635206400.0,2012701.0,57.99999999999999,,,1.39,-11.027382771183458,1.13,,52.4168399,61.0,0.0428,0.54035,,USD,2026-09-21T11:41:36+00:00
Materials,47,TRUM,Vaneck Materials TruSector ETF,VanEck,Natural Resources,1783382400.0,260276.0,15.0,,,0.0,-6.823906485671194,,,78.08829979999999,0.0,0.04273,0.30762,,USD,2026-09-21T11:41:36+00:00
REIT,1,VNQ,Vanguard Real Estate Index Fund ETF Shares,Vanguard,Real Estate,1095897600.0,70822862848.0,13.0,,1.1313699,0.98,-8.732809430255406,3.5999999999999996,,55.370339699999995,7.000000000000001,0.03312,0.38628,,USD,2026-09-21T11:41:36+00:00
REIT,2,SCHH,Schwab U.S. REIT ETF,Schwab ETFs,Real Estate,1294876800.0,11197114368.0,6.999999999999999,,1.9434799999999999,0.97,-9.1490211745905,2.7999999,,51.5365892,10.0,0.03244,0.39753,,USD,2026-09-21T11:41:36+00:00
REIT,3,XLRE,State Street Real Estate Select Sector SPDR ETF,State Street Investment Management,Real Estate,1444176000.0,8312176128.0,8.0,,1.411,0.98,-8.449036702184909,3.19,,61.4091492,8.0,0.03181,0.3444,,USD,2026-09-21T11:41:36+00:00
REIT,4,REET,iShares Global REIT ETF,iShares,Global Real Estate,1404777600.0,4936422912.0,13.999999999999998,,1.6429200000000002,0.96,-9.772883688919476,3.3800002000000005,,42.917129700000004,5.0,0.04341,0.57714,,USD,2026-09-21T11:41:36+00:00
REIT,5,USRT,iShares Core U.S. REIT ETF,iShares,Real Estate,1177977600.0,4570247168.0,8.0,,3.8681300000000003,0.96,-10.400913111713518,2.5999999,,50.419299699999996,12.0,0.03362,0.42347,,USD,2026-09-21T11:41:36+00:00
REIT,6,IYR,iShares U.S. Real Estate ETF,iShares,Real Estate,960768000.0,4394973184.0,37.0,,0.9994199500000001,0.98,-9.401867430895816,2.21,,52.973530000000004,9.0,0.03505,0.38749,,USD,2026-09-21T11:41:36+00:00
REIT,7,DFGR,Dimensional Global Real Estate ETF,Dimensional Fund Advisors,Global Real Estate,1670284800.0,3813840384.0,22.0,,,0.98,-8.364831552999185,3.7100002,,41.8562904,200.0,0.04368,0.54585,,USD,2026-09-21T11:41:36+00:00
REIT,8,VNQI,Vanguard Global ex-U.S. Real Estate Index Fund ETF Shares,Vanguard,Global Real Estate,1288569600.0,3759717376.0,11.999999,,-1.7491199999999998,0.91,-14.878144654088054,4.81,,21.4180701,10.0,0.08593,1.13862,,USD,2026-09-21T11:41:36+00:00
REIT,9,DTCR,Global X Data Center & Digital Infrastructure ETF,Global X Funds,Real Estate,1603756800.0,2143491712.0,50.0,,11.189800499999999,1.55,-14.486123818237273,0.89,,71.98575939999999,24.92,0.05175,0.30235,,USD,2026-09-21T11:41:36+00:00
REIT,10,ICF,iShares Select U.S. REIT ETF,iShares,Real Estate,980726400.0,2046449024.0,32.0,,1.49096,0.98,-9.195887903112244,2.4699999999999998,,59.81248039999998,17.0,0.03367,0.31934,,USD,2026-09-21T11:41:36+00:00
REIT,11,RWR,State Street SPDR Dow Jones REIT ETF,State Street Investment Management,Real Estate,987984000.0,1848601856.0,25.0,,3.4916099999999997,0.96,-9.811951525282081,3.3800002000000005,,53.5088504,8.0,0.03153,0.41245,,USD,2026-09-21T11:41:36+00:00
REIT,12,DFAR,Dimensional US Real Estate ETF,Dimensional Fund Advisors,Real Estate,1645574400.0,1736720000.0,19.0,,,0.96,-9.150208371081714,2.71,,49.95467060000001,7.000000000000001,0.03393,0.39219,,USD,2026-09-21T11:41:36+00:00
REIT,13,FREL,Fidelity MSCI Real Estate Index ETF,Fidelity Investments,Real Estate,1422835200.0,1476172288.0,8.4,,1.09537,0.98,-9.67011642949548,3.3000000000000003,,48.5198695,7.000000000000001,0.0334,0.39098,,USD,2026-09-21T11:41:36+00:00
REIT,14,BBRE,JPMorgan BetaBuilders MSCI U.S. REIT ETF,JPMorgan,Real Estate,1529020800.0,1260180608.0,11.0,,3.59453,0.96,-9.761904761904772,2.6800001,,52.16226,8.0,0.03307,0.42904,,USD,2026-09-21T11:41:36+00:00
REIT,15,RWO,State Street SPDR Dow Jones Global Real Estate ETF,State Street Investment Management,Global Real Estate,1210118400.0,1254796288.0,50.0,,1.53002,0.95,-8.515116724071936,3.2300000000000004,,45.1479293,5.0,0.04295,0.57487,,USD,2026-09-21T11:41:36+00:00
REIT,16,HAUZ,Xtrackers International Real Estate ETF,Xtrackers,Global Real Estate,1380585600.0,1057494592.0,10.0,,-1.9580799999999998,0.98,-15.973571706179557,3.6199997999999995,,21.3594003,11.0,0.08107,1.08377,,USD,2026-09-21T11:41:36+00:00
REIT,17,AVRE,Avantis Real Estate ETF,Avantis Investors,Global Real Estate,1632873600.0,861123584.0,17.0,,,0.96,-8.940963491903853,3.44,,41.6298699,0.0,0.04447,0.53944,,USD,2026-09-21T11:41:36+00:00
REIT,18,REZ,iShares Residential and Multisector Real Estate ETF,iShares,Real Estate,1177977600.0,848989760.0,47.999998000000005,,3.0442601,0.81,-10.664144180025891,2.01,,72.9408502,14.000000000000002,0.02742,0.35712,,USD,2026-09-21T11:41:36+00:00
REIT,19,CSRE,Cohen & Steers Real Estate Active ETF,Cohen & Steers,Real Estate,1738627200.0,572797376.0,69.99999799999999,,,0.0,-8.44695710009976,2.1999999999999997,,56.799890899999994,52.0,0.03374,0.42363,,USD,2026-09-21T11:41:36+00:00
REIT,20,REM,iShares Mortgage Real Estate Capped ETF,iShares,Real Estate,1177977600.0,540219264.0,47.999998000000005,,-3.0362599,0.95,-18.586278586278592,8.930001,,77.84873970000001,21.0,0.15053,1.16814,,USD,2026-09-21T11:41:36+00:00
REIT,21,VGSR,Vert Global Sustainable Real Estate ETF,Vert Asset Management,Global Real Estate,1509408000.0,532433216.0,44.99999999999999,,1.75194,1.0,-11.337683523654164,3.3299996999999997,,46.187230199999995,6.0,0.0459,0.56272,,USD,2026-09-21T11:41:36+00:00
REIT,22,JPRE,JPMorgan Realty Income ETF,JPMorgan,Real Estate,883526400.0,472154208.0,50.0,,2.7372502,0.82,-7.9123664674995435,2.25,,62.520259300000006,112.99999999999999,0.02895,0.3626,,USD,2026-09-21T11:41:36+00:00
REIT,23,GQRE,Northern Trust Global Quality Real Estate ETF,Northern Trust,Global Real Estate,1383609600.0,412596576.0,44.99999999999999,,1.1416600000000001,0.92,-10.177804119128753,4.34,,38.0664899,49.0,0.05666,0.71121,,USD,2026-09-21T11:41:36+00:00
REIT,24,MORT,VanEck Mortgage REIT Income ETF,VanEck,Real Estate,1313452800.0,362236160.0,43.0,,-2.86816,0.94,-21.066433566433574,15.22,,75.1338999,20.0,0.14317,1.2052,,USD,2026-09-21T11:41:36+00:00
REIT,25,SRVR,Pacer Data & Infrastructure Real Estate ETF,Pacer,Real Estate,1526342400.0,350922464.0,49.0,,-4.05227,1.15,-17.45322535604581,2.79,,71.3892603,44.0,0.03538,0.33953,,USD,2026-09-21T11:41:36+00:00
REIT,26,KBWY,Invesco KBW Premium Yield Equity REIT ETF,Invesco,Real Estate,1291248000.0,315177632.0,34.999998999999995,,1.7160000000000002,1.03,-11.36950904392766,8.3100006,,46.157780200000005,77.0,0.04626,0.80975,,USD,2026-09-21T11:41:36+00:00
REIT,27,RWX,State Street SPDR Dow Jones International Real Estate ETF,State Street Investment Management,Global Real Estate,1166140800.0,262674944.0,58.999998,,-2.52665,0.94,-13.357400722021662,3.9300002000000003,,29.125869799999997,9.0,0.0788,1.10716,,USD,2026-09-21T11:41:36+00:00
REIT,28,SRET,Global X SuperDividend REIT ETF,Global X Funds,Real Estate,1426464000.0,229155808.0,57.99999999999999,,1.39627,0.85,-11.76192504258944,8.270001,,40.9435395,44.379999999999995,0.09199,0.94851,,USD,2026-09-21T11:41:36+00:00
REIT,29,SPRE,SP Funds S&P Global REIT Sharia ETF,SP Funds,Real Estate,1609200000.0,212041888.0,50.0,,-0.60269,1.12,-10.15837517115472,3.8399997999999997,,76.7126299,49.0,0.04635,0.44046,,USD,2026-09-21T11:41:36+00:00
REIT,30,FRI,First Trust S&P REIT Index Fund,First Trust,Real Estate,1178582400.0,196046992.0,50.0,,3.6099702,0.94,-9.44976076555023,2.48,,54.651970500000004,6.0,0.03286,0.41557,,USD,2026-09-21T11:41:36+00:00
REIT,31,LPRE,Long Pond Real Estate Select ETF,"Long Pond Capital, LP",Real Estate,1743638400.0,178742416.0,100.0,,,0.0,-10.985769392849033,1.72,,61.488070799999996,0.0,0.03769,0.43243,,USD,2026-09-21T11:41:36+00:00
REIT,32,INDS,Pacer Benchmark Industrial Real Estate SCTR ETF,Pacer,Real Estate,1526256000.0,113289448.0,49.0,,-0.049260000000000005,1.26,-10.232806691449802,3.35,,72.49627139999998,15.0,0.04033,0.54376,,USD,2026-09-21T11:41:36+00:00
REIT,33,RIET,Hoya Capital High Dividend Yield ETF,Hoya Capital Real Estate,Real Estate,1632182400.0,109145872.0,50.0,,,0.93,-12.338308457711445,10.97,,17.52761,36.0,0.08216,0.98833,,USD,2026-09-21T11:41:36+00:00
REIT,34,RSPR,Invesco S&P 500 Equal Weight Real Estate ETF,Invesco,Real Estate,1439424000.0,97218976.0,40.0,,0.9125099500000001,0.91,-9.169166008945018,2.8900001,,35.70261,14.000000000000002,0.03391,0.43704,,USD,2026-09-21T11:41:36+00:00
REIT,35,IFGL,iShares International Developed Real Estate ETF,iShares,Global Real Estate,1194825600.0,80284336.0,50.0,,-2.9256899,0.99,-17.07698319656116,4.17,,28.146380100000002,9.0,0.07688,1.10178,,USD,2026-09-21T11:41:36+00:00
REIT,36,PSR,Invesco Active U.S. Real Estate Fund,Invesco,Real Estate,1227139200.0,58542864.0,34.999998999999995,,1.1441801,0.96,-8.607556536127959,2.56,,59.3380406,114.99999999999999,0.0325,0.31129,,USD,2026-09-21T11:41:36+00:00
REIT,37,REIT,ALPS Active REIT ETF,ALPS,Real Estate,1614124800.0,56419776.0,68.0,,3.5555101999999996,0.93,-10.167910447761185,2.74,,54.92136,61.0,0.03312,0.40515,,USD,2026-09-21T11:41:36+00:00
REIT,38,NETL,Colterpoint Net Lease Real Estate ETF,Colterpoint,Real Estate,1553126400.0,54868824.0,60.0,,0.56772,0.86,-13.260640168835735,4.8,,59.6690293,14.000000000000002,0.04495,0.7034,,USD,2026-09-21T11:41:36+00:00
REIT,39,BLDG,Cambria Global Real Estate ETF,Cambria,Global Real Estate,1600819200.0,54847492.0,58.999998,,2.2808599999999997,0.82,-13.199181446111874,5.3000003,,19.291730299999998,82.0,0.06726,1.00808,,USD,2026-09-21T11:41:36+00:00
REIT,40,BYRE,Principal Real Estate Active Opportunities ETF,Principal Funds,Real Estate,1652832000.0,27600852.0,60.0,,,0.89,-8.031496062992115,2.74,,52.2673999,53.099996000000004,0.03059,0.48464,,USD,2026-09-21T11:41:36+00:00
REIT,41,PPTY,Vident U.S. Diversified Real Estate ETF,Vident Financial,Real Estate,1522022400.0,24962496.0,53.0,,1.38072,0.88,-9.766647855530463,2.56,,36.6296998,13.0,0.03426,0.51503,,USD,2026-09-21T11:41:36+00:00
REIT,42,FPRO,Fidelity Real Estate Investment ETF,Fidelity Investments,Real Estate,1612224000.0,16162056.0,57.00000000000001,,1.94353,0.93,-9.436882129277569,2.5100000000000002,,58.81793960000002,70.0,0.03083,0.32509,,USD,2026-09-21T11:41:36+00:00
REIT,43,WTRE,WisdomTree New Economy Real Estate ETF,WisdomTree,Global Real Estate,1181001600.0,15363810.0,57.99999999999999,,0.61725997,1.46,-19.268048359240066,2.4,,45.3343204,67.0,0.04431,0.49356,,USD,2026-09-21T11:41:36+00:00
REIT,44,DTRE,First Trust Alerian Disruptive Technology Real Estate ETF,First Trust,Global Real Estate,1188172800.0,14518345.0,60.0,,-1.3243001,1.05,-4.6322314049586755,3.6799999999999997,,59.380979700000005,36.0,0.03963,0.56818,,USD,2026-09-21T11:41:36+00:00
REIT,45,ERET,Ishares Environmentally Aware Real Estate ETF,iShares,Global Real Estate,1668470400.0,13733188.0,30.0,,,0.96,-10.834411384217335,3.36,,37.4335403,11.0,0.04745,0.66672,,USD,2026-09-21T11:41:36+00:00
REIT,46,RDOG,ALPS REIT Dividend Dogs ETF,ALPS,Real Estate,1210118400.0,11148699.0,34.999998999999995,,1.4537999,1.02,-9.77876520112254,6.260000000000001,,25.1733598,54.0,0.04033,0.70891,,USD,2026-09-21T11:41:36+00:00
REIT,47,HAUS,Residential REIT ETF,Armada ETF,Real Estate,1646006400.0,7835406.0,60.0,,,0.75,-11.018916155419223,3.25,,57.25266950000001,33.0,0.03161,0.46724,,USD,2026-09-21T11:41:36+00:00
REIT,48,RITA,ETFB Green SRI REITs ETF,Rita ETF,Real Estate,1638921600.0,6891761.0,50.0,,,0.92,-14.295054484492864,2.3800000000000003,,72.4560808,76.0,0.04068,0.41294,,USD,2026-09-21T11:41:36+00:00
REIT,49,DESK,Vaneck Office And Commercial REIT ETF,VanEck,Real Estate,1695081600.0,6886742.0,50.99999699999999,,,0.0,-12.696721311475411,4.8699997,,68.5224805,13.0,0.03784,0.78558,,USD,2026-09-21T11:41:36+00:00
REIT,50,DVDN,Kingsbarn Dividend Opportunity ETF,Kingsbarn Capital,Real Estate,1698796800.0,3089165.0,165.0,,,0.0,-34.916778523489945,15.359998999999998,,69.0927504,14.2932,0.13531,1.14366,,USD,2026-09-21T11:41:36+00:00
REIT,51,TRUR,Vaneck Real Estate TruSector ETF,VanEck,Real Estate,1783382400.0,249563.0,17.0,,,0.0,-7.352941176470596,,,66.686281,0.0,0.02994,0.33054,,USD,2026-09-21T11:41:36+00:00
Technology,1,QQQ,Invesco QQQ Trust,Invesco,Large Growth,921024000.0,488981004288.0,18.000000999999997,,14.737159,1.26,-3.6332064382555207,0.42,,46.2723799,0.0,0.03423,0.11619,,USD,2026-09-21T11:41:36+00:00
Technology,2,VGT,Vanguard Information Technology Index Fund ETF Shares,Vanguard,Technology,1075075200.0,170651172864.0,9.000000400000001,,19.28199,1.49,-2.928571428571425,0.36000002,,63.0688492,8.0,0.03111,0.09635,,USD,2026-09-21T11:41:36+00:00
Technology,3,XLK,State Street Technology Select Sector SPDR ETF,State Street Investment Management,Technology,913766400.0,121437732864.0,8.0,,20.41784,1.5,-4.594172998540735,0.43,,60.6628791,5.0,0.03029,0.08767,,USD,2026-09-21T11:41:36+00:00
Technology,4,QQQM,Invesco NASDAQ 100 ETF,Invesco,Large Growth,1602547200.0,104376492032.0,15.0,,14.80024,1.27,-3.6663313974238165,0.44,,46.2482201,6.0,0.03423,0.11619,,USD,2026-09-21T11:41:36+00:00
Technology,5,SMH,VanEck Semiconductor ETF,VanEck,Technology,1324339200.0,67787030528.0,34.999998999999995,,34.234482,2.06,-14.710566661208945,0.2,,71.6734099,12.0,0.02647,0.09037,,USD,2026-09-21T11:41:36+00:00
Technology,6,SOXX,iShares Semiconductor ETF,iShares,Technology,994723200.0,41810907136.0,33.000002,,28.841867999999998,2.33,-18.733135147495993,0.29,,61.42178050000001,33.0,0.02662,0.09858,,USD,2026-09-21T11:41:36+00:00
Technology,7,MGK,Vanguard Morningstar Mega Cap Growth ETF,Vanguard,Large Growth,1197849600.0,33694470144.0,5.0,,13.679720000000001,1.28,-1.6129032258064502,0.33000002,,66.5324302,14.000000000000002,0.03327,0.08726,,USD,2026-09-21T11:41:36+00:00
Technology,8,EWY,iShares MSCI South Korea ETF,iShares,Focused Region,957830400.0,27722782720.0,58.999998,,19.383490000000002,2.5,-17.918420933496304,1.1199999999999999,,60.76873099999999,49.0,0.09609,0.54734,,USD,2026-09-21T11:41:36+00:00
Technology,9,DRAM,Roundhill Memory ETF,Roundhill Investments,Technology,1775001600.0,26017624064.0,64.999997,,,0.0,-26.715023358741085,,,53.03081,0.0,0.0824,0.20469,,USD,2026-09-21T11:41:36+00:00
Technology,10,IYW,iShares U.S. Technology ETF,iShares,Technology,958348800.0,25215428608.0,37.0,,19.69021,1.5,-1.5861461246695518,0.1,,64.1329486,15.0,0.03418,0.0976,,USD,2026-09-21T11:41:36+00:00
Technology,11,FTEC,Fidelity MSCI Information Technology Index ETF,Fidelity Investments,Technology,1382313600.0,21250689024.0,8.4,,19.540639000000002,1.49,-3.005419063133752,0.34999999,,63.202397999999995,9.0,0.0311,0.09579,,USD,2026-09-21T11:41:36+00:00
Technology,12,CIBR,First Trust NASDAQ Cybersecurity ETF,First Trust,Technology,1436140800.0,16119134208.0,57.99999999999999,,14.99078,1.04,-2.8596440035016046,0.38999999999999996,,57.9214899,21.0,0.03013,0.12025,,USD,2026-09-21T11:41:36+00:00
Technology,13,IGV,iShares Expanded Tech-Software Sector ETF,iShares,Technology,994723200.0,15741521920.0,38.0,,4.5876399999999995,1.21,-11.560301720484789,0.02,,63.5570504,19.0,0.02924,0.12359,,USD,2026-09-21T11:41:36+00:00
Technology,14,BAI,iShares A.I. Innovation and Tech Active ETF,iShares,Technology,1729468800.0,13980526592.0,54.99999999999999,,,0.0,-17.113477781858244,1.34000005,,41.5549002,107.0,0.02968,0.08866,,USD,2026-09-21T11:41:36+00:00
Technology,15,EWT,iShares MSCI Taiwan ETF,iShares,Greater China Region,961459200.0,11758742528.0,58.999998,,20.724751,1.3,-1.0108175208370263,0.9199999999999999,,47.9962402,36.0,0.03668,0.23326,,USD,2026-09-21T11:41:36+00:00
Technology,16,IGM,iShares Expanded Tech Sector ETF,iShares,Technology,984441600.0,10659639296.0,37.0,,18.83388,1.56,-4.367856309773721,0.13999999999999999,,57.70373999999999,14.000000000000002,0.03326,0.10354,,USD,2026-09-21T11:41:36+00:00
Technology,17,AIQ,Global X Artificial Intelligence & Technology ETF,Global X Funds,Technology,1525996800.0,10174134272.0,68.0,,15.65095,1.68,-8.724736692285806,0.06999999999999999,,32.43661069999999,15.52,0.04116,0.17555,,USD,2026-09-21T11:41:36+00:00
Technology,18,IXN,iShares Global Tech ETF,iShares,Technology,1005523200.0,9665907712.0,37.0,,20.16618,1.54,-4.131348862043671,0.23999999000000002,,62.50708,32.0,0.03552,0.10639,,USD,2026-09-21T11:41:36+00:00
Technology,19,RSPT,Invesco S&P 500 Equal Weight Technology ETF,Invesco,Technology,1162339200.0,5898835968.0,40.0,,17.401591,1.6,-4.104311749888867,0.25,,18.155560100000002,31.0,0.03481,0.1549,,USD,2026-09-21T11:41:36+00:00
Technology,20,QTUM,Defiance Quantum ETF,Defiance ETFs LLC,Technology,1536019200.0,5561583104.0,40.0,,24.425910000000002,1.72,-13.064705882352944,0.7900001,,16.93428995,42.0,0.03764,0.19872,,USD,2026-09-21T11:41:36+00:00
Technology,21,AIA,iShares Asia 50 ETF,iShares,Pacific/Asia ex-Japan Stk,1194912000.0,5160855040.0,50.0,,14.511651,1.18,-6.815620234701325,0.8999999999999999,,64.9758707,33.0,0.07113,0.44639,,USD,2026-09-21T11:41:36+00:00
Technology,22,QTEC,First Trust NASDAQ-100-Technology Sector Index Fund,First Trust,Technology,1145404800.0,4732751872.0,54.99999999999999,,13.55682,1.72,-8.012227022896267,0.01,,28.306310699999997,38.0,0.03051,0.12706,,USD,2026-09-21T11:41:36+00:00
Technology,23,JTEK,JPMorgan U.S. Tech Leaders ETF,JPMorgan,Technology,1696377600.0,4543209472.0,64.999997,,,0.0,-9.676265426578423,0.0,,33.967389999999995,72.0,0.02882,0.11028,,USD,2026-09-21T11:41:36+00:00
Technology,24,TDIV,First Trust NASDAQ Technology Dividend Index Fund,First Trust,Technology,1344816000.0,4417735168.0,50.0,,16.551660000000002,1.4,-11.229571984435804,1.3099999,,50.37627,24.0,0.04511,0.22047,,USD,2026-09-21T11:41:36+00:00
Technology,25,ARTY,iShares Future AI & Tech ETF,iShares,Technology,1529971200.0,3960813312.0,47.0,,12.2852,2.12,-7.257177764202805,0.059999997,,41.842139700000004,91.0,0.0374,0.17258,,USD,2026-09-21T11:41:36+00:00
Technology,26,FLTW,Franklin FTSE Taiwan ETF,Franklin Templeton Investments,Greater China Region,1509580800.0,3750175488.0,19.0,,22.07487,1.56,-2.574329224075411,1.5800001000000001,,50.5132791,56.99999999999999,0.03816,0.24888,,USD,2026-09-21T11:41:36+00:00
Technology,27,SKYY,First Trust Cloud Computing ETF,First Trust,Technology,1309824000.0,3388826880.0,60.0,,8.162910499999999,1.35,-4.158532978408758,0.0,,33.0325401,30.0,0.03402,0.12428,,USD,2026-09-21T11:41:36+00:00
Technology,28,FWD,AB Disruptors ETF,AllianceBernstein,Global Large-Stock Growth,1679356800.0,3199541504.0,64.999997,,,1.77,-13.97950109982683,0.09000000400000001,,22.252550099999997,196.0,0.02987,0.13327,,USD,2026-09-21T11:41:36+00:00
Technology,29,SPUS,SP Funds S&P 500 Sharia Industry Exclusions ETF,SP Funds,Large Growth,1576540800.0,3135924480.0,44.99999999999999,,15.149869999999998,1.15,-1.2405699916177682,0.52,,56.686850899999996,7.000000000000001,0.03356,0.11348,,USD,2026-09-21T11:41:36+00:00
Technology,30,NULG,Nuveen ESG Large-Cap Growth ETF,Nuveen,Large Growth,1481587200.0,3089165824.0,26.0,,11.4876606,1.25,-6.241576819407002,0.1,,44.9383196,62.0,0.02865,0.07593,,USD,2026-09-21T11:41:36+00:00
Technology,31,HACK,Amplify Cybersecurity ETF,Amplify ETFs,Technology,1415664000.0,3038403840.0,60.0,,13.09721,0.85,-3.181855266378386,0.05,,53.1139897,25.0,0.03005,0.12423,,USD,2026-09-21T11:41:36+00:00
Technology,32,SOXQ,Invesco PHLX Semiconductor ETF,Invesco,Technology,1623369600.0,2961325568.0,19.0,,29.41302,2.27,-18.619673126110893,0.31,,63.07606979999999,24.0,0.02673,0.09387,,USD,2026-09-21T11:41:36+00:00
Technology,33,FXL,First Trust Technology AlphaDEX Fund,First Trust,Technology,1178582400.0,2774372096.0,60.0,,11.34323,1.44,-4.456314552950036,0.0,,19.232419900000004,104.0,0.03947,0.20881,,USD,2026-09-21T11:41:36+00:00
Technology,34,XSD,State Street SPDR S&P Semiconductor ETF,State Street Investment Management,Technology,1138665600.0,2594918656.0,34.999998999999995,,20.11281,2.78,-23.016379493724738,0.16,,29.3993501,48.0,0.02916,0.20128,,USD,2026-09-21T11:41:36+00:00
Technology,35,NUGO,Nuveen Growth Opportunities ETF,Nuveen,Large Growth,1632700800.0,2460865024.0,50.0,,,1.3,-3.1777827347758136,0.0,,61.2756697,46.0,0.03296,0.08281,,USD,2026-09-21T11:41:36+00:00
Technology,36,PSI,Invesco Semiconductors ETF,Invesco,Technology,1119484800.0,2381718272.0,54.99999999999999,,26.000659999999996,2.37,-26.342210949059407,0.04,,52.192830099999995,105.0,0.02672,0.1564,,USD,2026-09-21T11:41:36+00:00
Technology,37,COWG,Pacer US Large Cap Cash Cows Growth Leaders ETF,Pacer,Mid-Cap Growth,1671580800.0,2345277952.0,49.0,,,1.08,-2.83390832922622,0.34999999,,27.808080099999998,110.00000000000001,0.03683,0.15002,,USD,2026-09-21T11:41:36+00:00
Technology,38,XNTK,State Street SPDR NYSE Technology ETF,State Street Investment Management,Technology,969840000.0,1889899776.0,34.999998999999995,,18.051149,1.7,-6.854551014167765,0.15,,46.83413959999999,15.0,0.03141,0.10255,,USD,2026-09-21T11:41:36+00:00
Technology,39,QQEW,First Trust Nasdaq-100 Select Equal Weight ETF,First Trust,Large Growth,1145404800.0,1872952448.0,54.99999999999999,,6.95937,1.11,-5.70933221737312,0.19,,25.740679999999998,57.99999999999999,0.0311,0.1058,,USD,2026-09-21T11:41:36+00:00
Technology,40,CHAT,Roundhill Generative AI & Technology ETF,Roundhill Investments,Technology,1684281600.0,1829867648.0,75.0,,,2.04,-14.619771863117881,1.9199998999999999,,38.8678299,92.0,0.04158,0.15108,,USD,2026-09-21T11:41:36+00:00
Technology,41,BUG,Global X Cybersecurity ETF,Global X Funds,Technology,1571961600.0,1732260352.0,50.0,,7.28762,1.2,-3.692441355343168,0.029999999000000003,,62.532410500000005,35.930002,0.02714,0.15204,,USD,2026-09-21T11:41:36+00:00
Technology,42,FLKR,Franklin FTSE South Korea ETF,Franklin Templeton Investments,Focused Region,1509580800.0,1698916224.0,9.000000400000001,,18.994921,2.67,-18.043868119740658,2.4400001000000002,,55.4162393,30.0,0.09723,0.6173,,USD,2026-09-21T11:41:36+00:00
Technology,43,BUFQ,FT Vest Laddered Nasdaq Buffer ETF,First Trust,Defined Outcome,1655251200.0,1612190848.0,100.0,,,0.63,-2.7460510328067955,0.0,,99.99997900000001,100.0,0.03432,0.11666,,USD,2026-09-21T11:41:36+00:00
Technology,44,PTNQ,Pacer Trendpilot 100 ETF,Pacer,Large Growth,1433980800.0,1231406080.0,64.999997,,9.82953,0.83,-3.545535219079321,0.8,,46.3856995,66.0,0.0342,0.11619,,USD,2026-09-21T11:41:36+00:00
Technology,45,FTXL,First Trust Nasdaq Semiconductor ETF,First Trust,Technology,1474329600.0,1220477056.0,60.0,,28.227871999999998,2.41,-20.187651331719124,0.11,,68.1813402,43.0,0.02981,0.14134,,USD,2026-09-21T11:41:36+00:00
Technology,46,IGPT,Invesco AI and Next Gen Software ETF,Invesco,Technology,1119484800.0,1217449088.0,57.00000000000001,,15.843599999999999,2.14,-10.528723015001818,0.01,,59.1557906,26.0,0.03998,0.13478,,USD,2026-09-21T11:41:36+00:00
Technology,47,IHAK,iShares Cybersecurity and Tech ETF,iShares,Technology,1560211200.0,1103216512.0,47.0,,8.15678,0.96,-3.8130021913805656,0.06999999999999999,,48.9630202,25.0,0.03726,0.17826,,USD,2026-09-21T11:41:36+00:00
Technology,48,IVES,Dan IVES Wedbush AI Revolution ETF,Wedbush Funds,Technology,1748908800.0,1073759616.0,75.0,,,0.0,-4.245170522299069,0.33000002,,45.73736,37.0,0.03508,0.10367,,USD,2026-09-21T11:41:36+00:00
Technology,49,TAN,Invesco Solar ETF,Invesco,Miscellaneous Sector,1208217600.0,1054457344.0,69.99999799999999,,-11.630669000000001,1.84,-39.60317460317461,0.0,,56.7885301,41.0,0.04816,0.69262,,USD,2026-09-21T11:41:36+00:00
Technology,50,TRFK,Pacer Data and Digital Revolution ETF,Pacer,Technology,1654646400.0,1044962176.0,49.0,,,1.9,-14.812251254542307,0.01,,56.74201909999999,19.0,0.03709,0.09994,,USD,2026-09-21T11:41:36+00:00
Technology,51,AIS,VistaShares Artificial Intelligence Supercycle ETF,VistaShares Advisors LLC,Technology,1733097600.0,950883712.0,75.0,,,0.0,-18.621544005856183,0.0,,43.3029002,7.66,0.03954,0.13388,,USD,2026-09-21T11:41:36+00:00
Technology,52,UFOX,Defiance Space and Connective Tech ETF,Defiance ETFs LLC,Technology,1551657600.0,855106432.0,30.0,,18.810959999999998,1.67,-21.121681208368514,0.47000000000000003,,38.3360498,27.0,0.02966,0.17782,,USD,2026-09-21T11:41:36+00:00
Technology,53,ROBT,First Trust Nasdaq Artificial Intelligence and Robotics ETF,First Trust,Technology,1519171200.0,789512512.0,64.999997,,0.9868800000000001,1.56,-4.161554863047401,0.02,,20.00343,52.0,0.03605,0.28127,,USD,2026-09-21T11:41:36+00:00
Technology,54,AGIX,KraneShares Artificial Intelligence and Technology Public and Private ETF,KraneShares,Technology,1721174400.0,771405952.0,100.0,,,0.0,-6.281457620293951,0.0,,30.900839900000005,70.0,0.03524,0.12001,,USD,2026-09-21T11:41:36+00:00
Technology,55,QQH,HCM Defender 100 Index ETF,Howard Capital Management,Large Growth,1570579200.0,753061120.0,98.0,,10.63464,1.4,-5.35475234270415,0.19,,64.23465890000001,75.0,0.03435,0.11155,,USD,2026-09-21T11:41:36+00:00
Technology,56,QJUN,FT Vest Nasdaq-100 Buffer ETF - June,First Trust,Defined Outcome,1623974400.0,715204352.0,89.99999999999999,,10.136619,0.67,-1.1806167400880918,0.0,,,0.0,0.03432,0.11666,,USD,2026-09-21T11:41:36+00:00
Technology,57,WTAI,WisdomTree Artificial Intelligence and Innovation Fund,WisdomTree,Technology,1638835200.0,714667392.0,44.99999999999999,,,2.08,-13.796277357332787,1.2899999500000001,,39.15141139999999,85.0,0.04427,0.11765,,USD,2026-09-21T11:41:36+00:00
Technology,58,GTOP,Goldman Sachs Technology Opportunities ETF,Goldman Sachs,Technology,938736000.0,710450048.0,64.999997,,13.59707,1.51,-1.4313105356789868,0.0,,55.68760949999999,60.0,0.03235,0.08837,,USD,2026-09-21T11:41:36+00:00
Technology,59,QDEC,FT Vest Nasdaq-100 Buffer ETF – December,First Trust,Defined Outcome,1608249600.0,702812352.0,89.99999999999999,,9.9012606,0.61,-1.2071330589849216,0.0,,,0.0,0.03432,0.11666,,USD,2026-09-21T11:41:36+00:00
Technology,60,IETC,iShares U.S. Tech Independence Focused ETF,iShares,Technology,1521590400.0,698839168.0,18.000000999999997,,14.592619000000001,1.32,-6.402695871946085,0.38,,49.41751,43.0,0.03146,0.09666,,USD,2026-09-21T11:41:36+00:00
Technology,61,EMEQ,Nomura Focused Emerging Markets Equity ETF,Nomura,Diversified Emerging Mkts,1725408000.0,624844992.0,85.00000000000001,,,0.0,-17.395375428789215,1.71,,63.83357989999999,36.0,0.0948,0.50612,,USD,2026-09-21T11:41:36+00:00
Technology,62,FNGS,MicroSectors FANG+ ETN,BMO Capital Markets,Technology,1573516800.0,604311680.0,57.99999999999999,,20.6406,1.39,-0.8556411196675273,0.0,,99.99999849999999,0.0,0.03619,0.09708,,USD,2026-09-21T11:41:36+00:00
Technology,63,XTL,State Street SPDR S&P Telecom ETF,State Street Investment Management,Communications,1296000000.0,598791744.0,34.999998999999995,,17.201701,1.4,-17.018011469186668,1.26,,37.307630200000006,50.0,0.06306,0.39593,,USD,2026-09-21T11:41:36+00:00
Technology,64,QMAR,FT Vest Nasdaq-100 Buffer ETF – March,First Trust,Defined Outcome,1616112000.0,593375424.0,89.99999999999999,,11.49564,0.56,-0.001311647429158569,0.0,,,0.0,0.03432,0.11666,,USD,2026-09-21T11:41:36+00:00
Technology,65,NXTG,First Trust IndXX NextG ETF,First Trust,Technology,1297900800.0,566284416.0,69.99999799999999,,16.63508,1.38,-7.673648406731126,1.21,,16.7112501,18.0,0.04428,0.31768,,USD,2026-09-21T11:41:36+00:00
Technology,66,PTF,Invesco Dorsey Wright Technology Momentum ETF,Invesco,Technology,1160611200.0,558932800.0,60.0,,14.36823,2.08,-26.072323666308638,0.01,,40.786050700000004,2.17,0.02721,0.13481,,USD,2026-09-21T11:41:36+00:00
Technology,67,IDGT,iShares U.S. Digital Infrastructure and Real Estate ETF,iShares,Technology,994723200.0,516230560.0,37.0,,11.0708,1.3,-14.130026305900046,0.7799999999999999,,64.3026004,80.0,0.05693,0.19871,,USD,2026-09-21T11:41:36+00:00
Technology,68,XSW,State Street SPDR S&P Software & Services ETF,State Street Investment Management,Technology,1317168000.0,509260864.0,34.999998999999995,,2.26545,1.36,-6.723762657329424,0.01,,11.2365098,51.0,0.03689,0.24573,,USD,2026-09-21T11:41:36+00:00
Technology,69,QFLR,Innovator Nasdaq-100 Managed Floor ETF,Innovator ETFs,Equity Hedged,1706054400.0,505740768.0,89.0,,,0.0,-3.4741542625169264,0.0,,52.3439704,26.0,0.0353,0.12695,,USD,2026-09-21T11:41:36+00:00
Technology,70,TECB,iShares U.S. Tech Breakthrough Multisector ETF,iShares,Technology,1578441600.0,504843008.0,30.0,,12.795100000000001,1.35,-0.6332385629361559,0.27999999999999997,,40.8324797,15.0,0.03377,0.12459,,USD,2026-09-21T11:41:36+00:00
Technology,71,PSCT,Invesco S&P SmallCap Information Technology ETF,Invesco,Technology,1270598400.0,483967808.0,28.999999999999996,,10.60256,1.72,-14.764737696051922,0.01,,29.038550100000005,30.0,0.03415,0.32963,,USD,2026-09-21T11:41:36+00:00
Technology,72,THNQ,Robo Global Artificial Intelligence ETF,Robo Global,Technology,1588896000.0,447954656.0,68.0,,15.485470000000001,1.9,-2.7391626136603953,0.13999999999999999,,24.935459599999998,34.0,0.02919,0.14148,,USD,2026-09-21T11:41:36+00:00
Technology,73,TTEQ,T. Rowe Price Technology ETF,T. Rowe Price,Technology,1729641600.0,447695168.0,63.0,,,0.0,-6.4337849650349614,0.0,,47.632060200000005,28.999999999999996,0.02959,0.11541,,USD,2026-09-21T11:41:36+00:00
Technology,74,LRND,NYLI U.S. Large Cap R&D Leaders ETF,New York Life Investment Management LLC,Large Growth,1644278400.0,446762880.0,13.999999999999998,,,1.16,-1.6951501154734427,0.4,,69.23611149999999,46.0,0.03497,0.09638,,USD,2026-09-21T11:41:36+00:00
Technology,75,EUV,Corgi Lithography & Semiconductor Photonics ETF,Corgi Funds,Technology,1777939200.0,425545664.0,34.999998999999995,,,0.0,-26.249999999999996,,,57.85243,0.0,0.02186,0.12979,,USD,2026-09-21T11:41:36+00:00
Technology,76,KSTR,KraneShares China Technology & Semiconductor STAR 50 Index ETF,KraneShares,Greater China Region,1611619200.0,419909824.0,89.0,,0.96891,1.3,-25.568531038721577,0.0,,57.30823970000001,188.0,0.02236,0.12218,,USD,2026-09-21T11:41:36+00:00
Technology,77,CLOU,Global X Cloud Computing ETF,Global X Funds,Technology,1555027200.0,382466336.0,68.0,,-1.5475400000000001,1.12,-5.01877773984295,0.0,,47.9176508,12.34,0.03097,0.16384,,USD,2026-09-21T11:41:36+00:00
Technology,78,QQQH,NEOS Nasdaq-100 Hedged Equity Income ETF,Neos Funds,Equity Hedged,1576713600.0,380480480.0,68.0,,7.91704,0.79,-3.1712473572938604,8.979999,,43.910830100000005,0.0,0.03417,0.11659,,USD,2026-09-21T11:41:36+00:00
Technology,79,WCLD,WisdomTree Cloud Computing Fund,WisdomTree,Technology,1567728000.0,366981408.0,44.99999999999999,,-8.0827504,1.16,-7.5792374827744595,0.0,,16.9382402,43.0,0.02769,0.16112,,USD,2026-09-21T11:41:36+00:00
Technology,80,NJAN,Innovator Growth-100 Power Buffer ETF - January,Innovator ETFs,Defined Outcome,1577750400.0,353842240.0,79.00001,,7.690329999999999,0.45,0.0,0.0,,,0.0,0.03432,0.11666,,USD,2026-09-21T11:41:36+00:00
Technology,81,QNDX,State Street SPDR Portfolio Nasdaq 100 ETF,State Street Investment Management,Large Blend,1782172800.0,347163232.0,10.0,,,0.0,-2.161729383506805,,,46.356998499999996,0.0,0.03424,0.11616,,USD,2026-09-21T11:41:36+00:00
Technology,82,WQTM,WisdomTree Quantum Computing Fund,WisdomTree,Technology,1759795200.0,336713376.0,44.99999999999999,,,0.0,-23.02114803625377,0.0,,47.1574689,48.0,0.0365,0.2635,,USD,2026-09-21T11:41:36+00:00
Technology,83,TDAQ,TappAlpha Innovation 100 Growth & Daily Income ETF,TappAlpha,Long-Short Equity,1756857600.0,328553568.0,83.0,,,0.0,-9.251101321585908,0.0,,99.74077,159.0,0.03432,0.11666,,USD,2026-09-21T11:41:36+00:00
Technology,84,LYTE,Roundhill Photonics & Optics ETF,Roundhill Investments,Technology,1785888000.0,317558816.0,64.999997,,,0.0,-9.200968523002418,0.0,,49.9089403,0.0,0.01875,0.09045,,USD,2026-09-21T11:41:36+00:00
Technology,85,GARY,Mango Growth ETF,Mango Growth ETF,Large Growth,1766102400.0,298723840.0,77.0,,,0.0,-3.805634807417979,0.0,,44.36591,0.0,0.02868,0.08824,,USD,2026-09-21T11:41:36+00:00
Technology,86,FDTX,Fidelity Disruptive Technology ETF,Fidelity Investments,Technology,1586995200.0,287904800.0,50.0,,8.799800000000001,1.69,-10.813990715543454,0.0,,51.24151019999999,44.0,0.02941,0.10418,,USD,2026-09-21T11:41:36+00:00
Technology,87,QTOP,iShares Nasdaq Top 30 Stocks ETF,iShares,Large Growth,1729641600.0,281859904.0,20.0,,,0.0,-3.414436128377518,0.33999999999999997,,61.78834900000001,30.0,0.03383,0.09623,,USD,2026-09-21T11:41:36+00:00
Technology,88,TDV,ProShares S&P Technology Dividend Aristocrats ETF,ProShares,Technology,1572912000.0,277380800.0,44.99999999999999,,11.61079,1.23,-6.813402061855678,1.0299999,,31.335870300000003,28.000000000000004,0.03955,0.20518,,USD,2026-09-21T11:41:36+00:00
Technology,89,FRWD,Nomura Transformational Technologies ETF,Nomura,Technology,1768176000.0,276454976.0,64.999997,,,0.0,-8.748201438848923,0.0,,52.862750000000005,11.0,0.03135,0.09837,,USD,2026-09-21T11:41:36+00:00
Technology,90,NJUL,Innovator Nasdaq-100 Power Buffer ETF - July,Innovator ETFs,Defined Outcome,1593475200.0,273633856.0,79.00001,,10.45736,0.6,-8.666233919509025,0.0,,,0.0,0.03432,0.11666,,USD,2026-09-21T11:41:36+00:00
Technology,91,TRFM,AAM Transformers ETF,AAM,Global Large-Stock Growth,1657497600.0,271222336.0,49.0,,,1.65,-10.108527131782951,0.13999999999999999,,8.82249,79.0,0.03297,0.19519,,USD,2026-09-21T11:41:36+00:00
Technology,92,SMHX,VanEck Fabless Semiconductor ETF,VanEck,Technology,1724716800.0,250329968.0,34.999998999999995,,,0.0,-16.549297834991215,0.02,,74.9691178,20.0,0.02487,0.0928,,USD,2026-09-21T11:41:36+00:00
Technology,93,GTEK,Goldman Sachs Future Tech Leaders Equity ETF,Goldman Sachs,Technology,1631577600.0,238017536.0,75.0,,7.133979999999999,1.89,-10.17478645998101,0.0,,29.4198003,59.0,0.02862,0.12969,,USD,2026-09-21T11:41:36+00:00
Technology,94,BCTK,Baron Technology ETF,"Baron Capital Group, Inc.",Technology,1640908800.0,235082720.0,75.0,,,1.6,-7.160637645616186,0.0,,59.21030030000001,57.99999999999999,0.02829,0.09553,,USD,2026-09-21T11:41:36+00:00
Technology,95,SPTE,SP Funds S&P Global Technology ETF,SP Funds,Technology,1701302400.0,232678448.0,54.99999999999999,,,0.0,-4.926108374384242,0.70999996,,65.50205120000001,31.0,0.02905,0.10189,,USD,2026-09-21T11:41:36+00:00
Technology,96,SHOC,Strive U.S. Semiconductor ETF,Strive AM,Technology,1664928000.0,228488704.0,40.0,,,2.13,-15.27991658646134,0.13,,78.1645708,22.0,0.02824,0.08447,,USD,2026-09-21T11:41:36+00:00
Technology,97,SPRX,Spear Alpha ETF,Spear,Technology,1627948800.0,214159024.0,75.0,,17.03708,2.31,-22.03045685279188,0.0,,65.6919593,2.23,0.01922,0.09322,,USD,2026-09-21T11:41:36+00:00
Technology,98,LOUP,Innovator Deepwater Frontier Tech ETF,Innovator ETFs,Technology,1532390400.0,213145920.0,69.99999799999999,,10.34511,2.08,-13.510293604506263,0.0,,39.7276795,117.0,0.0231,0.14019,,USD,2026-09-21T11:41:36+00:00
Technology,99,SNSR,Global X Internet of Things ETF,Global X Funds,Technology,1473638400.0,207041360.0,68.0,,5.4741703,1.69,-11.524163568773227,0.49,,48.8586097,17.23,0.03144,0.21585,,USD,2026-09-21T11:41:36+00:00
Technology,100,TRUT,Vaneck Technology Trusector ETF,VanEck,Technology,1755648000.0,205350864.0,13.999999999999998,,,0.0,-3.2545292545292703,0.19,,87.5721383,200.0,0.03076,0.08052,,USD,2026-09-21T11:41:36+00:00
Technology,101,QQMG,Invesco ESG NASDAQ 100 ETF,Invesco,Large Growth,1635292800.0,199729328.0,20.0,,,1.29,-3.104563835932994,0.36000002,,50.1356197,9.0,0.03345,0.10532,,USD,2026-09-21T11:41:36+00:00
Technology,102,QQQY,Defiance Nasdaq 100 Target 30 Weekly Distribution ETF,Defiance ETFs LLC,Trading--Miscellaneous,1694563200.0,189160624.0,101.0,,,0.0,-14.169884169884162,24.97,,1.7019399000000002,9.0,0.0,0.0,,USD,2026-09-21T11:41:36+00:00
Technology,103,NBDS,Neuberger Disrupters ETF,Neuberger Berman,Technology,1649203200.0,184088816.0,40.0,,,1.56,-6.85954269715352,0.0,,45.67673,34.0,0.0257,0.09502,,USD,2026-09-21T11:41:36+00:00
Technology,104,VEGN,US Vegan Climate ETF,Beyond Advisors IC,Large Growth,1567987200.0,183834304.0,60.0,,14.52965,1.34,-5.715621395179404,0.5,,37.2772001,15.0,0.03719,0.14878,,USD,2026-09-21T11:41:36+00:00
Technology,105,IPAY,Amplify Digital Payments ETF,Amplify ETFs,Miscellaneous Sector,1436918400.0,179721376.0,75.0,,-7.1556,1.34,-18.986486486486488,0.8,,54.92545040000001,28.999999999999996,0.05747,0.39774,,USD,2026-09-21T11:41:36+00:00
Technology,106,NJUN,Innovator Growth-100 Power Buffer ETF - June,Innovator ETFs,Defined Outcome,1717113600.0,176139472.0,79.00001,,,0.0,-1.2626050420168178,0.0,,,0.0,0.03432,0.11666,,USD,2026-09-21T11:41:36+00:00
Technology,107,FINX,Global X FinTech ETF,Global X Funds,Technology,1473638400.0,174752448.0,68.0,,-11.482080999999999,1.62,-27.585722315907812,0.7900001,,51.7064605,12.640001000000002,0.05057,0.36597,,USD,2026-09-21T11:41:36+00:00
Technology,108,FAI,First Trust Bloomberg Artificial Intelligence ETF,First Trust,Technology,1732060800.0,174642336.0,64.999997,,,0.0,-5.523082203535279,0.0,,61.67397999999999,10.0,0.03656,0.10493,,USD,2026-09-21T11:41:36+00:00
Technology,109,XAIX,Xtrackers Artificial Intelligence and Big Data ETF,Xtrackers,Technology,1722470400.0,173397248.0,34.999998999999995,,,0.0,-5.327768229806029,0.38999999999999996,,45.8057506,19.0,0.04193,0.19068,,USD,2026-09-21T11:41:36+00:00
Technology,110,QBUF,Innovator Nasdaq-100 10 Buffer ETF - Quarterly,Innovator ETFs,Defined Outcome,1719532800.0,169761520.0,79.00001,,,0.0,-1.2900738837134496,0.0,,,0.0,0.03432,0.11666,,USD,2026-09-21T11:41:36+00:00
Technology,111,QGRD,Horizon NASDAQ-100 Defined Risk ETF,Horizon Investments,Equity Hedged,1752019200.0,167181392.0,85.00000000000001,,,0.0,-4.368352788586249,1.4199998999999999,,4.0804800000000006,0.0,0.03432,0.11666,,USD,2026-09-21T11:41:36+00:00
Technology,112,MINV,Matthews Asia Innovators Active ETF,Matthews Asia Funds,Pacific/Asia ex-Japan Stk,1657670400.0,165860672.0,79.00001,,,1.41,-20.386367360314594,1.08,,41.0177407,101.95,0.04433,0.21835,,USD,2026-09-21T11:41:36+00:00
Technology,113,KNCT,Invesco Next Gen Connectivity E,Invesco,Technology,1119484800.0,162117344.0,40.0,,17.646449999999998,1.46,-8.350088704908343,0.64999997,,57.1761496,19.0,0.04482,0.1744,,USD,2026-09-21T11:41:36+00:00
Technology,114,EGGY,NestYield Dynamic Income ETF,NestYield,Equity Hedged,1735171200.0,158363360.0,92.0,,,0.0,-24.997279355751445,25.7,,68.5027394,172.0,0.0331,0.07408,,USD,2026-09-21T11:41:36+00:00
Technology,115,QMMY,FT Vest NASDAQ-100 Moderate Buffer ETF - May,First Trust,Defined Outcome,1715904000.0,149911424.0,89.99999999999999,,,0.0,-0.46469929025027,0.0,,,0.0,0.03432,0.11666,,USD,2026-09-21T11:41:36+00:00
Technology,116,FCLD,Fidelity Cloud Computing ETF,Fidelity Investments,Technology,1633392000.0,144661520.0,38.99999999999999,,,1.58,-3.568995633187766,0.01,,36.40714,39.0,0.03593,0.14549,,USD,2026-09-21T11:41:36+00:00
Technology,117,GXPT,Global X PureCap MSCI Information Technology ETF,Global X Funds,Technology,1753142400.0,138568816.0,15.0,,,0.0,-2.2948717948718,0.21,,74.53148995,2.7999999,0.03057,0.07796,,USD,2026-09-21T11:41:36+00:00
Technology,118,WCBR,WisdomTree Cybersecurity Fund,WisdomTree,Technology,1611619200.0,137343280.0,44.99999999999999,,9.5673904,1.11,-3.4877626260383043,0.0,,57.61284940000001,33.0,0.02603,0.13341,,USD,2026-09-21T11:41:36+00:00
Technology,119,IZRL,ARK Israel Innovative Technology ETF,ARK ETF Trust,Focused Region,1512345600.0,136147136.0,49.0,,-0.6435,0.92,-13.156288156288154,2.6500002,,20.150429899999995,56.00000000000001,0.04767,0.39637,,USD,2026-09-21T11:41:36+00:00
Technology,120,AIFD,TCW Artificial Intelligence ETF,TCW,Technology,1504137600.0,136128128.0,75.0,,17.361799,1.59,-9.342560553633216,0.0,,52.30752950000001,20.0,0.02754,0.08934,,USD,2026-09-21T11:41:36+00:00
Technology,121,AIVC,Amplify Bloomberg AI Value Chain ETF,Amplify ETFs,Technology,1457395200.0,134073712.0,58.999998,,15.610658999999998,2.03,-9.531514127022467,0.1,,28.9869395,129.0,0.03388,0.13093,,USD,2026-09-21T11:41:36+00:00
Technology,122,QCAP,FT Vest NASDAQ-100 Conservative Buffer ETF - April,First Trust,Defined Outcome,1713484800.0,126149296.0,89.99999999999999,,,0.0,-0.0011857238844337203,0.0,,,0.0,0.03432,0.11666,,USD,2026-09-21T11:41:36+00:00
Technology,123,CHPX,Global X AI Semiconductor & Quantum ETF,Global X Funds,Technology,1759190400.0,119383616.0,50.0,,,0.0,-13.606964285714284,0.0,,69.4556326,5.88,0.03313,0.09837,,USD,2026-09-21T11:41:36+00:00
Technology,124,ITEQ,Amplify Bluestar Israel Technology ETF,Amplify ETFs,Technology,1446422400.0,113631064.0,75.0,,-2.03932,1.26,-13.045633802816903,0.7799999999999999,,43.6858999,19.0,0.03503,0.2739,,USD,2026-09-21T11:41:36+00:00
Technology,125,CHPS,Xtrackers Semiconductor Select Equity ETF,Xtrackers,Technology,1689120000.0,107060728.0,15.0,,,2.46,-21.403102570039355,0.38,,46.297939299999996,24.0,0.03107,0.10647,,USD,2026-09-21T11:41:36+00:00
Technology,126,AOTG,AOT Growth and Innovation ETF,AOT Invest LLC,Technology,1656374400.0,104756072.0,75.0,,,1.59,-0.9462622046657154,0.0,,64.50703,31.0,0.03756,0.1115,,USD,2026-09-21T11:41:36+00:00
Technology,127,IBOT,Vaneck Robotics ETF,VanEck,Technology,1680652800.0,103219704.0,47.0,,,1.6,-9.36776145203112,0.31,,41.171490399999996,25.0,0.03343,0.22546,,USD,2026-09-21T11:41:36+00:00
Technology,128,QCJL,FT Vest NASDAQ-100 Conservative Buffer ETF - July,First Trust,Defined Outcome,1721347200.0,100228904.0,89.99999999999999,,,0.0,-1.2584226646248142,0.0,,,0.0,0.03432,0.11666,,USD,2026-09-21T11:41:36+00:00
Technology,129,NMAR,Innovator Growth-100 Power Buffer ETF - March,Innovator ETFs,Defined Outcome,1740700800.0,92472192.0,79.00001,,,0.0,-0.001215583784108798,0.0,,,0.0,0.03432,0.11666,,USD,2026-09-21T11:41:36+00:00
Technology,130,PBQQ,PGIM Laddered Nasdaq-100 Buffer 12 ETF,PGIM,Defined Outcome,1735257600.0,90339416.0,50.0,,,0.0,-0.43437790878061433,0.01,,99.94173900000001,0.0,0.03432,0.11666,,USD,2026-09-21T11:41:36+00:00
Technology,131,IQM,Franklin Intelligent Machines ETF,Franklin Templeton Investments,Technology,1582588800.0,88072984.0,50.0,,16.052419,1.73,-15.196101735203227,0.0,,42.7766407,33.0,0.03023,0.08785,,USD,2026-09-21T11:41:36+00:00
Technology,132,FCUS,Pinnacle Focused Opportunities ETF,Pinnacle,Mid-Cap Growth,1672185600.0,84695704.0,80.0,,,1.84,-15.081280269530428,1.1400000000000001,,45.1461609,5.28,0.03992,0.18813,,USD,2026-09-21T11:41:36+00:00
Technology,133,QCJA,FT Vest Nasdaq-100 Conservative Buffer ETF - January,First Trust,Defined Outcome,1736985600.0,82996264.0,89.99999999999999,,,0.0,-6.480172752257552,0.0,,,0.0,0.03432,0.11666,,USD,2026-09-21T11:41:36+00:00
Technology,134,NFEB,Innovator Growth-100 Power Buffer ETF - February,Innovator ETFs,Defined Outcome,1738281600.0,82425880.0,79.00001,,,0.0,0.0,0.0,,,0.0,0.03432,0.11666,,USD,2026-09-21T11:41:36+00:00
Technology,135,EGGQ,NestYield Visionary ETF,NestYield,Equity Hedged,1735257600.0,80936688.0,93.0,,,0.0,-20.88136599851521,6.74,,68.2250104,149.0,0.03469,0.07108,,USD,2026-09-21T11:41:36+00:00
Technology,136,NNOV,Innovator Growth-100 Power Buffer ETF - November,Innovator ETFs,Defined Outcome,1730332800.0,80614400.0,79.00001,,,0.0,-0.0015531326685747082,0.0,,,0.0,0.03432,0.11666,,USD,2026-09-21T11:41:36+00:00
Technology,137,QMAG,FT Vest Nasdaq-100 Moderate Buffer ETF - August,First Trust,Defined Outcome,1723766400.0,80095192.0,89.99999999999999,,,0.0,-0.3456221198156695,0.0,,,0.0,0.03432,0.11666,,USD,2026-09-21T11:41:36+00:00
Technology,138,DTEC,ALPS Disruptive Technologies ETF,ALPS,Technology,1514419200.0,77546808.0,50.0,,0.3516,1.26,-5.229364608076004,0.029999999000000003,,13.918330250000002,31.0,0.04465,0.30238,,USD,2026-09-21T11:41:36+00:00
Technology,139,XITK,State Street SPDR FactSet Innovative Technology ETF,State Street Investment Management,Technology,1452643200.0,70131208.0,44.99999999999999,,-2.79113,1.66,-7.349035388803404,0.0,,22.3221302,71.0,0.03657,0.182,,USD,2026-09-21T11:41:36+00:00
Technology,140,XDQQ,Innovator Growth-100 Accelerated ETF – Quarterly,Innovator ETFs,Defined Outcome,1617148800.0,65691956.0,79.00001,,6.1572097,0.94,-3.1696233292831,0.0,,,0.0,0.03432,0.11666,,USD,2026-09-21T11:41:36+00:00
Technology,141,QCOC,FT Vest Nasdaq-100 Conservative Buffer ETF – October,First Trust,Defined Outcome,1729209600.0,63283032.0,89.99999999999999,,,0.0,0.0,0.0,,,0.0,0.03432,0.11666,,USD,2026-09-21T11:41:36+00:00
Technology,142,NDEC,Innovator Growth-100 Power Buffer ETF - December,Innovator ETFs,Defined Outcome,1732838400.0,62610512.0,79.00001,,,0.0,0.0,0.0,,,0.0,0.03432,0.11666,,USD,2026-09-21T11:41:36+00:00
Technology,143,KWIN,KraneShares Wahed Alternative Income Index ETF,KraneShares,Large Value,1759449600.0,61817436.0,50.99999699999999,,,0.0,-4.718554039099965,0.0,,51.793009600000005,0.0,0.03037,0.14731,,USD,2026-09-21T11:41:36+00:00
Technology,144,EGGS,NestYield Total Return Guard ETF,NestYield,Equity Hedged,1735171200.0,57935268.0,93.0,,,0.0,-20.087912087912084,18.22,,64.2065896,2.61,0.03449,0.08688,,USD,2026-09-21T11:41:36+00:00
Technology,145,TEKY,Lazard Next Gen Technologies ETF,Lazard,Technology,1743724800.0,57514592.0,50.0,,,0.0,-6.784371389559906,0.16999999999999998,,36.994229700000005,11.0,0.02863,0.13303,,USD,2026-09-21T11:41:36+00:00
Technology,146,QQQA,ProShares Nasdaq-100 Dorsey Wright Momentum ETF,ProShares,Large Growth,1621296000.0,53648872.0,57.99999999999999,,8.8563405,1.73,-21.99326813014948,0.029999999000000003,,53.44698999999999,113.99999999999999,0.02523,0.08102,,USD,2026-09-21T11:41:36+00:00
Technology,147,DRUP,GraniteShares ETF Trust - GraniteShares Nasdaq Select Disruptors ETF,Graniteshares,Technology,1570406400.0,52913948.0,60.0,,10.404869999999999,1.18,-2.584025919143529,0.0,,47.9048897,47.0,0.03345,0.11913,,USD,2026-09-21T11:41:36+00:00
Technology,148,ASIA,Matthews Pacific Tiger Active ETF,Matthews Asia Funds,Pacific/Asia ex-Japan Stk,1695254400.0,52167044.0,79.00001,,,0.0,-13.550031598904578,0.86,,45.2711002,113.04001,0.06008,0.3571,,USD,2026-09-21T11:41:36+00:00
Technology,149,CNAV,Mohr Company Nav ETF,Mohrfunds,Large Blend,1727654400.0,49163576.0,130.99999,,,0.0,-16.03342329250571,0.0,,40.641849799999996,3.17,0.04015,0.18973,,USD,2026-09-21T11:41:36+00:00
Technology,150,CARZ,First Trust S-Network Future Vehicles & Technology ETF,First Trust,Technology,1304899200.0,47710108.0,69.99999799999999,,14.379430000000001,1.8,-13.615328407891525,1.2899999500000001,,45.75811039999999,46.0,0.04304,0.3037,,USD,2026-09-21T11:41:36+00:00
Technology,151,QMFE,FT Vest Nasdaq-100 Moderate Buffer ETF - February,First Trust,Defined Outcome,1740009600.0,46916020.0,89.99999999999999,,,0.0,-0.001209677419355959,0.0,,,0.0,0.03432,0.11666,,USD,2026-09-21T11:41:36+00:00
Technology,152,FMET,Fidelity Metaverse ETF,Fidelity Investments,Communications,1650326400.0,46431952.0,38.99999999999999,,,1.43,-4.468185544982484,0.49,,42.0060999,33.0,0.04557,0.2839,,USD,2026-09-21T11:41:36+00:00
Technology,153,QMNV,FT Vest Nasdaq-100 Moderate Buffer ETF – November,First Trust,Defined Outcome,1731542400.0,46007960.0,89.99999999999999,,,0.0,-0.09758942457230857,0.0,,,0.0,0.03432,0.11666,,USD,2026-09-21T11:41:36+00:00
Technology,154,GGME,Invesco Next Gen Media and Gaming ETF,Invesco,Technology,1119484800.0,45649504.0,63.0,,4.4746198,1.26,-1.655031731640988,0.02,,62.8657293,27.0,0.03988,0.14658,,USD,2026-09-21T11:41:36+00:00
Technology,155,QQQG,Pacer Nasdaq 100 Top 50 Cash Cows Growth Leaders ETF,Pacer,Large Growth,1724025600.0,44189576.0,49.0,,,0.0,-6.740585774058583,0.05,,48.4835095,77.0,0.02911,0.09836,,USD,2026-09-21T11:41:36+00:00
Technology,156,TEK,iShares Technology Opportunities Active ETF,BlackRock,Technology,1729468800.0,41544472.0,75.0,,,0.0,-10.581527936145951,1.24,,52.6648998,67.0,0.03494,0.0984,,USD,2026-09-21T11:41:36+00:00
Technology,157,SEMI,Columbia Select Technology ETF,Columbia Threadneedle,Technology,1648512000.0,40980052.0,75.0,,,1.63,-6.173044114062886,3.5999999999999996,,65.79763069999998,65.0,0.03095,0.08433,,USD,2026-09-21T11:41:36+00:00
Technology,158,LRNZ,"TrueShares Technology, AI and Deep Learning ETF",TrueShares,Technology,1582848000.0,40329876.0,69.0,,5.8062702,1.8,-0.7388602606850481,0.0,,53.791310100000004,28.000000000000004,0.02761,0.08693,,USD,2026-09-21T11:41:36+00:00
Technology,159,MSTQ,LHA Market State Tactical Q ETF,Little Harbor Advisors,Equity Hedged,1647216000.0,39764056.0,155.0,,,1.13,-5.72322939328015,0.67000003,,88.61248400000001,40.0,0.03437,0.11713,,USD,2026-09-21T11:41:36+00:00
Technology,160,XPND,First Trust Expanded Technology ETF,First Trust,Technology,1623628800.0,39351924.0,64.999997,,12.81012,1.26,-8.603113116186801,0.08,,48.2070204,71.0,0.02887,0.08438,,USD,2026-09-21T11:41:36+00:00
Technology,161,WAR,U.S. Global Technology and Aerospace & Defense ETF,U.S. Global Investors,Technology,1735257600.0,37633184.0,60.0,,,0.0,-14.0920907079646,0.13,,58.07084960000001,3.94,0.02661,0.15979,,USD,2026-09-21T11:41:36+00:00
Technology,162,TUG,STF Tactical Growth ETF,STFM,Tactical Allocation,1652832000.0,33808712.0,64.999997,,,1.31,-2.706870324449351,0.5,,48.8964301,4.0,0.03396,0.11215,,USD,2026-09-21T11:41:36+00:00
Technology,163,NRSH,Aztlan North America Nearshoring Stock Selection ETF,Aztlan ETFs,Industrials,1701216000.0,33301488.0,76.0,,,0.0,-15.557331090552296,0.31,,43.1850694,184.0,0.0324,0.14696,,USD,2026-09-21T11:41:36+00:00
Technology,164,PQJA,PGIM Nasdaq-100 Buffer 12 ETF - January,PGIM,Defined Outcome,1735257600.0,32583724.0,50.0,,,0.0,0.0,0.0,,,0.0,0.03432,0.11666,,USD,2026-09-21T11:41:36+00:00
Technology,165,PQAP,PGIM Nasdaq-100 Buffer 12 ETF - April,PGIM,Defined Outcome,1735257600.0,29362348.0,50.0,,,0.0,0.0,0.02,,,0.0,0.03432,0.11666,,USD,2026-09-21T11:41:36+00:00
Technology,166,EZRO,Alphadroid Defensive Sector Rotation ETF,Teucrium,Miscellaneous Sector,1760486400.0,29239496.0,101.0,,,0.0,-9.92743105950652,0.0,,99.84859100000001,82.0,0.04578,0.23128,,USD,2026-09-21T11:41:36+00:00
Technology,167,CLCG,Crossmark Large Cap Growth ETF,Crossmark Inc,Large Growth,1753142400.0,29131580.0,50.0,,,0.0,-3.474581939799326,0.059999997,,58.3874107,0.0,0.03758,0.10698,,USD,2026-09-21T11:41:36+00:00
Technology,168,WISE,Themes Generative Artificial Intelligence ETF,Themes ETF Trust,Technology,1701907200.0,28678110.0,34.999998999999995,,,0.0,-28.859129012471875,4.4299997,,52.7484706,0.0,0.03412,0.2644,,USD,2026-09-21T11:41:36+00:00
Technology,169,JHAI,Janus Henderson Global Artificial Intelligence ETF,Janus Henderson,Technology,1755561600.0,27704518.0,58.999998,,,0.0,-7.525318169509887,0.33000002,,62.6910104,14.000000000000002,0.03222,0.09225,,USD,2026-09-21T11:41:36+00:00
Technology,170,QTJL,Innovator Growth Accelerated Plus ETF - July,Innovator ETFs,Defined Outcome,1625011200.0,27430968.0,79.00001,,9.648,0.81,-0.3083411433926875,0.0,,,0.0,0.03432,0.11666,,USD,2026-09-21T11:41:36+00:00
Technology,171,HBMX,Tuttle Capital Concentrated Memory Stack ETF,"Tuttle Capital Management, LLC",Technology,1780272000.0,26530658.0,95.0,,,0.0,-26.645768025078375,0.0,,57.94300020000001,0.0,0.03135,0.1131,,USD,2026-09-21T11:41:36+00:00
Technology,172,SMHC,VanEck China Semiconductor ETF,VanEck,Greater China Region,1782172800.0,26161498.0,64.999997,,,0.0,-29.960692968408786,,,57.5365503,0.0,0.01893,0.08996,,USD,2026-09-21T11:41:36+00:00
Technology,173,PQJL,PGIM Nasdaq-100 Buffer 12 ETF - July,PGIM,Defined Outcome,1735257600.0,25432354.0,50.0,,,0.0,-0.5585700606447364,0.01,,,0.0,0.03432,0.11666,,USD,2026-09-21T11:41:36+00:00
Technology,174,PQOC,PGIM Nasdaq-100 Buffer 12 ETF - October,PGIM,Defined Outcome,1735257600.0,25259418.0,50.0,,,0.0,0.0,0.0,,,0.0,0.03432,0.11666,,USD,2026-09-21T11:41:36+00:00
Telecom,1,XLC,State Street Communication Services Select Sector SPDR ETF,State Street Investment Management,Communications,1529280000.0,22430177280.0,8.0,,7.007040000000001,0.85,-7.968938167019646,1.28,,69.32526,40.0,0.06503,0.34305,,USD,2026-09-21T11:41:36+00:00
Telecom,2,VOX,Vanguard Communication Services Index Fund ETF Shares,Vanguard,Communications,1095897600.0,5934089216.0,9.000000400000001,,6.39217,0.99,-5.523733625541672,1.05,,68.8669708,12.0,0.05895,0.2918,,USD,2026-09-21T11:41:36+00:00
Telecom,3,FCOM,Fidelity MSCI Communication Services Index ETF,Fidelity Investments,Communications,1382313600.0,1792066432.0,8.4,,6.2506699999999995,1.0,-5.833552804845921,1.0,,69.64657999999999,13.0,0.05899,0.28946,,USD,2026-09-21T11:41:36+00:00
Telecom,4,IXP,iShares Global Comm Services ETF,iShares,Communications,1005523200.0,466986912.0,37.0,,8.20645,0.9,-6.516525991953925,3.36,,66.05829920000001,28.000000000000004,0.06531,0.35161,,USD,2026-09-21T11:41:36+00:00
Telecom,5,ESPO,VanEck Video Gaming and eSports ETF,VanEck,Communications,1539648000.0,254046640.0,54.99999999999999,,9.0767205,0.83,-21.29441418001463,1.3200001,,65.0162602,53.0,0.05131,0.3493,,USD,2026-09-21T11:41:36+00:00
Telecom,6,GXPC,Global X Purecap MSCI Communication Services ETF,Global X Funds,Communications,1753142400.0,113400240.0,15.0,,,0.0,-8.94988066825777,0.32,,93.55246005,5.33,0.05786,0.21043,,USD,2026-09-21T11:41:36+00:00
Telecom,7,SOCL,Global X Social Media ETF,Global X Funds,Communications,1321228800.0,87414192.0,64.999997,,-6.970809999999999,1.21,-30.67146053052092,0.47999998000000005,,68.9646092,9.790000000000001,0.05142,0.44607,,USD,2026-09-21T11:41:36+00:00
Telecom,8,HERO,Global X Video Games & Esports ETF,Global X Funds,Communications,1571961600.0,64167520.0,50.0,,-0.7603099999999999,0.85,-21.40151515151515,1.6900001000000002,,58.06002960000001,30.12,0.05641,0.458,,USD,2026-09-21T11:41:36+00:00
Telecom,9,TRUC,VanEck Communication Services TruSector ETF,VanEck,Communications,1771372800.0,63234872.0,13.999999999999998,,,0.0,-7.5497097242380296,0.0,,100.13180002999998,0.0,0.06299,0.29162,,USD,2026-09-21T11:41:36+00:00
Telecom,10,RSPC,Invesco S&P 500 Equal Weight Communication Services ETF,Invesco,Communications,1541548800.0,57591372.0,40.0,,-0.03551,0.72,-13.447311309380272,1.7500000000000002,,50.131459500000005,38.0,0.06424,0.40778,,USD,2026-09-21T11:41:36+00:00
Telecom,11,BDRY,Breakwave Dry Bulk Shipping ETF,Amplify ETFs,Miscellaneous Sector,1521590400.0,34674844.0,3.5000000000000004,,-12.54634,2.71,-5.9245960502693045,0.0,,18.56146,0.0,0.1001,1.4615,,USD,2026-09-21T11:41:36+00:00
Telecom,12,MUSQ,MUSQ Global Music Industry Index ETF,MUSQ,Miscellaneous Sector,1688601600.0,21262392.0,75.0,,,0.98,-17.86535303776683,0.69,,64.5828298,41.0,0.04167,0.28853,,USD,2026-09-21T11:41:36+00:00
Telecom,13,NERD,Roundhill Video Games ETF,Roundhill Investments,Communications,1559520000.0,15287605.0,50.0,,-2.87674,0.89,-21.20359915314044,0.67000003,,64.44400900000001,64.0,0.05787,0.40608,,USD,2026-09-21T11:41:36+00:00
Telecom,14,BNGE,First Trust S-Network Streaming & Gaming ETF,First Trust,Communications,1643068800.0,4901487.0,69.99999799999999,,,0.94,-23.367933723196877,0.37,,49.4322302,27.0,0.05211,0.33483,,USD,2026-09-21T11:41:36+00:00
Theme - Natural Resources,1,NANR,SPDR S&P North American Natural Resources ETF,State Street Investment Management,Natural Resources,1450137600.0,847078464.0,34.999998999999995,,20.755278999999998,0.45,-4.187940570437043,1.5800001000000001,,39.604919699999996,21.0,0.05573,0.40762,,USD,2026-09-21T11:41:36+00:00
Theme - Robotics & AI,1,BOTZ,Global X Robotics & Artificial Intelligence ETF,Global X Funds,Technology,1473638400.0,3438523904.0,68.0,,-1.8263800000000001,1.82,-15.823543514744664,0.49,,60.03315,12.109999,0.02927,0.24602,,USD,2026-09-21T11:41:36+00:00
Utilities,1,XLU,State Street Utilities Select Sector SPDR ETF,State Street Investment Management,Utilities,913766400.0,21836873728.0,8.0,,7.53513,0.43,-14.016736401673635,2.8299998,,58.59212009999999,200.0,0.05259,0.46688,,USD,2026-09-21T11:41:36+00:00
Utilities,2,VPU,Vanguard Utilities Index Fund ETF Shares,Vanguard,Utilities,1075075200.0,10076388352.0,9.000000400000001,,7.4803,0.44,-13.643862202814173,2.8299998,,52.70344060000001,6.0,0.0526,0.47606,,USD,2026-09-21T11:41:36+00:00
Utilities,3,FUTY,Fidelity MSCI Utilities Index ETF,Fidelity Investments,Utilities,1382313600.0,2250777856.0,8.4,,7.548209999999999,0.44,-14.241586733864409,2.77,,52.5116597,4.0,0.05256,0.47585,,USD,2026-09-21T11:41:36+00:00
Utilities,4,IDU,iShares U.S. Utilities ETF,iShares,Utilities,960768000.0,1296625536.0,37.0,,7.679679999999999,0.42,-13.747723886773711,2.34,,52.2057093,3.0,0.05071,0.43481,,USD,2026-09-21T11:41:36+00:00
Utilities,5,UTES,Virtus Reaves Utilities ETF,Virtus,Utilities,1442966400.0,1221149056.0,49.0,,12.69892,0.74,-19.053704101595635,1.59,,70.1503517,66.0,0.04471,0.35731,,USD,2026-09-21T11:41:36+00:00
Utilities,6,FXU,First Trust Utilities AlphaDEX Fund,First Trust,Utilities,1178582400.0,781084416.0,61.000003,,10.898480600000001,0.41,-11.875242154203791,2.29,,40.85861919999999,68.0,0.0648,0.54143,,USD,2026-09-21T11:41:36+00:00
Utilities,7,RSPU,Invesco S&P 500 Equal Weight Utilities ETF,Invesco,Utilities,1162339200.0,524186368.0,40.0,,9.28113,0.38,-13.765972550875528,2.71,,34.38728,9.0,0.0571,0.49183,,USD,2026-09-21T11:41:36+00:00
Utilities,8,ZAP,Global X U.S. Electrification ETF,Global X Funds,Utilities,1734393600.0,451247872.0,50.0,,,0.0,-12.486012998022044,1.7399999999999998,,42.097060400000004,18.090001,0.04683,0.41192,,USD,2026-09-21T11:41:36+00:00
Utilities,9,JXI,iShares Global Utilities ETF,iShares,Utilities,1158019200.0,299284832.0,37.0,,8.5699596,0.45,-12.054612054612058,2.53,,43.1539492,6.0,0.05452,0.49884,,USD,2026-09-21T11:41:36+00:00
Utilities,10,FAN,First Trust Global Wind Energy ETF,First Trust,Miscellaneous Sector,1213574400.0,244763264.0,60.0,,3.36435,0.96,-14.358974358974363,0.9900000000000001,,54.4275516,34.0,0.04261,0.55006,,USD,2026-09-21T11:41:36+00:00
Utilities,11,PUI,Invesco Dorsey Wright Utilities Momentum ETF,Invesco,Utilities,1130284800.0,51848208.0,60.0,,7.18844,0.48,-13.94361054766733,2.15,,36.634920799999996,57.99999999999999,0.05148,0.46013,,USD,2026-09-21T11:41:36+00:00
Utilities,12,RNRG,Global X Renewable Energy Producers ETF,Global X Funds,Equity Energy,1432684800.0,25972512.0,64.999997,,-6.17654,1.02,-15.755667506297232,1.71,,54.7197599,31.790000000000003,0.04723,0.66212,,USD,2026-09-21T11:41:36+00:00
Utilities,13,BILD,Nomura Global Listed Infrastructure ETF,Nomura,Infrastructure,1701129600.0,8113423.0,49.0,,,0.0,-9.929841120025173,4.77,,38.4153998,34.0,0.05113,0.51795,,USD,2026-09-21T11:41:36+00:00
Utilities,14,PWRZ,TrueShares Eagle Global Next Gen Power Infrastructure ETF,TrueShares,Equity Energy,1670371200.0,5750960.0,75.0,,,0.64,-10.869409660107332,1.87,,63.071740700000014,43.0,0.04694,0.52843,,USD,2026-09-21T11:41:36+00:00
Utilities,15,TRUU,Vaneck Utilities TruSector ETF,VanEck,Utilities,1783382400.0,230867.0,10.0,,,0.0,-11.182213438735179,,,58.2351281,0.0,0.04966,0.44397,,USD,2026-09-21T11:41:36+00:00
Utilities Infrastructure,1,PAVE,Global X U.S. Infrastructure Development ETF,Global X Funds,Infrastructure,1488758400.0,13504796672.0,47.0,,16.150261,1.28,-12.361409895747144,0.7900001,,31.759400399999993,9.98,0.03555,0.25078,,USD,2026-09-21T11:41:36+00:00
Utilities Infrastructure,2,GRID,First Trust NASDAQ Clean Edge Smart Grid Infrastructure Index Fund,First Trust,Infrastructure,1258329600.0,11838994432.0,55.99999999999999,,14.221929,1.44,-10.870543527176368,0.8,,58.400010599999995,26.0,0.03425,0.22926,,USD,2026-09-21T11:41:36+00:00
Utilities Infrastructure,3,IGF,iShares Global Infrastructure ETF,iShares,Infrastructure,1197244800.0,10484185088.0,37.0,,9.8245405,0.55,-9.238505747126425,2.96,,39.2979208,11.0,0.04928,0.44834,,USD,2026-09-21T11:41:36+00:00
Utilities Infrastructure,4,IFRA,iShares U.S. Infrastructure ETF,iShares,Infrastructure,1522713600.0,4193918464.0,30.0,,12.520919999999998,0.92,-11.875486381322965,1.66,,33.12062040000001,68.0,0.04369,0.33694,,USD,2026-09-21T11:41:36+00:00
Utilities Infrastructure,5,NFRA,Northern Trust STOXX Global Broad Infrastructure ETF,Northern Trust,Infrastructure,1381190400.0,3077518336.0,47.0,,5.74179,0.65,-4.854513064133014,5.6399997,,28.956549799999998,13.0,0.05729,0.4146,,USD,2026-09-21T11:41:36+00:00
Utilities Infrastructure,6,BKGI,Bny Mellon Global Infrastructure Income ETF,BNY Mellon,Infrastructure,1667347200.0,1576524160.0,54.99999999999999,,,0.52,-7.066609735269003,2.9499999999999997,,55.2049098,40.01,0.05332,0.3969,,USD,2026-09-21T11:41:36+00:00
Utilities Infrastructure,7,GII,State Street SPDR S&P Global Infrastructure ETF,State Street Investment Management,Infrastructure,1169683200.0,941213120.0,40.0,,9.7368896,0.56,-9.040911969601007,2.73,,39.352169399999994,10.0,0.04925,0.44792,,USD,2026-09-21T11:41:36+00:00
Utilities Infrastructure,8,NGIF,Nuveen Global Infrastructure Fund ETF Class,,,,,,,,,-7.834090909090897,,,,,,,,USD,2026-09-21T11:41:36+00:00
Utilities Infrastructure,9,POWR,iShares U.S. Power Infrastructure ETF,,,,,,,,,-13.04500703234881,0.0,,,,19.043613,,,USD,2026-09-21T11:41:36+00:00
Utilities Infrastructure,10,TCAI,Tortoise AI Infrastructure ETF,"Tortoise Capital Advisors, LLC",Infrastructure,1754265600.0,230074784.0,64.999997,,,0.0,-18.829950537267603,0.029999999000000003,,42.6299501,31.0,0.0314,0.14928,,USD,2026-09-21T11:41:36+00:00
Utilities Infrastructure,11,TOLZ,ProShares DJ Brookfield Global Infrastructure ETF,ProShares,Infrastructure,1395705600.0,173735904.0,46.0,,7.88498,0.45,-7.9893924783027925,3.01,,39.6346505,16.0,0.0531,0.42937,,USD,2026-09-21T11:41:36+00:00
Utilities Infrastructure,12,BLDX,Impax Global Sustainable Infrastructure ETF,Impax Asset Management,Infrastructure,1481846400.0,118011912.0,60.0,,3.75734,0.77,-22.352868217054265,2.15,,41.16554,53.0,0.04536,0.34505,,USD,2026-09-21T11:41:36+00:00
Utilities Infrastructure,13,BILT,iShares Infrastructure Active ETF,BlackRock,Infrastructure,1753747200.0,113349296.0,60.0,,,0.0,-10.570469798657722,2.08,,42.270829899999995,188.0,0.0488,0.44425,,USD,2026-09-21T11:41:36+00:00
Utilities Infrastructure,14,NFRX,Harrison Street Infrastructure Active ETF,Harrison Street,Infrastructure,1769644800.0,113194936.0,80.0,,,0.0,-9.094929881337643,0.0,,45.3639304,0.0,0.04803,0.36727,,USD,2026-09-21T11:41:36+00:00
Utilities Infrastructure,15,KWH,GMO Power Infrastructure ETF,GMO,Infrastructure,1783987200.0,57536064.0,60.0,,,0.0,-7.012800620636151,0.0,,30.754289899999996,0.0,0.04595,0.35714,,USD,2026-09-21T11:41:36+00:00
Utilities Infrastructure,16,GLIX,Lazard Listed Infrastructure ETF,Lazard,Infrastructure,1759449600.0,46994420.0,95.999995,,,0.0,-14.817853626517884,0.0,,51.1843698,3.0,0.04871,0.42658,,USD,2026-09-21T11:41:36+00:00
Utilities Infrastructure,17,CSIO,Cohen & Steers Infrastructure Opportunities Active ETF,,,,,,,,,-8.930323846908738,0.0,,,,18.058264,,,USD,2026-09-21T11:41:36+00:00
Utilities Infrastructure,18,RIFR,Russell Investments Global Infrastructure ETF,Russell Investment Management Limited,Infrastructure,1747094400.0,44185600.0,58.999998,,,0.0,-5.87934560327199,0.88,,37.78632,0.0,0.04502,0.38486,,USD,2026-09-21T11:41:36+00:00
Utilities Infrastructure,19,NUIF,Nuveen U.S. Infrastructure ETF,Nuveen,Infrastructure,1781654400.0,23744980.0,54.99999999999999,,,0.0,-8.974001507159002,,,54.498479,0.0,0.04335,0.34354,,USD,2026-09-21T11:41:36+00:00
Utilities Infrastructure,20,SIMS,State Street SPDR S&P Kensho Intelligent Structures ETF,State Street Investment Management,Infrastructure,1513555200.0,8208943.0,44.99999999999999,,0.1178,1.41,-11.288084650856389,0.58,,30.777540400000003,36.0,0.04518,0.37223,,USD,2026-09-21T11:41:36+00:00
Utilities Infrastructure,21,BILD,Nomura Global Listed Infrastructure ETF,Nomura,Infrastructure,1701129600.0,8113423.0,49.0,,,0.0,-9.929841120025173,4.77,,38.4153998,34.0,0.05113,0.51795,,USD,2026-09-21T11:41:36+00:00
Utilities Infrastructure,22,EFRA,iShares Environmental Infrastructure and Industrials ETF,iShares,Infrastructure,1667260800.0,5693314.0,47.0,,,0.82,-7.392871445734883,1.59,,50.761669600000005,24.0,0.04707,0.38791,,USD,2026-09-21T11:41:36+00:00
Utilities Infrastructure,23,IPAV,Global X Infrastructure Development ex-U.S. ETF,Global X Funds,Infrastructure,1724716800.0,5456623.0,54.99999999999999,,,0.0,-11.481638418079099,1.49,,28.1378003,45.139998,0.04482,0.60639,,USD,2026-09-21T11:41:36+00:00
Utilities Infrastructure,24,BUIL,Rebuild America ETF,Sound Capital Solutions LLC,Infrastructure,1789430400.0,,64.999997,,,,-0.9800078400627243,0.0,,,0.0,0.0,0.0,,USD,2026-09-21T11:41:36+00:00
