sector,yahoo_sector_key,rank,ticker,etf_name,source_url,retrieved_at_utc,screen_language,screen_region,screen_quote_type,screen_type_disp,screen_quote_source_name,screen_triggerable,screen_custom_price_alert_confidence,screen_yield_ttm,screen_pe_ttm,screen_annual_return_nav_y3,screen_annual_return_nav_y5,screen_has_pre_post_market_data,screen_first_trade_date_milliseconds,screen_price_hint,screen_pre_market_change,screen_pre_market_change_percent,screen_pre_market_time,screen_pre_market_price,screen_regular_market_change,screen_regular_market_time,screen_regular_market_price,screen_regular_market_day_high,screen_regular_market_day_range,screen_regular_market_day_low,screen_regular_market_volume,screen_regular_market_previous_close,screen_bid_size,screen_ask_size,screen_market,screen_message_board_id,screen_full_exchange_name,screen_currency,screen_long_name,screen_regular_market_open,screen_average_daily_volume3_month,screen_average_daily_volume10_day,screen_corporate_actions,screen_fifty_two_week_low_change,screen_fifty_two_week_low_change_percent,screen_fifty_two_week_range,screen_fifty_two_week_high_change,screen_fifty_two_week_high_change_percent,screen_fifty_two_week_change_percent,screen_trailing_annual_dividend_rate,screen_trailing_pe,screen_trailing_annual_dividend_yield,screen_ytd_return,screen_trailing_three_month_returns,screen_trailing_three_month_nav_returns,screen_net_assets,screen_market_state,screen_eps_trailing_twelve_months,screen_shares_outstanding,screen_book_value,screen_fifty_day_average,screen_fifty_day_average_change,screen_fifty_day_average_change_percent,screen_two_hundred_day_average,screen_two_hundred_day_average_change,screen_two_hundred_day_average_change_percent,screen_price_to_book,screen_source_interval,screen_exchange_data_delayed_by,screen_exchange_timezone_name,screen_exchange_timezone_short_name,screen_gmt_off_set_milliseconds,screen_esg_populated,screen_tradeable,screen_crypto_tradeable,screen_regular_market_change_percent,screen_net_expense_ratio,screen_exchange,screen_fifty_two_week_high,screen_fifty_two_week_low,screen_dividend_yield,screen_financial_currency,screen_short_name,screen_fullday_price,screen_fullday_change,screen_fullday_change_percent,screen_ask,screen_bid,screen_symbol,screen_earnings_timestamp_start,screen_earnings_timestamp_end,screen_dividend_date,screen_ipo_expected_date,screen_display_name,screen_earnings_call_timestamp_start,screen_earnings_call_timestamp_end,screen_is_earnings_date_estimate,screen_prev_name,screen_name_change_date
Financials,financial-services,1,XLF,State Street Financial Select Sector SPDR ETF,https://finance.yahoo.com/research-hub/screener/sec-ind_sec-top-etfs_financial-services/,2026-09-28T12:36:45+00:00,en-US,US,ETF,ETF,Delayed Quote,False,LOW,1.4,16.363934,12.03122,34.82752,True,914337000000,2,-0.13999939,-0.255287,1790597795.0,54.7,0.310001,1790366400,54.84,54.885,54.31 - 54.885,54.31,29036071,54.53,23700,25100,us_market,finmb_8795483,NYSEArca,USD,State Street Financial Select Sector SPDR ETF,54.625,32383525,38769690,[],7.170002,0.1504091,47.67 - 58.6,-3.7599983,-0.0641638,1.3116598,0.58,15.550133,0.010636347,6.2588,12.25871,12.25871,54592369000.0,PRE,3.526658,883444992.0,34.017,57.0458,-2.205799,-0.03866716,53.7283,1.111702,0.02069118,1.6121352,15,0,America/New_York,EDT,-14400000,False,False,False,0.568497,0.08,PCX,58.6,47.67,1.4,USD,State Street Financial Select S,54.7,-0.13000107,-0.23709843,0.0,0.0,XLF,,,,,,,,,,
Financials,financial-services,2,MINT,PIMCO Enhanced Short Maturity Active Exchange-Traded Fund,https://finance.yahoo.com/research-hub/screener/sec-ind_sec-top-etfs_financial-services/,2026-09-28T12:36:45+00:00,en-US,US,ETF,ETF,Delayed Quote,False,LOW,,,6.18811,0.00646,True,1258468200000,2,0.0,0.0,1790593200.0,100.65,0.0,1790366400,100.65,100.67,100.63 - 100.67,100.63,1875224,100.65,2800,3700,us_market,finmb_79688203,NYSEArca,USD,PIMCO Enhanced Short Maturity Active Exchange-Traded Fund,100.66,1647777,2230680,[],0.37000275,0.0036896963,100.28 - 100.82,-0.16999817,-0.0016861552,0.029814243,0.0,,0.0,2.82227,1.01777,1.01777,17526976500.0,PRE,,,,100.6406,0.009399414,9.339584e-05,100.56675,0.08325195,0.00082782784,,15,0,America/New_York,EDT,-14400000,False,False,False,0.0,0.36,PCX,100.82,100.28,4.18,,PIMCO Enhanced Short Maturity A,100.65,0.0,0.0,100.65,100.63,MINT,1487347140.0,1487696400.0,,,,,,,,
Financials,financial-services,3,BINC,iShares Flexible Income Active ETF,https://finance.yahoo.com/research-hub/screener/sec-ind_sec-top-etfs_financial-services/,2026-09-28T12:36:45+00:00,en-US,US,ETF,ETF,Delayed Quote,False,LOW,5.54,50.0,,,True,1684848600000,2,-0.19999695,-0.39207402,1790594823.0,50.81,0.00999832,1790366400,51.01,51.02,50.94 - 51.02,50.94,4008093,51.0,3900,5600,us_market,finmb_1829362433,NYSEArca,USD,iShares Flexible Income Active ETF,50.99,1936711,2634160,[],0.069999695,0.0013741597,50.94 - 53.51,-2.5,-0.04672024,-4.206574,0.0,48.794716,0.0,1.49914,0.35119,0.35119,16661741600.0,PRE,1.0454,,,51.762,-0.7520027,-0.014528085,52.30995,-1.2999535,-0.024850978,,15,0,America/New_York,EDT,-14400000,False,False,False,0.0196046,0.4,PCX,53.51,50.94,5.59,,iShares Flexible Income Active ,50.81,-0.21279907,-0.4171713,53.0,49.0,BINC,,,,,,,,,,
Financials,financial-services,4,VFH,Vanguard Financials Index Fund ETF Shares,https://finance.yahoo.com/research-hub/screener/sec-ind_sec-top-etfs_financial-services/,2026-09-28T12:36:45+00:00,en-US,US,ETF,ETF,Delayed Quote,False,LOW,1.65,15.683814,14.05533,35.22322,True,1075473000000,2,,,,,0.819992,1790366400,133.67,133.83,132.48 - 133.83,132.48,952167,132.85,400,300,us_market,finmb_22939085,NYSEArca,USD,Vanguard Financials Index Fund ETF Shares,133.32,549292,780690,[],17.0,0.14571013,116.67 - 143.2,-9.529999,-0.06655027,1.2651563,,14.877976,,6.60892,12.01564,12.01564,14771595300.0,PRE,8.984421,,,139.4738,-5.8038025,-0.041612133,131.55695,2.1130524,0.016061883,,15,0,America/New_York,EDT,-14400000,False,False,False,0.617231,0.09,PCX,143.2,116.67,1.65,,Vanguard Financials ETF,133.67,0.819992,0.617231,134.36,132.25,VFH,,,,,,,,,,
Financials,financial-services,5,SPHY,State Street SPDR Portfolio High Yield Bond ETF,https://finance.yahoo.com/research-hub/screener/sec-ind_sec-top-etfs_financial-services/,2026-09-28T12:36:45+00:00,en-US,US,ETF,ETF,Nasdaq Real Time Price,False,LOW,7.39,59.41770647653,13.56018,5.83563,True,1340112600000,2,-0.024999619,-0.10976781,1790598622.0,22.75,-0.0199986,1790366400,22.78,22.82,22.73 - 22.82,22.73,6305928,22.8,108900,53700,us_market,finmb_209210880,NYSEArca,USD,State Street SPDR Portfolio High Yield Bond ETF,22.8,5480785,4722690,[],0.050001144,0.0021997865,22.73 - 23.97,-1.1899986,-0.049645334,-4.8851786,0.0,56.913227,0.0,2.71872,1.00345,1.00345,12023594000.0,PRE,0.40025845,,,23.1848,-0.4047985,-0.017459651,23.4337,-0.6536999,-0.027895717,,15,0,America/New_York,EDT,-14400000,False,False,False,-0.0877129,0.05,PCX,23.97,22.73,7.19,,State Street SPDR Portfolio Hig,22.75,-0.024999619,-0.10976781,22.78,22.63,SPHY,,,,,,,,,,
Financials,financial-services,6,BOND,PIMCO Active Bond Exchange-Traded Fund,https://finance.yahoo.com/research-hub/screener/sec-ind_sec-top-etfs_financial-services/,2026-09-28T12:36:45+00:00,en-US,US,ETF,ETF,Nasdaq Real Time Price,False,LOW,,,6.32956,-0.59027,True,1330612200000,2,,,,,0.120003,1790366410,87.69,87.725,87.275 - 87.725,87.275,1693435,87.57,3000,1700,us_market,finmb_171935623,NYSE,USD,PIMCO Active Bond Exchange-Traded Fund,87.49,650836,1068150,[],0.4200058,0.004812717,87.27 - 94.68,-6.989998,-0.07382761,-6.1034384,0.0,1.5520355,0.0,0.01699,-0.6457,-0.6457,8590745600.0,PRE,56.5,,,90.1102,-2.4201965,-0.026858186,92.02035,-4.330345,-0.04705856,,15,0,America/New_York,EDT,-14400000,False,False,False,0.137036,0.54,NYQ,94.68,87.27,5.25,,PIMCO Active Bond Exchange-Trad,87.69,0.120003,0.137036,0.0,0.0,BOND,,,,,,,,,,
Financials,financial-services,7,KBWB,Invesco KBW Bank ETF,https://finance.yahoo.com/research-hub/screener/sec-ind_sec-top-etfs_financial-services/,2026-09-28T12:36:45+00:00,en-US,US,ETF,ETF,Delayed Quote,False,LOW,1.95,13.98797,-1.18149,37.87595,True,1320154200000,2,0.62999725,0.70023036,1790595085.0,90.6,0.94000244,1790366401,89.97,90.17,88.845 - 90.17,88.845,2787818,89.03,27,27,us_market,finmb_142432074,NasdaqGM,USD,Invesco KBW Bank ETF,89.41,1714244,2664990,[],16.650002,0.22708677,73.32 - 100.61,-10.639999,-0.10575489,13.914919,,13.198718,,14.42436,10.00048,10.00048,6766699500.0,PRE,6.816571,,,95.8792,-5.9092026,-0.061631743,88.6622,1.3078003,0.01475037,,15,0,America/New_York,EDT,-14400000,False,False,False,1.0558267,0.35,NGM,100.61,73.32,1.95,,Invesco KBW Bank ETF,90.6,0.94000244,1.0558267,99.6,98.7,KBWB,,,1498780800.0,,,,,,,
Financials,financial-services,8,IYF,iShares U.S. Financials ETF,https://finance.yahoo.com/research-hub/screener/sec-ind_sec-top-etfs_financial-services/,2026-09-28T12:36:45+00:00,en-US,US,ETF,ETF,Delayed Quote,False,LOW,1.4,15.012761,15.2323,31.45921,True,959347800000,2,,,,,0.720001,1790366400,129.24,129.3399,128.16 - 129.3399,128.16,1822666,128.52,200,700,us_market,finmb_8796397,NYSEArca,USD,iShares U.S. Financials ETF,128.77,413400,490640,[],15.620003,0.13747582,113.62 - 139.09,-9.849991,-0.070817396,1.6357303,,14.217404,,6.72224,11.42777,11.42777,4285226750.0,PRE,9.090267,,,135.1356,-5.8955994,-0.043627284,127.77005,1.4699554,0.011504695,,15,0,America/New_York,EDT,-14400000,False,False,False,0.560225,0.37,PCX,139.09,113.62,1.4,,iShares U.S. Financial ETF,129.24,0.720001,0.560225,0.0,121.85,IYF,,,,,,,,,,
Financials,financial-services,9,EUFN,iShares MSCI Europe Financials ETF,https://finance.yahoo.com/research-hub/screener/sec-ind_sec-top-etfs_financial-services/,2026-09-28T12:36:45+00:00,en-US,US,ETF,ETF,Delayed Quote,False,LOW,3.92,12.85347,26.17723,19.22486,True,1265207400000,2,0.74699783,1.8223903,1790583653.0,41.737,0.44000244,1790366401,40.99,41.12,40.7099 - 41.12,40.7099,2107027,40.55,5,5,us_market,finmb_85213810,NasdaqGM,USD,iShares MSCI Europe Financials ETF,40.76,1497598,1734640,[],8.080002,0.24551813,32.91 - 43.07,-2.079998,-0.04829343,19.99414,,12.508344,,17.13708,12.33119,12.33119,4243689470.0,PRE,3.2770128,,,41.7158,-0.72579956,-0.017398672,38.44115,2.548851,0.06630527,,15,0,America/New_York,EDT,-14400000,False,False,False,1.0850861,0.49,NGM,43.07,32.91,3.92,,iShares MSCI Europe Financials ,41.737,0.44000244,1.0850861,42.42,41.89,EUFN,,,1482883200.0,,,,,,,
Financials,financial-services,10,KRE,State Street SPDR S&P Regional Banking ETF,https://finance.yahoo.com/research-hub/screener/sec-ind_sec-top-etfs_financial-services/,2026-09-28T12:36:45+00:00,en-US,US,ETF,ETF,Nasdaq Real Time Price,False,LOW,2.17,12.603983,-7.67571,39.33826,True,1150983000000,2,-0.060005188,-0.0839116,1790598805.0,71.45,0.610001,1790366400,71.55,71.93,71.17 - 71.93,71.17,12343695,70.94,2200,3700,us_market,finmb_27776900,NYSEArca,USD,State Street SPDR S&P Regional Banking ETF,71.22,12788544,15572230,[],14.000004,0.24326679,57.55 - 78.35,-6.7999954,-0.08678999,12.553096,0.0,12.259583,0.0,14.81643,6.36765,6.36765,4010872830.0,PRE,5.836251,,,74.9186,-3.368599,-0.044963453,70.50865,1.0413513,0.0147691285,,15,0,America/New_York,EDT,-14400000,False,False,False,0.859882,0.35,PCX,78.35,57.55,2.17,,State Street SPDR S&P Regional ,71.45,-0.060005188,-0.0839116,71.58,71.1,KRE,,,,,,,,,,
Financials,financial-services,11,NVDL,GraniteShares 2x Long NVDA Daily ETF,https://finance.yahoo.com/research-hub/screener/sec-ind_sec-top-etfs_financial-services/,2026-09-28T12:36:45+00:00,en-US,US,ETF,ETF,Nasdaq Real Time Price,False,LOW,,,,,True,1670941800000,2,1.2599983,3.5274308,1790598994.0,36.98,0.15999985,1790366400,35.72,36.3,35.11 - 36.3,35.11,5906311,35.56,2,2,us_market,finmb_1788008972,NasdaqGM,USD,GraniteShares 2x Long NVDA Daily ETF,35.74,13370850,9179600,[],14.183334,0.65856683,21.536667 - 43.273335,-7.5533333,-0.17454937,20.363914,0.0,,0.0,18.47937,1.66764,1.66764,3940394500.0,PRE,,,,33.634,2.0860023,0.062020645,30.959517,4.7604847,0.15376483,,15,0,America/New_York,EDT,-14400000,False,False,False,0.4499433,1.05,NGM,43.273335,21.536667,0.0,,GraniteShares 2x Long NVDA Dail,36.98,1.2599983,3.5274308,43.86,25.7,NVDL,,,,2022-12-13,,,,,,
Financials,financial-services,12,BCI,abrdn Bloomberg All Commodity Strategy K-1 Free ETF,https://finance.yahoo.com/research-hub/screener/sec-ind_sec-top-etfs_financial-services/,2026-09-28T12:36:45+00:00,en-US,US,ETF,ETF,Delayed Quote,False,LOW,,,-8.34945,26.28328,True,1490967000000,2,-0.11999893,-0.455923,1790597688.0,26.2,-0.24,1790366400,26.32,26.395,26.165 - 26.395,26.165,1241337,26.56,6500,11300,us_market,finmb_418944636,NYSEArca,USD,abrdn Bloomberg All Commodity Strategy K-1 Free ETF,26.23,1706050,1522340,[],6.845999,0.35154557,19.474 - 26.84,-0.52000046,-0.019374086,22.191275,0.0,,0.0,31.66056,5.48674,5.48674,3366554620.0,PRE,,,,25.1686,1.1513996,0.045747463,23.537975,2.7820244,0.11819302,,15,0,America/New_York,EDT,-14400000,False,False,False,-0.903614,0.26,PCX,26.84,19.474,10.59,,abrdn Bloomberg All Commodity S,26.2,-0.31029892,-1.1789473,27.9,22.81,BCI,,,,,,,,,,
Financials,financial-services,13,ANGL,VanEck Fallen Angel High Yield Bond ETF,https://finance.yahoo.com/research-hub/screener/sec-ind_sec-top-etfs_financial-services/,2026-09-28T12:36:45+00:00,en-US,US,ETF,ETF,Delayed Quote,False,LOW,6.34,59.98800239952009,12.9223,7.24747,True,1334151000000,2,0.0,0.0,1790593923.0,28.15,-0.045000076,1790366401,28.15,28.19,28.09 - 28.19,28.09,605929,28.195,1,1,us_market,finmb_184315290,NasdaqGM,USD,VanEck Fallen Angel High Yield Bond ETF,28.18,781187,909300,[],0.059999466,0.0021359725,28.09 - 29.78,-1.6300011,-0.054734755,-5.218858,0.0,58.879436,0.0,2.58363,1.01358,1.01358,3189740800.0,PRE,0.4780956,,,28.825,-0.67500114,-0.023417212,29.13105,-0.9810505,-0.033677142,,15,0,America/New_York,EDT,-14400000,False,False,False,-0.15960304,0.25,NGM,29.78,28.09,6.51,,VanEck Fallen Angel High Yield ,28.15,-0.045000076,-0.15960304,29.86,28.11,ANGL,,,,,,,,,,
Financials,financial-services,14,SCYB,Schwab High Yield Bond ETF,https://finance.yahoo.com/research-hub/screener/sec-ind_sec-top-etfs_financial-services/,2026-09-28T12:36:45+00:00,en-US,US,ETF,ETF,Delayed Quote,False,LOW,7.11,59.98800239952009,,,True,1689082200000,2,-0.050001144,-0.19662267,1790593520.0,25.38,-0.0200005,1790366400,25.43,25.49,25.37 - 25.49,25.37,1209328,25.45,6700,2000,us_market,finmb_1822786512,NYSEArca,USD,Schwab High Yield Bond ETF,25.47,1022415,948150,[],0.059999466,0.0023649768,25.37 - 26.743,-1.3129997,-0.04909695,-4.863447,0.0,58.269478,0.0,2.60092,0.97662,0.97662,2860828670.0,PRE,0.4364206,,,25.90556,-0.47555923,-0.01835742,26.179264,-0.74926376,-0.028620506,,15,0,America/New_York,EDT,-14400000,False,False,False,-0.0785873,0.03,PCX,26.743,25.37,6.89,,Schwab High Yield Bond ETF,25.38,-0.0200005,-0.0785873,25.46,0.0,SCYB,,,,,,,,,,
Financials,financial-services,15,TAGG,T. Rowe Price QM U.S. Bond ETF,https://finance.yahoo.com/research-hub/screener/sec-ind_sec-top-etfs_financial-services/,2026-09-28T12:36:45+00:00,en-US,US,ETF,ETF,Delayed Quote,False,LOW,4.35,34.04834865509023,,,True,1632922200000,2,0.040000916,0.09813768,1790583212.0,40.8,0.1199,1790366399,40.76,40.83,40.61 - 40.83,40.61,364447,40.6401,800,100,us_market,finmb_717735655,NYSEArca,USD,T. Rowe Price QM U.S. Bond ETF,40.66,223093,175990,[],0.14999771,0.003693615,40.61 - 43.72,-2.960003,-0.067703635,-5.3391876,0.0,33.14135,0.0,-0.20468,-0.64166,-0.64166,2582873090.0,PRE,1.2298834,,,41.72954,-0.96954346,-0.023233984,42.528027,-1.7680283,-0.04157325,,15,0,America/New_York,EDT,-14400000,False,False,False,0.295028,0.08,PCX,43.72,40.61,4.59,,T. Rowe Price QM U.S. Bond ETF,40.8,0.1199,0.295028,0.0,0.0,TAGG,,,,,,,,,,
Financials,financial-services,16,PFFA,Virtus InfraCap U.S. Preferred Stock ETF,https://finance.yahoo.com/research-hub/screener/sec-ind_sec-top-etfs_financial-services/,2026-09-28T12:36:45+00:00,en-US,US,ETF,ETF,Nasdaq Real Time Price,False,LOW,8.61,42.087542,24.81526,24.06526,True,1526477400000,2,-0.0352993,-0.17689452,1790593451.0,19.9197,-0.0599995,1790366400,20.0,20.13,19.89 - 20.13,19.89,1552435,20.06,2600,2900,us_market,finmb_544631656,NYSEArca,USD,Virtus InfraCap U.S. Preferred Stock ETF,20.08,814666,1001640,[],0.11000061,0.005530448,19.89 - 22.06,-2.0599995,-0.093381666,-8.634079,0.0,40.910885,0.0,4.44495,1.13006,1.13006,2527820800.0,PRE,0.48886746,,,20.7458,-0.7458,-0.035949446,21.229,-1.2290001,-0.05789251,,15,0,America/New_York,EDT,-14400000,False,False,False,-0.2991,2.11,PCX,22.06,19.89,8.59,,Virtus InfraCap U.S. Preferred ,19.9197,-0.0352993,-0.17689452,20.0,19.81,PFFA,,,1532908800.0,,,,,,,
Financials,financial-services,17,FNCL,Fidelity MSCI Financials Index ETF,https://finance.yahoo.com/research-hub/screener/sec-ind_sec-top-etfs_financial-services/,2026-09-28T12:36:45+00:00,en-US,US,ETF,ETF,Delayed Quote,False,LOW,1.54,15.913431,14.02506,35.09997,True,1382621400000,2,,,,,0.490005,1790366400,77.73,77.86,77.0501 - 77.86,77.0501,208901,77.24,100,1100,us_market,finmb_243638581,NYSEArca,USD,Fidelity MSCI Financials Index ETF,77.52,110584,176290,[],9.970001,0.14713697,67.76 - 83.35,-5.619995,-0.06742646,1.3032675,0.0,15.073739,0.0,6.62815,12.03902,12.03902,2396029700.0,PRE,5.1566505,,,81.1884,-3.458397,-0.04259718,76.52945,1.2005539,0.015687475,,15,0,America/New_York,EDT,-14400000,False,False,False,0.634393,0.084,PCX,83.35,67.76,1.54,,Fidelity MSCI Financials Index ,77.73,0.490005,0.634393,82.25,73.38,FNCL,,,,,,,,,,
Financials,financial-services,18,FAS,Direxion Daily Financial Bull 3X Shares,https://finance.yahoo.com/research-hub/screener/sec-ind_sec-top-etfs_financial-services/,2026-09-28T12:36:45+00:00,en-US,US,ETF,ETF,Nasdaq Real Time Price,False,LOW,1.0,16.363934,14.54028,116.6314,True,1227105000000,2,-1.0099945,-0.663379,1790590858.0,151.24,2.23,1790366400,152.29,152.88,148.15 - 152.88,148.15,500572,150.06,500,200,us_market,finmb_51234518,NYSEArca,USD,Direxion Daily Financial Bull 3X Shares,150.83,396649,465840,[],45.37999,0.42446905,106.91 - 187.25,-34.960007,-0.18670231,-15.652174,0.0,13.92253,0.0,7.27779,36.17365,36.17365,2353660930.0,PRE,10.938385,,,173.7866,-21.496613,-0.12369545,151.76895,0.52104187,0.0034331256,,15,0,America/New_York,EDT,-14400000,False,False,False,1.48607,0.88,PCX,187.25,106.91,1.0,,Direxion Financial Bull 3X ETF,151.24,-1.0099945,-0.663379,151.89,151.87,FAS,,,,,,,,,,
Financials,financial-services,19,IYG,iShares U.S. Financial Services ETF,https://finance.yahoo.com/research-hub/screener/sec-ind_sec-top-etfs_financial-services/,2026-09-28T12:36:45+00:00,en-US,US,ETF,ETF,Delayed Quote,False,LOW,1.01,17.217631,15.9615,30.34911,True,961594200000,2,,,,,0.550003,1790366400,92.57,92.6,91.65 - 92.6,91.65,88929,92.02,500,600,us_market,finmb_13401572,NYSEArca,USD,iShares U.S. Financial Services ETF,92.28,96238,121740,[],12.699997,0.15900834,79.87 - 98.66,-6.090004,-0.06172718,2.627492,2.499,16.380638,0.02715714,6.05891,11.69499,11.69499,2218036990.0,PRE,5.651184,10400000.0,199.699,95.976,-3.4059982,-0.03548802,90.5122,2.0578003,0.02273506,0.46354762,15,0,America/New_York,EDT,-14400000,False,False,False,0.5977,0.37,PCX,98.66,79.87,1.01,USD,iShares U.S. Financial Services,92.57,0.550003,0.5977,93.02,91.47,IYG,,,,,,,,,,
Financials,financial-services,20,CRUX,Columbia Core Bond ETF,https://finance.yahoo.com/research-hub/screener/sec-ind_sec-top-etfs_financial-services/,2026-09-28T12:36:45+00:00,en-US,US,ETF,ETF,Nasdaq Real Time Price,False,LOW,4.24,13.368984,7.28085,-0.66865,True,1773667800000,2,,,,,0.0400009,1790366391,28.76,28.7697,28.645 - 28.7697,28.645,211481,28.72,500,100,us_market,finmb_1960666051,NYSEArca,USD,Columbia Core Bond ETF,28.74,308125,351720,[],0.11499977,0.004014654,28.645 - 30.84,-2.08,-0.067444876,-4.5786324,0.0,12.842084,0.0,-0.08325,-0.59994,-0.59994,2177901060.0,PRE,2.239512,,,29.3684,-0.60840034,-0.020716155,29.71911,-0.95911026,-0.03227251,,15,0,America/New_York,EDT,-14400000,False,False,False,0.139279,0.32,PCX,30.84,28.645,4.24,,Columbia Core Bond ETF,28.76,0.0400009,0.139279,29.98,27.52,CRUX,,,,,,,,,,
Financials,financial-services,21,PREF,Principal Spectrum Preferred Securities Active ETF,https://finance.yahoo.com/research-hub/screener/sec-ind_sec-top-etfs_financial-services/,2026-09-28T12:36:45+00:00,en-US,US,ETF,ETF,Delayed Quote,False,LOW,,,7.1187,2.1071,True,1499779800000,2,,,,,-0.0100002,1790366400,18.46,18.49,18.44 - 18.49,18.44,319517,18.47,1100,1000,us_market,finmb_433321961,NYSEArca,USD,Principal Spectrum Preferred Securities Active ETF,18.47,274461,495950,[],0.01999855,0.00108452,18.44 - 19.32,-0.8600006,-0.04451349,-3.5527706,0.0,,0.0,2.00313,0.30897,0.30897,1888888960.0,PRE,,,,18.78568,-0.3256817,-0.017336698,18.971315,-0.5113163,-0.026952075,,15,0,America/New_York,EDT,-14400000,False,False,False,-0.0541431,0.55,PCX,19.32,18.44,5.29,,Principal Spectrum Preferred Se,18.46,-0.0100002,-0.0541431,0.0,18.3,PREF,,,,,,,,,,
Financials,financial-services,22,NHYB,Nuveen High Yield Corporate Bond ETF,https://finance.yahoo.com/research-hub/screener/sec-ind_sec-top-etfs_financial-services/,2026-09-28T12:36:45+00:00,en-US,US,EQUITY,Equity,Delayed Quote,False,LOW,,,,,True,1758720600000,2,,,,,-0.00459862,1790351067,24.1004,24.1004,24.07 - 24.1004,24.07,376,24.105,100,100,us_market,finmb_1954803034,NYSEArca,USD,Nuveen High Yield Corporate Bond ETF,24.07,99463,46670,[],0.03040123,0.0012630341,24.07 - 25.19,-1.0895996,-0.043255243,-3.6963046,0.0,,0.0,,,,,PRE,,,,24.5457,-0.44529915,-0.018141635,24.77421,-0.67380905,-0.027198004,,15,0,America/New_York,EDT,-14400000,False,False,False,-0.0190774,,PCX,25.19,24.07,,,Nuveen High Yield Corporate Bon,24.1004,-0.00459862,-0.0190774,25.0,21.11,NHYB,,,,,,,,,,
Financials,financial-services,23,BIZD,VanEck BDC Income ETF,https://finance.yahoo.com/research-hub/screener/sec-ind_sec-top-etfs_financial-services/,2026-09-28T12:36:45+00:00,en-US,US,ETF,ETF,Delayed Quote,False,LOW,11.28,11.880718,26.81644,36.69905,True,1360679400000,2,-0.03999996,-0.30983704,1790592792.0,12.87,0.0100002,1790366400,12.91,12.9289,12.8099 - 12.9289,12.8099,2302738,12.9,20100,4200,us_market,finmb_223315022,NYSEArca,USD,VanEck BDC Income ETF,12.9,2968800,2116330,[],0.9399996,0.07852962,11.97 - 15.12,-2.21,-0.14616403,-13.703209,0.0,11.480544,0.0,1.09386,9.09346,9.09346,1724331140.0,PRE,1.1245111,,,13.043,-0.13300037,-0.0101970695,13.1442,-0.23420048,-0.01781778,,15,0,America/New_York,EDT,-14400000,False,False,False,0.0775212,9.69,PCX,15.12,11.97,11.28,,VanEck BDC Income ETF,12.87,0.0100002,0.0775212,0.0,12.87,BIZD,,,,,,,,,,
Financials,financial-services,24,KBE,State Street SPDR S&P Bank ETF,https://finance.yahoo.com/research-hub/screener/sec-ind_sec-top-etfs_financial-services/,2026-09-28T12:36:45+00:00,en-US,US,ETF,ETF,Nasdaq Real Time Price,False,LOW,2.16,13.102725,5.27705,33.52927,True,1132065000000,2,,,,,0.559998,1790366400,65.36,65.64,64.935 - 65.64,64.935,1556336,64.8,700,1700,us_market,finmb_25874796,NYSEArca,USD,State Street SPDR S&P Bank ETF,64.93,1483395,1551310,[],10.720001,0.1961933,54.64 - 71.92,-6.5599976,-0.09121243,9.224594,,12.629319,,12.98676,7.37542,7.37542,1621131650.0,PRE,5.175259,,,68.785,-3.425003,-0.049792875,64.8007,0.5593033,0.008631131,,15,0,America/New_York,EDT,-14400000,False,False,False,0.864194,0.35,PCX,71.92,54.64,2.16,,State Street SPDR S&P Bank ETF,65.36,0.559998,0.864194,0.0,64.57,KBE,,,,,,,,,,
Financials,financial-services,25,IAI,iShares U.S. Broker-Dealers & Securities Exchanges ETF,https://finance.yahoo.com/research-hub/screener/sec-ind_sec-top-etfs_financial-services/,2026-09-28T12:36:45+00:00,en-US,US,ETF,ETF,Delayed Quote,False,LOW,1.05,20.790021,15.02641,40.3923,True,1146835800000,2,,,,,-0.199997,1790366400,180.88,181.55,179.09 - 181.55,179.09,41069,181.08,900,200,us_market,finmb_27445691,NYSEArca,USD,iShares U.S. Broker-Dealers & Securities Exchanges ETF,181.44,74209,89110,[],23.100006,0.14640643,157.78 - 198.09,-17.209991,-0.08687966,1.7151237,0.0,19.337168,0.0,9.10426,6.63344,6.63344,1409411330.0,PRE,9.354007,,,189.208,-8.327988,-0.04401499,180.72514,0.15486145,0.00085688935,,15,0,America/New_York,EDT,-14400000,False,False,False,-0.110447,0.37,PCX,198.09,157.78,1.05,,iShares U.S. Broker-Dealers & S,180.88,-0.199997,-0.110447,191.21,0.0,IAI,,,,,,,,,,
Financials,financial-services,26,COMT,iShares GSCI Commodity Dynamic Roll Strategy ETF,https://finance.yahoo.com/research-hub/screener/sec-ind_sec-top-etfs_financial-services/,2026-09-28T12:36:45+00:00,en-US,US,ETF,ETF,Delayed Quote,False,LOW,4.9,59.98800239952009,-6.26688,36.53977,True,1413466200000,2,,,,,-0.6268997,1790366400,36.9731,37.2999,36.72 - 37.2999,36.72,240544,37.6,25,7,us_market,finmb_271828010,NasdaqGM,USD,iShares GSCI Commodity Dynamic Roll Strategy ETF,37.18,283531,371320,[],12.733099,0.5252929,24.24 - 38.33,-1.3569031,-0.035400547,37.24202,,87.631065,,40.64846,4.44972,4.44972,1288223490.0,PRE,0.4219177,,,34.72978,2.2433205,0.064593576,31.64532,5.327778,0.1683591,,15,0,America/New_York,EDT,-14400000,False,False,False,-1.6672866,0.48,NGM,38.33,24.24,5.5,,iShares GSCI Commodity Dynamic ,36.9731,-0.62999725,-1.6755247,32.29,32.1,COMT,,,1530489600.0,,,,,,,
Financials,financial-services,27,CORB,AB Core Bond ETF,https://finance.yahoo.com/research-hub/screener/sec-ind_sec-top-etfs_financial-services/,2026-09-28T12:36:45+00:00,en-US,US,ETF,ETF,Delayed Quote,False,LOW,4.05,26.745119,5.49704,-0.9042,True,1762785000000,2,,,,,0.1,1790366400,28.27,28.27,28.21 - 28.27,28.21,141645,28.17,100,200,us_market,finmb_1949946034,NYSEArca,USD,AB Core Bond ETF,28.22,116506,106560,[],0.10000038,0.0035498892,28.17 - 30.36,-2.0900002,-0.068840586,-5.9078035,0.0,25.623903,0.0,-0.6251,-0.80443,-0.80443,1148668540.0,PRE,1.1032667,,,28.92658,-0.65658,-0.022698155,29.508455,-1.2384548,-0.04196949,,15,0,America/New_York,EDT,-14400000,False,False,False,0.354989,0.28,PCX,30.36,28.17,4.03,,AB Core Bond ETF,28.27,0.1,0.354989,0.0,0.0,CORB,,,,,"AB Active ETFs, Inc. - AB Core Bond ETF",,,,,
Financials,financial-services,28,FXO,First Trust Financials AlphaDEX Fund,https://finance.yahoo.com/research-hub/screener/sec-ind_sec-top-etfs_financial-services/,2026-09-28T12:36:45+00:00,en-US,US,ETF,ETF,Delayed Quote,False,LOW,1.99,10.842459,9.263,37.59475,True,1178803800000,2,,,,,0.27,1790366400,61.98,62.09,61.63 - 62.09,61.63,46336,61.71,500,900,us_market,finmb_34336496,NYSEArca,USD,First Trust Financials AlphaDEX Fund,61.9,47317,51930,[],7.579998,0.1393382,54.4 - 67.38,-5.3999977,-0.080142446,4.1155696,,10.202149,,10.44985,13.00797,13.00797,1122567040.0,PRE,6.07519,,,65.3862,-3.4062004,-0.052093565,61.32135,0.65864944,0.010740948,,15,0,America/New_York,EDT,-14400000,False,False,False,0.437531,0.6,PCX,67.38,54.4,1.99,,First Trust Financials AlphaDEX,61.98,0.27,0.437531,0.0,0.0,FXO,,,,,,,,,,
Financials,financial-services,29,BLOK,Amplify Blockchain Technology ETF,https://finance.yahoo.com/research-hub/screener/sec-ind_sec-top-etfs_financial-services/,2026-09-28T12:36:45+00:00,en-US,US,ETF,ETF,Nasdaq Real Time Price,False,LOW,0.78,18.964536,98.08543,31.57665,True,1516890600000,2,-1.2100029,-1.8841528,1790593595.0,63.01,-0.730003,1790366400,64.21,65.32,63.75 - 65.32,63.75,272259,64.94,200,700,us_market,finmb_546006073,NYSEArca,USD,Amplify Blockchain Technology ETF,65.32,195757,249380,[],17.309998,0.36908308,46.9 - 75.89,-11.68,-0.15390697,-4.149872,0.0,19.468796,0.0,9.94394,-7.95214,-7.95214,1103953660.0,PRE,3.298098,,,61.998,2.211998,0.035678536,59.98195,4.22805,0.07048871,,15,0,America/New_York,EDT,-14400000,False,False,False,-1.12412,0.7,PCX,75.89,46.9,0.78,,Amplify Blockchain Technology E,63.01,-1.2100029,-1.8841528,67.94,60.62,BLOK,,,,,,,,,,
Financials,financial-services,30,KORP,American Century Diversified Corporate Bond ETF,https://finance.yahoo.com/research-hub/screener/sec-ind_sec-top-etfs_financial-services/,2026-09-28T12:36:45+00:00,en-US,US,ETF,ETF,Nasdaq Real Time Price,False,LOW,,,7.20557,-0.34318,True,1516113000000,2,,,,,0.0400009,1790366392,44.79,44.8097,44.65 - 44.8097,44.65,146435,44.75,400,100,us_market,finmb_543484440,NYSEArca,USD,American Century Diversified Corporate Bond ETF,44.75,101534,106320,[],0.13999939,0.0031354846,44.65 - 48.16,-3.369999,-0.06997506,-6.061244,0.0,,0.0,-0.07828,-0.92632,-0.92632,926638270.0,PRE,,,,45.75166,-0.9616585,-0.021019096,46.68895,-1.8989487,-0.040672336,,15,0,America/New_York,EDT,-14400000,False,False,False,0.0893875,0.29,PCX,48.16,44.65,5.19,,American Century Diversified Co,44.79,0.0400009,0.0893875,46.75,42.75,KORP,,,,,,,,,,
Financials,financial-services,31,CMDT,PIMCO Commodity Strategy Active Exchange-Traded Fund,https://finance.yahoo.com/research-hub/screener/sec-ind_sec-top-etfs_financial-services/,2026-09-28T12:36:45+00:00,en-US,US,ETF,ETF,Delayed Quote,False,LOW,,,,,True,1683811800000,2,,,,,-0.369999,1790366400,35.31,35.37,35.125 - 35.37,35.125,116685,35.68,800,100,us_market,finmb_1821386199,NYSEArca,USD,PIMCO Commodity Strategy Active Exchange-Traded Fund,35.22,57663,86400,[],8.330002,0.3087473,26.98 - 36.86,-1.5499992,-0.042050984,28.962744,0.0,,0.0,27.46129,3.94107,3.94107,864125500.0,PRE,,,,33.934,1.3760033,0.0405494,31.76181,3.548191,0.11171249,,15,0,America/New_York,EDT,-14400000,False,False,False,-1.03699,0.65,PCX,36.86,26.98,2.43,,PIMCO Commodity Strategy Active,35.31,-0.369999,-1.03699,0.0,0.0,CMDT,,,,,,,,,,
Financials,financial-services,32,UYG,ProShares Ultra Financials,https://finance.yahoo.com/research-hub/screener/sec-ind_sec-top-etfs_financial-services/,2026-09-28T12:36:45+00:00,en-US,US,ETF,ETF,Delayed Quote,False,LOW,0.78,16.363934,21.91046,67.4828,True,1170340200000,2,,,,,0.940002,1790366400,88.43,88.47,86.7528 - 88.47,86.7528,8182,87.49,100,200,us_market,finmb_32431646,NYSEArca,USD,ProShares Ultra Financials,87.97,18017,12670,[],19.989998,0.2920806,68.44 - 104.32,-15.889999,-0.15231977,-11.614191,,14.790878,,7.30896,23.80932,23.80932,827462340.0,PRE,5.978685,,,95.8208,-7.3908005,-0.07713148,86.9941,1.4358978,0.016505692,,15,0,America/New_York,EDT,-14400000,False,False,False,1.07441,0.94,PCX,104.32,68.44,0.78,,ProShares Ultra Financials,88.43,0.940002,1.07441,89.46,87.22,UYG,,,,,,,,,,
Financials,financial-services,33,PCEF,Invesco CEF Income Composite ETF,https://finance.yahoo.com/research-hub/screener/sec-ind_sec-top-etfs_financial-services/,2026-09-28T12:36:45+00:00,en-US,US,ETF,ETF,Delayed Quote,False,LOW,7.47,23.331778,9.48314,15.26707,True,1266589800000,2,,,,,0.0900002,1790366400,19.52,19.52,19.38 - 19.52,19.38,83933,19.43,800,300,us_market,finmb_98561853,NYSEArca,USD,Invesco CEF Income Composite ETF,19.47,114196,113220,[],1.2200012,0.06666674,18.3 - 20.6,-1.0799999,-0.05242718,-1.909548,0.0,22.369171,0.0,7.8689,2.02392,2.02392,812331900.0,PRE,0.8726296,,,20.1096,-0.5895996,-0.02931931,19.931,-0.4109993,-0.020621108,,15,0,America/New_York,EDT,-14400000,False,False,False,0.463202,2.71,PCX,20.6,18.3,7.47,,Invesco CEF Income Composite ET,19.52,0.0900002,0.463202,20.37,19.49,PCEF,,,,,,,,,,
Financials,financial-services,34,FLRT,Pacer Aristotle Pacific Floating Rate High Income ETF,https://finance.yahoo.com/research-hub/screener/sec-ind_sec-top-etfs_financial-services/,2026-09-28T12:36:45+00:00,en-US,US,ETF,ETF,Nasdaq Real Time Price,False,LOW,7.86,10.989010989010989,14.63489,3.43071,True,1424356200000,2,,,,,0.0200005,1790366400,46.57,46.58,46.54 - 46.58,46.54,2561087,46.55,100,200,us_market,finmb_275769989,NYSEArca,USD,Pacer Aristotle Pacific Floating Rate High Income ETF,46.57,186047,533500,[],0.5699997,0.012391298,46.0 - 47.53,-0.9599991,-0.020197751,-1.688832,0.0,10.78762,0.0,3.1998,1.42847,1.42847,720191230.0,PRE,4.3169856,,,46.75598,-0.18598175,-0.0039777104,46.80646,-0.23646164,-0.0050519016,,15,0,America/New_York,EDT,-14400000,False,False,False,0.0429655,0.6,PCX,47.53,46.0,6.77,,Pacer Aristotle Pacific Floatin,46.57,0.0200005,0.0429655,48.55,44.57,FLRT,,,,,,,,,,
Financials,financial-services,35,IXG,iShares Global Financials ETF,https://finance.yahoo.com/research-hub/screener/sec-ind_sec-top-etfs_financial-services/,2026-09-28T12:36:45+00:00,en-US,US,ETF,ETF,Delayed Quote,False,LOW,2.11,14.781966,14.92569,25.14299,True,1006785000000,2,,,,,1.31001,1790366400,130.21,130.225,128.89 - 130.225,128.89,92328,128.9,200,100,us_market,finmb_8798082,NYSEArca,USD,iShares Global Financials ETF,129.49,62469,65730,[],20.220009,0.18383498,109.99 - 137.0,-6.7899933,-0.049561996,11.471617,,14.341404,,12.54507,11.51962,11.51962,697207620.0,PRE,9.079307,,,133.024,-2.8139954,-0.021154042,123.9164,6.2936096,0.05078916,,15,0,America/New_York,EDT,-14400000,False,False,False,1.0163,0.38,PCX,137.0,109.99,2.11,,iShares Global Financial ETF,130.21,1.31001,1.0163,133.29,0.0,IXG,,,,,,,,,,
Financials,financial-services,36,PGF,Invesco Financial Preferred ETF,https://finance.yahoo.com/research-hub/screener/sec-ind_sec-top-etfs_financial-services/,2026-09-28T12:36:45+00:00,en-US,US,ETF,ETF,Delayed Quote,False,LOW,,,7.81599,2.38134,True,1164983400000,2,,,,,-0.0100002,1790366400,12.92,12.965,12.885 - 12.965,12.885,284955,12.93,2600,2800,us_market,finmb_30470540,NYSEArca,USD,Invesco Financial Preferred ETF,12.98,190655,316800,[],0.034999847,0.002716325,12.885 - 14.83,-1.9099998,-0.12879297,-12.049013,0.0,,0.0,-1.54598,-1.45796,-1.45796,656842940.0,PRE,,,,13.3968,-0.47679996,-0.035590585,13.8898,-0.9698,-0.06982102,,15,0,America/New_York,EDT,-14400000,False,False,False,-0.0773413,0.56,PCX,14.83,12.885,6.54,,Invesco Financial Preferred ETF,12.92,-0.0100002,-0.0773413,12.9,12.0,PGF,,,,,,,,,,
Financials,financial-services,37,IAT,iShares U.S. Regional Banks ETF,https://finance.yahoo.com/research-hub/screener/sec-ind_sec-top-etfs_financial-services/,2026-09-28T12:36:45+00:00,en-US,US,ETF,ETF,Delayed Quote,False,LOW,2.63,12.562814,-8.53142,39.00952,True,1146835800000,2,,,,,0.699997,1790366400,58.53,58.75,57.97 - 58.75,57.97,210533,57.83,400,400,us_market,finmb_27447372,NYSEArca,USD,iShares U.S. Regional Banks ETF,57.95,158104,166310,[],11.16,0.23559214,47.37 - 66.16,-7.630005,-0.115326546,10.99943,0.0,11.981449,0.0,12.59725,7.51257,7.51257,641526020.0,PRE,4.8850517,,,62.6354,-4.1054,-0.065544404,58.9345,-0.40450287,-0.0068636006,,15,0,America/New_York,EDT,-14400000,False,False,False,1.21044,0.37,PCX,66.16,47.37,2.63,,iShares U.S. Regional Banks ETF,58.53,0.699997,1.21044,59.62,57.21,IAT,,,,,,,,,,
Financials,financial-services,38,CONL,GraniteShares 2x Long COIN Daily ETF,https://finance.yahoo.com/research-hub/screener/sec-ind_sec-top-etfs_financial-services/,2026-09-28T12:36:45+00:00,en-US,US,ETF,ETF,Nasdaq Real Time Price,False,LOW,0.14,59.98800239952009,,,True,1660138200000,2,0.008500099,0.13470839,1790599001.0,6.3185,-0.26000023,1790366401,6.31,6.61,6.13 - 6.61,6.13,17665062,6.57,1,1,us_market,finmb_1780713210,NasdaqGM,USD,GraniteShares 2x Long COIN Daily ETF,6.58,22079450,31327870,[],2.75,0.7724719,3.56 - 52.4,-46.09,-0.87958014,-82.78777,0.0,,0.0,-57.29877,-16.53333,-16.53333,623005700.0,PRE,,,,5.2466,1.0633998,0.2026836,8.399675,-2.0896754,-0.2487805,,15,0,America/New_York,EDT,-14400000,False,False,False,-3.9573855,1.04,NGM,52.4,3.56,0.0,,GraniteShares 2x Long COIN Dail,6.3185,0.008500099,0.13470839,4.12,4.09,CONL,,,,,,,,,,
Financials,financial-services,39,BBHY,JPMorgan BetaBuilders USD High Yield Corporate Bond ETF,https://finance.yahoo.com/research-hub/screener/sec-ind_sec-top-etfs_financial-services/,2026-09-28T12:36:45+00:00,en-US,US,ETF,ETF,Nasdaq Real Time Price,False,LOW,7.42,59.98800239952009,12.55347,4.05106,True,1473946200000,2,,,,,0.0107002,1790366062,44.7407,44.7407,44.6301 - 44.7407,44.6301,89219,44.73,800,600,us_market,finmb_331854706,Cboe US,USD,JPMorgan BetaBuilders USD High Yield Corporate Bond ETF,44.76,56023,60150,[],0.1106987,0.002480365,44.63 - 47.04,-2.2993011,-0.0488797,-4.846871,0.0,57.56439,0.0,2.71691,0.99233,0.99233,622635010.0,PRE,0.7772288,,,45.56652,-0.8258209,-0.018123414,46.05971,-1.3190117,-0.028636994,,15,0,America/New_York,EDT,-14400000,False,False,False,0.0239218,0.07,BTS,47.04,44.63,7.08,,JPMorgan BetaBuilders USD High ,44.7407,0.0107002,0.0239218,0.0,0.0,BBHY,,,,,,,,,,
Financials,financial-services,40,KIE,State Street SPDR S&P Insurance ETF,https://finance.yahoo.com/research-hub/screener/sec-ind_sec-top-etfs_financial-services/,2026-09-28T12:36:45+00:00,en-US,US,ETF,ETF,Delayed Quote,False,LOW,1.55,10.70091,12.11851,22.71828,True,1132065000000,2,,,,,0.0400009,1790366400,59.71,60.015,59.41 - 60.015,59.41,873783,59.67,600,500,us_market,finmb_25874902,NYSEArca,USD,State Street SPDR S&P Insurance ETF,59.84,1200477,1287920,[],6.2599983,0.11711877,53.45 - 66.53,-6.8199997,-0.10251015,1.3236046,,10.117993,,6.00028,14.8765,14.8765,600121730.0,PRE,5.9013677,,,63.3884,-3.678402,-0.058029573,59.4617,0.24829865,0.0041757743,,15,0,America/New_York,EDT,-14400000,False,False,False,0.0670369,0.35,PCX,66.53,53.45,1.55,,State Street SPDR S&P Insurance,59.71,0.0400009,0.0670369,61.13,59.4,KIE,,,,,,,,,,
Financials,financial-services,41,XBB,BondBloxx BB Rated USD High Yield Corporate Bond ETF,https://finance.yahoo.com/research-hub/screener/sec-ind_sec-top-etfs_financial-services/,2026-09-28T12:36:45+00:00,en-US,US,ETF,ETF,Delayed Quote,False,LOW,6.36,59.98800239952009,,,True,1653571800000,2,,,,,-0.0396996,1790365719,39.8553,39.87,39.815 - 39.87,39.815,7178,39.895,600,300,us_market,finmb_1773506413,NYSEArca,USD,BondBloxx BB Rated USD High Yield Corporate Bond ETF,39.88,281850,335190,[],0.040302277,0.0010122386,39.815 - 41.61,-1.7546997,-0.042170145,-3.6504269,0.0,59.750237,0.0,2.30769,0.77828,0.77828,583119420.0,PRE,0.6670317,,,40.53254,-0.67723846,-0.016708514,40.89262,-1.0373192,-0.025366904,,15,0,America/New_York,EDT,-14400000,False,False,False,-0.0995101,0.2,PCX,41.61,39.815,5.51,,BondBloxx BB-Rated USD High Yie,39.8553,-0.0396996,-0.0995101,42.9,36.9,XBB,,,,,,,,,,
Financials,financial-services,42,TOTR,T. Rowe Price Total Return ETF,https://finance.yahoo.com/research-hub/screener/sec-ind_sec-top-etfs_financial-services/,2026-09-28T12:36:45+00:00,en-US,US,ETF,ETF,Nasdaq Real Time Price,False,LOW,5.33,30.20235578375113,,,True,1632922200000,2,,,,,0.0631981,1790360282,38.4484,38.4484,38.315 - 38.4484,38.315,11542,38.3852,100,100,us_market,finmb_717735730,NYSEArca,USD,T. Rowe Price Total Return ETF,38.41,13733,18960,[],0.13339996,0.0034816642,38.315 - 41.29,-2.8416023,-0.068820596,-5.8685303,0.0,1.7468604,0.0,0.00384,-0.47239,-0.47239,572571390.0,PRE,22.01,,,39.38216,-0.9337616,-0.02371027,40.196796,-1.7483978,-0.04349595,,15,0,America/New_York,EDT,-14400000,False,False,False,0.164642,0.31,PCX,41.29,38.315,5.36,,T. Rowe Price Total Return ETF,38.4484,0.0631981,0.164642,40.39,36.38,TOTR,,,,,,,,,,
Financials,financial-services,43,WTPI,WisdomTree Equity Premium Income Fund,https://finance.yahoo.com/research-hub/screener/sec-ind_sec-top-etfs_financial-services/,2026-09-28T12:36:45+00:00,en-US,US,ETF,ETF,Nasdaq Real Time Price,False,LOW,,,15.85155,21.17222,True,1456410600000,2,,,,,0.0915985,1790366400,32.98,33.0399,32.72 - 33.0399,32.72,121438,32.8884,100,100,us_market,finmb_281277788,NYSEArca,USD,WisdomTree Equity Premium Income Fund,32.96,103104,134400,[],1.9399986,0.062499955,31.04 - 33.92,-0.9399986,-0.027712226,-0.69256425,0.0,,0.0,6.58924,2.61403,2.61403,527987168.0,PRE,,,,33.07012,-0.09012222,-0.0027251856,33.05502,-0.07501984,-0.0022695444,,15,0,America/New_York,EDT,-14400000,False,False,False,0.278513,0.44,PCX,33.92,31.04,9.06,,WisdomTree Equity Premium Incom,32.98,0.0915985,0.278513,0.0,0.0,WTPI,,,,,,,,,,
Financials,financial-services,44,IAK,iShares U.S. Insurance ETF,https://finance.yahoo.com/research-hub/screener/sec-ind_sec-top-etfs_financial-services/,2026-09-28T12:36:45+00:00,en-US,US,ETF,ETF,Delayed Quote,False,LOW,2.48,10.246952,11.22106,26.7001,True,1146835800000,2,,,,,0.410004,1790366400,138.1,138.35,137.03 - 138.35,137.03,42004,137.69,100,300,us_market,finmb_27445806,NYSEArca,USD,iShares U.S. Insurance ETF,138.35,134646,74790,[],13.480003,0.108168855,124.62 - 152.38,-14.279999,-0.093713075,3.826785,,9.831208,,7.65942,12.36744,12.36744,510626048.0,PRE,14.047104,,,145.0946,-6.9945984,-0.048207156,136.8106,1.2894135,0.0094248075,,15,0,America/New_York,EDT,-14400000,False,False,False,0.297773,0.37,PCX,152.38,124.62,2.48,,iShares U.S. Insurance ETF,138.1,0.410004,0.297773,139.78,0.0,IAK,,,,,,,,,,
Financials,financial-services,45,BDBT,Bluemonte Core Bond ETF,https://finance.yahoo.com/research-hub/screener/sec-ind_sec-top-etfs_financial-services/,2026-09-28T12:36:45+00:00,en-US,US,ETF,ETF,Delayed Quote,False,LOW,,,,,True,1750685400000,2,,,,,0.0599995,1790366386,24.31,24.31,24.225 - 24.31,24.225,36747,24.25,300,200,us_market,finmb_1934453898,NYSEArca,USD,Bluemonte Core Bond ETF,24.24,48720,46600,[],1.5100002,0.066228084,22.8 - 25.88,-1.5699997,-0.060664598,-4.741377,0.0,,0.0,-0.38828,-0.75371,-0.75371,483403008.0,PRE,,,,24.74038,-0.43037987,-0.017395848,25.20028,-0.89027977,-0.035328172,,15,0,America/New_York,EDT,-14400000,False,False,False,0.24742,0.22,PCX,25.88,22.8,3.98,,Bluemonte Core Bond ETF,24.31,0.0599995,0.24742,27.25,21.25,BDBT,,,,,,,,,,
Financials,financial-services,46,DFNL,Davis Select Financial ETF,https://finance.yahoo.com/research-hub/screener/sec-ind_sec-top-etfs_financial-services/,2026-09-28T12:36:45+00:00,en-US,US,ETF,ETF,Delayed Quote,False,LOW,1.28,12.190662,14.21128,30.83873,True,1484231400000,2,-0.15000153,-0.3054399,1790593380.0,48.96,0.314602,1790366139,49.11,49.13,48.8083 - 49.13,48.8083,17111,48.7954,300,100,us_market,finmb_380578280,Cboe US,USD,Davis Select Financial ETF,48.78,37538,45210,[],5.9799995,0.13865058,43.13 - 53.09,-3.9799995,-0.07496703,7.8890085,0.0,11.618024,0.0,7.07224,11.22723,11.22723,483099040.0,PRE,4.2270527,,,51.4252,-2.3152008,-0.045020744,48.501286,0.60871506,0.012550494,,15,0,America/New_York,EDT,-14400000,False,False,False,0.644737,0.61,BTS,53.09,43.13,1.28,,Davis Select Financial ETF,48.96,0.314602,0.644737,0.0,0.0,DFNL,,,,,,,,,,
Financials,financial-services,47,KCE,State Street SPDR S&P Capital Markets ETF,https://finance.yahoo.com/research-hub/screener/sec-ind_sec-top-etfs_financial-services/,2026-09-28T12:36:45+00:00,en-US,US,ETF,ETF,Delayed Quote,False,LOW,1.57,20.708221,32.09532,40.1612,True,1132065000000,2,,,,,0.468704,1790365759,156.889,157.065,155.675 - 157.065,155.675,16845,156.42,300,300,us_market,finmb_25874942,NYSEArca,USD,State Street SPDR S&P Capital Markets ETF,156.19,24749,83710,[],24.57901,0.18576835,132.31 - 173.07,-16.181,-0.09349395,1.6851425,,18.996037,,15.14283,13.08846,13.08846,482743040.0,PRE,8.259039,,,163.6024,-6.713394,-0.041034814,153.23015,3.6588593,0.023878194,,15,0,America/New_York,EDT,-14400000,False,False,False,0.299645,0.35,PCX,173.07,132.31,1.57,,State Street SPDR S&P Capital M,156.889,0.468704,0.299645,0.0,0.0,KCE,,,,,,,,,,
Financials,financial-services,48,PBEU,Portfolio Building Block European Banks Index ETF,https://finance.yahoo.com/research-hub/screener/sec-ind_sec-top-etfs_financial-services/,2026-09-28T12:36:45+00:00,en-US,US,ETF,ETF,Nasdaq Real Time Price,False,LOW,,,,,True,1764599400000,2,,,,,0.4699974,1790366401,35.35,35.42,35.035 - 35.42,35.035,29145,34.88,2,2,us_market,finmb_1959766822,NasdaqGM,USD,Portfolio Building Block European Banks Index ETF,35.13,152039,33270,[],9.539999,0.36962414,25.81 - 36.31,-0.9600029,-0.026439076,33.225296,0.0,12.714467,0.0,23.44765,13.41783,13.41783,463271552.0,PRE,2.7802973,,,35.27242,0.0775795,0.002199438,31.2703,4.0796986,0.1304656,,15,0,America/New_York,EDT,-14400000,False,False,False,1.3474697,0.13,NGM,36.31,25.81,,,Portfolio Building Block Europe,35.35,0.4699974,1.3474697,42.74,28.4,PBEU,,,,2025-11-25,,,,,,
Financials,financial-services,49,BITQ,Bitwise Crypto Industry Innovators ETF,https://finance.yahoo.com/research-hub/screener/sec-ind_sec-top-etfs_financial-services/,2026-09-28T12:36:45+00:00,en-US,US,ETF,ETF,Nasdaq Real Time Price,False,LOW,0.0,13.464386697185942,,,True,1620826200000,2,-0.14999962,-0.55555415,1790596723.0,26.85,-0.790001,1790366400,27.0,27.84,26.72 - 27.84,26.72,56604,27.79,3100,800,us_market,finmb_706371483,NYSEArca,USD,Bitwise Crypto Industry Innovators ETF,27.84,100436,110980,[],10.35,0.62162167,16.65 - 31.45,-4.450001,-0.14149445,7.4840784,0.0,18.491272,0.0,26.47177,-11.85234,-11.85234,438960992.0,PRE,1.4601483,,,24.58754,2.4124603,0.09811719,23.359304,3.6406956,0.15585634,,15,0,America/New_York,EDT,-14400000,False,False,False,-2.84275,0.85,PCX,31.45,16.65,0.0,,Bitwise Crypto Industry Innovat,26.85,-0.14999962,-0.55555415,28.48,26.6,BITQ,,,,,,,,,,
Financials,financial-services,50,CEFS,Saba Opportunistically Hedged Closed-End Funds ETF,https://finance.yahoo.com/research-hub/screener/sec-ind_sec-top-etfs_financial-services/,2026-09-28T12:36:45+00:00,en-US,US,ETF,ETF,Delayed Quote,False,LOW,6.02,21.13718,21.10303,15.66736,True,1490103000000,2,,,,,-0.0238991,1790366401,24.68,25.0269,24.625 - 25.0269,24.625,70513,24.7039,100,800,us_market,finmb_416182296,Cboe US,USD,Saba Opportunistically Hedged Closed-End Funds ETF,24.75,80168,82680,[],2.630001,0.11927443,22.05 - 25.98,-1.2999992,-0.050038464,8.531225,0.0,20.594772,0.0,17.20752,1.62217,1.62217,438208352.0,PRE,1.1983624,,,25.14154,-0.46154022,-0.018357676,24.200615,0.47938538,0.01980881,,15,0,America/New_York,EDT,-14400000,False,False,False,-0.0967421,2.61,BTS,25.98,22.05,6.02,,Saba Opportunistically Hedged C,24.68,-0.16389847,-0.6634518,25.34,23.4,CEFS,,,,,,,,,,
Financials,financial-services,51,APLU,Allspring Core Plus ETF,https://finance.yahoo.com/research-hub/screener/sec-ind_sec-top-etfs_financial-services/,2026-09-28T12:36:45+00:00,en-US,US,ETF,ETF,Delayed Quote,False,LOW,,,,,True,1733409000000,2,,,,,0.0450001,1790366390,23.54,23.54,23.4208 - 23.54,23.4208,22970,23.495,100,300,us_market,finmb_1901488458,NYSEArca,USD,Allspring Core Plus ETF,23.49,80077,193640,[],0.11920166,0.0050895642,23.4208 - 25.63,-2.0899982,-0.081544995,-6.5316677,0.0,55.22973,0.0,-0.08321,-0.67014,-0.67014,422490688.0,PRE,0.42621973,,,24.15618,-0.6161785,-0.025508111,24.660635,-1.1206341,-0.045442224,,15,0,America/New_York,EDT,-14400000,False,False,False,0.19153,0.31,PCX,25.63,23.4208,4.84,,Allspring Core Plus ETF,23.54,0.0450001,0.19153,24.0,20.5,APLU,,,,,,,,,,
Financials,financial-services,52,KBWD,Invesco KBW High Dividend Yield Financial ETF,https://finance.yahoo.com/research-hub/screener/sec-ind_sec-top-etfs_financial-services/,2026-09-28T12:36:45+00:00,en-US,US,ETF,ETF,Nasdaq Real Time Price,False,LOW,13.79,8.00192,19.98329,31.84583,True,1291300200000,2,-0.06680012,-0.5901071,1790598871.0,11.2532,0.009999275,1790366400,11.32,11.35,11.2125 - 11.35,11.2125,320416,11.31,1,1,us_market,finmb_116573022,NasdaqGM,USD,Invesco KBW High Dividend Yield Financial ETF,11.34,410684,437130,[],0.10999966,0.009812636,11.21 - 14.74,-3.42,-0.23202172,-15.898961,0.0,7.2407465,0.0,0.13259,3.13096,3.13096,413288640.0,PRE,1.5633746,,,12.2412,-0.92120075,-0.07525412,12.9019,-1.5819006,-0.12260989,,15,0,America/New_York,EDT,-14400000,False,False,False,0.088410914,5.39,NGM,14.74,11.21,13.79,,Invesco KBW High Dividend Yield,11.2532,-0.06680012,-0.5901071,12.35,12.26,KBWD,,,1498780800.0,,,,,,,
Financials,financial-services,53,DIAL,Columbia Diversified Fixed Income Allocation ETF,https://finance.yahoo.com/research-hub/screener/sec-ind_sec-top-etfs_financial-services/,2026-09-28T12:36:45+00:00,en-US,US,ETF,ETF,Delayed Quote,False,LOW,,,8.48247,-0.97431,True,1507901400000,2,,,,,0.0156002,1790366235,17.4006,17.4006,17.33 - 17.4006,17.33,121352,17.385,2000,500,us_market,finmb_530390171,NYSEArca,USD,Columbia Diversified Fixed Income Allocation ETF,17.38,66000,92730,[],0.07559967,0.004363617,17.325 - 18.62,-1.2194004,-0.06548874,-5.838746,0.0,,0.0,0.70984,-0.44358,-0.44358,396157120.0,PRE,,,,17.83826,-0.43766022,-0.024534915,18.160395,-0.75979424,-0.04183798,,15,0,America/New_York,EDT,-14400000,False,False,False,0.0897337,0.29,PCX,18.62,17.325,5.15,,Columbia Diversified Fixed Inco,17.4006,0.0156002,0.0897337,18.16,16.57,DIAL,,,,,,,,,,
Financials,financial-services,54,PICB,Invesco International Corporate Bond ETF,https://finance.yahoo.com/research-hub/screener/sec-ind_sec-top-etfs_financial-services/,2026-09-28T12:36:45+00:00,en-US,US,ETF,ETF,Delayed Quote,False,LOW,,,11.75178,-6.82728,True,1275571800000,2,,,,,0.0699997,1790366400,22.4,22.4,22.29 - 22.4,22.29,78564,22.33,100,200,us_market,finmb_107146870,NYSEArca,USD,Invesco International Corporate Bond ETF,22.39,74796,53520,[],0.1099987,0.00493489,22.29 - 24.56,-2.1599998,-0.087947875,-5.882353,0.0,,0.0,-0.5633,-1.08623,-1.08623,356778752.0,PRE,,,,23.0168,-0.6168003,-0.026797831,23.4692,-1.0692005,-0.045557603,,15,0,America/New_York,EDT,-14400000,False,False,False,0.313478,0.5,PCX,24.56,22.29,3.42,,Invesco International Corporate,22.4,0.0699997,0.313478,25.0,19.33,PICB,,,,,,,,,,
Financials,financial-services,55,DAPP,VanEck Digital Transformation ETF,https://finance.yahoo.com/research-hub/screener/sec-ind_sec-top-etfs_financial-services/,2026-09-28T12:36:45+00:00,en-US,US,ETF,ETF,Nasdaq Real Time Price,False,LOW,0.0,12.442453651860147,,,True,1618493400000,2,,,,,-0.54999924,1790366401,20.41,20.98,20.115 - 20.98,20.115,459786,20.96,3,3,us_market,finmb_702164441,NasdaqGM,USD,VanEck Digital Transformation ETF,20.98,746760,1092580,[],6.7299995,0.491959,13.68 - 27.49,-7.08,-0.2575482,-6.547618,0.0,14.084885,0.0,18.23137,-14.3108,-14.3108,356304544.0,PRE,1.4490712,,,18.975,1.4349995,0.07562579,18.6274,1.7826004,0.09569776,,15,0,America/New_York,EDT,-14400000,False,False,False,-2.6240423,0.52,NGM,27.49,13.68,0.0,,VanEck Digital Transformation E,20.41,-0.54999924,-2.6240423,19.23,17.12,DAPP,,,,2021-04-14,,,,,,
Financials,financial-services,56,DPST,Direxion Daily Regional Banks Bull 3X Shares,https://finance.yahoo.com/research-hub/screener/sec-ind_sec-top-etfs_financial-services/,2026-09-28T12:36:45+00:00,en-US,US,ETF,ETF,Delayed Quote,False,LOW,1.67,12.603983,-55.83426,107.9059,True,1440077400000,2,-0.6899948,-0.57624424,1790597560.0,119.05,2.6,1790366400,119.74,121.8628,118.13 - 121.8628,118.13,187335,117.14,100,500,us_market,finmb_282278119,NYSEArca,USD,Direxion Daily Regional Banks Bull 3X Shares,117.75,230098,185600,[],47.079994,0.6479492,72.66 - 158.88,-39.140007,-0.24634948,17.877531,0.0,11.566087,0.0,30.38746,14.80599,14.80599,329336736.0,PRE,10.35268,,,138.612,-18.872002,-0.13614984,121.55825,-1.8182526,-0.01495787,,15,0,America/New_York,EDT,-14400000,False,False,False,2.21956,0.92,PCX,158.88,72.66,1.67,,Direxion Daily Regional Banks B,119.05,0.87000275,0.7427034,118.99,118.13,DPST,,,,,,,,,,
Financials,financial-services,57,HYBB,iShares BB Rated Corporate Bond ETF,https://finance.yahoo.com/research-hub/screener/sec-ind_sec-top-etfs_financial-services/,2026-09-28T12:36:45+00:00,en-US,US,ETF,ETF,Delayed Quote,False,LOW,,,,,True,1602163800000,2,,,,,0.0349998,1790366400,45.47,45.48,45.22 - 45.48,45.22,23839,45.435,200,100,us_market,finmb_576596422,NYSEArca,USD,iShares BB Rated Corporate Bond ETF,45.53,72423,17600,[],0.25,0.005528527,45.22 - 47.505,-2.0349998,-0.042837594,-3.9704323,0.0,,0.0,2.39125,0.86402,0.86402,320878912.0,PRE,,,,46.30216,-0.83215714,-0.017972318,46.7188,-1.2487984,-0.026730103,,15,0,America/New_York,EDT,-14400000,False,False,False,0.0770328,0.25,PCX,47.505,45.22,5.9,,iShares BB Rated Corporate Bond,45.47,0.0349998,0.0770328,47.44,43.43,HYBB,,,,,,,,,,
Financials,financial-services,58,PBDC,Putnam BDC Income ETF,https://finance.yahoo.com/research-hub/screener/sec-ind_sec-top-etfs_financial-services/,2026-09-28T12:36:45+00:00,en-US,US,ETF,ETF,Nasdaq Real Time Price,False,LOW,10.67,12.784454,,,True,1664544600000,2,,,,,0.1,1790366391,27.11,27.12,26.91 - 27.12,26.91,53347,27.01,5900,300,us_market,finmb_1792287425,NYSEArca,USD,Putnam BDC Income ETF,27.0521,91368,53120,[],1.1650009,0.044902716,25.945 - 32.25,-5.1399994,-0.15937982,-14.7752285,0.0,12.105712,0.0,-1.2642,7.44587,7.44587,317789760.0,PRE,2.2394388,,,27.58142,-0.4714203,-0.01709195,28.11698,-1.006979,-0.03581391,,15,0,America/New_York,EDT,-14400000,False,False,False,0.370235,11.77,PCX,32.25,25.945,10.67,,Putnam BDC Income ETF,27.11,0.1,0.370235,27.83,26.88,PBDC,,,,,,,,,,
Financials,financial-services,59,EMHC,State Street SPDR Bloomberg Emerging Markets USD Bond ETF,https://finance.yahoo.com/research-hub/screener/sec-ind_sec-top-etfs_financial-services/,2026-09-28T12:36:45+00:00,en-US,US,ETF,ETF,Delayed Quote,False,LOW,5.62,4.488330341113106,,,True,1617802200000,2,,,,,0.0,1790366400,24.22,24.22,24.105 - 24.22,24.105,61333,24.22,400,300,us_market,finmb_683684724,NYSEArca,USD,State Street SPDR Bloomberg Emerging Markets USD Bond ETF,24.23,56628,53720,[],0.11499977,0.004770785,24.105 - 25.86,-1.6400013,-0.063418455,-4.041207,0.0,,0.0,1.21531,-0.34853,-0.34853,316230560.0,PRE,,,,24.82748,-0.607481,-0.024468089,25.203026,-0.9830265,-0.039004304,,15,0,America/New_York,EDT,-14400000,False,False,False,0.0,0.23,PCX,25.86,24.105,6.18,,State Street SPDR Bloomberg Eme,24.22,0.0,0.0,0.0,0.0,EMHC,,,,,,,,,,
Financials,financial-services,60,RSPF,Invesco S&P 500 Equal Weight Financials ETF,https://finance.yahoo.com/research-hub/screener/sec-ind_sec-top-etfs_financial-services/,2026-09-28T12:36:45+00:00,en-US,US,ETF,ETF,Delayed Quote,False,LOW,1.49,15.436863,6.38135,36.37179,True,1162909800000,2,,,,,0.370003,1790366400,79.33,79.42,78.91 - 79.42,78.91,21645,78.96,1000,500,us_market,finmb_30119234,NYSEArca,USD,Invesco S&P 500 Equal Weight Financials ETF,79.22,48922,212050,[],10.290001,0.14904404,69.04 - 86.03,-6.699997,-0.07787977,1.6530037,,14.497531,,8.73887,12.27191,12.27191,312644480.0,PRE,5.4719663,,,83.4048,-4.0747986,-0.048855685,78.12955,1.2004547,0.015364926,,15,0,America/New_York,EDT,-14400000,False,False,False,0.468595,0.4,PCX,86.03,69.04,1.49,,Invesco S&P 500 Equal Weight Fi,79.33,0.370003,0.468595,81.04,0.0,RSPF,,,,,,,,,,
Financials,financial-services,61,GCC,WisdomTree Enhanced Commodity Strategy Fund,https://finance.yahoo.com/research-hub/screener/sec-ind_sec-top-etfs_financial-services/,2026-09-28T12:36:45+00:00,en-US,US,ETF,ETF,Delayed Quote,False,LOW,,,,,True,1201185000000,2,,,,,-0.196201,1790366102,26.9038,27.029,26.8424 - 27.029,26.8424,39449,27.1,100,200,us_market,finmb_30029383,NYSEArca,USD,WisdomTree Enhanced Commodity Strategy Fund,26.9,57201,38860,[],6.8737984,0.34317514,20.03 - 27.24,-0.3362007,-0.01234217,25.349485,0.0,,0.0,24.76218,6.02075,6.02075,303150816.0,PRE,,,,25.72,1.1837997,0.04602643,24.0529,2.8508987,0.1185262,,15,0,America/New_York,EDT,-14400000,False,False,False,-0.72399,0.57,PCX,27.24,20.03,5.33,,WisdomTree EnhancedContinuous C,26.9038,-0.196201,-0.72399,0.0,10.82,GCC,,,,,,,,,,
Financials,financial-services,62,FTXO,First Trust Nasdaq Bank ETF,https://finance.yahoo.com/research-hub/screener/sec-ind_sec-top-etfs_financial-services/,2026-09-28T12:36:45+00:00,en-US,US,ETF,ETF,Delayed Quote,False,LOW,1.75,12.818869,0.19401,40.55885,True,1475847000000,2,,,,,0.45190048,1790366400,39.8119,39.91,39.37 - 39.91,39.37,90371,39.36,20,3,us_market,finmb_374007780,NasdaqGM,USD,First Trust Nasdaq Bank ETF,39.37,80607,83360,[],6.9118996,0.21008812,32.9 - 44.12,-4.308098,-0.097645015,10.927832,0.0,12.296843,0.0,10.64026,9.14248,9.14248,294426880.0,PRE,3.237571,,,42.06872,-2.2568207,-0.053646047,39.487286,0.32461548,0.008220759,,15,0,America/New_York,EDT,-14400000,False,False,False,1.1481211,0.6,NGM,44.12,32.9,1.75,,First Trust Nasdaq Bank ETF,39.8119,0.45999908,1.1686969,43.44,43.34,FTXO,,,1490918400.0,,,,,,,
Financials,financial-services,63,BLOX,Nicholas Crypto Income ETF,https://finance.yahoo.com/research-hub/screener/sec-ind_sec-top-etfs_financial-services/,2026-09-28T12:36:45+00:00,en-US,US,ETF,ETF,Nasdaq Real Time Price,False,LOW,,,,,True,1750167000000,2,0.020999908,0.14783463,1790598498.0,14.226,-0.2559,1790366400,14.23,14.54,14.07 - 14.54,14.07,196804,14.4859,100,500,us_market,finmb_1940369392,NYSEArca,USD,Nicholas Crypto Income ETF,14.54,358896,318320,[],2.2999992,0.19279121,11.93 - 28.0,-13.77,-0.49178573,-41.246902,0.0,23.89622,0.0,-1.49771,-16.32543,-16.32543,292540672.0,PRE,0.59549165,,,13.7022,0.5277996,0.038519334,15.71385,-1.4838505,-0.09442946,,15,0,America/New_York,EDT,-14400000,False,False,False,-1.76655,0.99,PCX,28.0,11.93,47.71,,Nicholas Crypto Income ETF,14.226,0.020999908,0.14783463,14.09,13.96,BLOX,,,,,,,,,,
Financials,financial-services,64,KBWP,Invesco KBW Property & Casualty Insurance ETF,https://finance.yahoo.com/research-hub/screener/sec-ind_sec-top-etfs_financial-services/,2026-09-28T12:36:45+00:00,en-US,US,ETF,ETF,Delayed Quote,False,LOW,1.86,11.314777,7.05667,20.07254,True,1293028200000,2,,,,,0.330101,1790366400,123.8402,124.15,123.1138 - 124.15,123.1138,5243,123.5101,1,2,us_market,finmb_116573020,NasdaqGM,USD,Invesco KBW Property & Casualty Insurance ETF,124.03,19250,17360,[],9.2202,0.08044145,114.62 - 140.37,-16.529793,-0.117758736,1.3006091,0.0,10.560239,0.0,5.57302,15.48672,15.48672,283844864.0,PRE,11.727027,,,132.7118,-8.871605,-0.06684865,125.37255,-1.5323486,-0.012222362,,15,0,America/New_York,EDT,-14400000,False,False,False,0.26726642,0.35,NGM,140.37,114.62,1.86,,Invesco KBW Property & Casualty,123.8402,0.5400009,0.43721232,175.43,135.25,KBWP,,,1498780800.0,,,,,,,
Financials,financial-services,65,USDU,WisdomTree Bloomberg U.S. Dollar Bullish Fund,https://finance.yahoo.com/research-hub/screener/sec-ind_sec-top-etfs_financial-services/,2026-09-28T12:36:45+00:00,en-US,US,ETF,ETF,Delayed Quote,False,LOW,,,3.10777,3.90255,True,1387377000000,2,0.18790054,0.70033747,1790595900.0,27.0179,-0.0599995,1790366400,26.83,26.83,26.782 - 26.83,26.782,246811,26.89,6700,1300,us_market,finmb_252274775,NYSEArca,USD,WisdomTree Bloomberg U.S. Dollar Bullish Fund,26.79,399498,275850,[],1.6900005,0.06722357,25.14 - 27.25,-0.42000008,-0.015412847,1.7058372,0.0,,0.0,2.20662,0.80321,0.80321,279366720.0,PRE,,,,26.4712,0.35879898,0.013554314,26.20935,0.62064934,0.023680454,,15,0,America/New_York,EDT,-14400000,False,False,False,-0.223129,0.51,PCX,27.25,25.14,3.75,,WisdomTree Bloomberg U.S. Dolla,27.0179,0.1928997,0.7191042,27.27,0.0,USDU,,,,,,,,,,
Financials,financial-services,66,BKCH,Global X Blockchain ETF,https://finance.yahoo.com/research-hub/screener/sec-ind_sec-top-etfs_financial-services/,2026-09-28T12:36:45+00:00,en-US,US,ETF,ETF,Delayed Quote,False,LOW,2.05,12.658227848101266,,,True,1626269400000,2,0.08000183,0.10684006,1790593211.0,74.96,-2.2999954,1790366400,74.94,76.19,74.12 - 76.19,74.12,27428,77.24,2,2,us_market,finmb_712165666,NasdaqGM,USD,Global X Blockchain ETF,76.16,66120,42930,[],23.95,0.46969995,50.99 - 123.69,-48.75,-0.39413047,-13.19356,0.0,15.226445,0.0,9.04822,-24.28261,-24.28261,277652896.0,PRE,4.9217005,,,69.38578,5.554222,0.08004842,71.93304,3.0069656,0.04180229,,15,0,America/New_York,EDT,-14400000,False,False,False,-2.977726,0.5,NGM,123.69,50.99,1.75,,Global X Blockchain ETF,74.96,-2.3600006,-3.0554125,66.18,65.42,BKCH,,,,,,,,,,
Financials,financial-services,67,FDIG,Fidelity Crypto Industry and Digital Payments ETF,https://finance.yahoo.com/research-hub/screener/sec-ind_sec-top-etfs_financial-services/,2026-09-28T12:36:45+00:00,en-US,US,ETF,ETF,Delayed Quote,False,LOW,1.23,12.471938139186829,,,True,1650547800000,2,-0.7749977,-1.7355229,1790585524.0,43.88,-1.1119003,1790366400,44.658,44.9058,44.33 - 44.9058,44.33,15430,45.7699,2,1,us_market,finmb_1773076767,NasdaqGM,USD,Fidelity Crypto Industry and Digital Payments ETF,44.845,28077,21490,[],14.018002,0.4575066,30.64 - 60.29,-15.632,-0.25928015,-8.656168,0.0,15.56169,0.0,14.40351,-8.0178,-8.0178,264790656.0,PRE,2.8697398,,,43.03672,1.6212807,0.03767203,41.069786,3.5882149,0.08736873,,15,0,America/New_York,EDT,-14400000,False,False,False,-2.4293265,0.39,NGM,60.29,30.64,1.43,,Fidelity Crypto Industry and Di,43.88,-1.1149025,-2.4358857,42.07,39.43,FDIG,,,,,,,,,,
Financials,financial-services,68,GPZ,VanEck Alternative Asset Manager ETF,https://finance.yahoo.com/research-hub/screener/sec-ind_sec-top-etfs_financial-services/,2026-09-28T12:36:45+00:00,en-US,US,ETF,ETF,Delayed Quote,False,LOW,0.89,30.656039,,,True,1749130200000,2,,,,,0.199999,1790366399,21.89,21.9,21.61 - 21.9,21.61,294272,21.69,500,1300,us_market,finmb_1940376280,NYSEArca,USD,VanEck Alternative Asset Manager ETF,21.65,185187,209960,[],1.7299995,0.08581347,20.16 - 28.87,-6.9800014,-0.24177352,-22.320795,0.0,26.671726,0.0,-7.11914,8.441,8.441,259329104.0,PRE,0.82071924,,,23.8719,-1.9819012,-0.08302235,23.860146,-1.9701462,-0.08257058,,15,0,America/New_York,EDT,-14400000,False,False,False,0.922079,0.4,PCX,28.87,20.16,0.89,,VanEck Alternative Asset Manage,21.89,0.199999,0.922079,35.02,8.76,GPZ,,,,,,,,,,
Financials,financial-services,69,SMLV,State Street SPDR US Small Cap Low Volatility Index ETF,https://finance.yahoo.com/research-hub/screener/sec-ind_sec-top-etfs_financial-services/,2026-09-28T12:36:45+00:00,en-US,US,ETF,ETF,Delayed Quote,False,LOW,2.24,16.663889,7.44252,27.85767,True,1361457000000,2,,,,,0.546204,1790366087,152.147,152.395,151.5275 - 152.395,151.5275,1154,151.601,200,300,us_market,finmb_228804114,NYSEArca,USD,State Street SPDR US Small Cap Low Volatility Index ETF,151.5275,2725,2240,[],27.927002,0.22481889,124.22 - 163.75,-11.602997,-0.070857994,17.66298,0.0,16.063108,0.0,21.75746,6.80596,6.80596,255696736.0,PRE,9.471828,,,158.2058,-6.058792,-0.038296904,147.0386,5.1083984,0.034741886,,15,0,America/New_York,EDT,-14400000,False,False,False,0.36029,0.12,PCX,163.75,124.22,2.24,,State Street SPDR US Small Cap ,152.147,0.546204,0.36029,160.84,143.5,SMLV,,,,,,,,,,
Financials,financial-services,70,PSP,Invesco Global Listed Private Equity ETF,https://finance.yahoo.com/research-hub/screener/sec-ind_sec-top-etfs_financial-services/,2026-09-28T12:36:45+00:00,en-US,US,ETF,ETF,Nasdaq Real Time Price,False,LOW,5.6,18.453589,36.90725,26.96722,True,1161696600000,2,0.13999939,0.24385889,1790598953.0,57.55,0.760002,1790366400,57.52,57.5699,56.945 - 57.5699,56.945,21113,56.76,400,1000,us_market,finmb_29855335,NYSEArca,USD,Invesco Global Listed Private Equity ETF,57.15,21979,22390,[],3.4000015,0.062823385,54.12 - 70.49,-12.969997,-0.1839977,-17.451202,,16.574804,,-2.59859,6.8268,6.8268,248328384.0,PRE,3.4703274,,,61.108,-3.5880013,-0.058715735,61.41205,-3.892048,-0.063375965,,15,0,America/New_York,EDT,-14400000,False,False,False,1.33897,1.75,PCX,70.49,54.12,5.6,,Invesco Global Listed Private E,57.55,0.13999939,0.24385889,0.0,56.19,PSP,,,,,,,,,,
Financials,financial-services,71,WGMI,CoinShares Bitcoin Mining and Digital Power ETF,https://finance.yahoo.com/research-hub/screener/sec-ind_sec-top-etfs_financial-services/,2026-09-28T12:36:45+00:00,en-US,US,ETF,ETF,Delayed Quote,False,LOW,0.0,15.262515262515263,,,True,1644330600000,2,-0.99069977,-2.054541,1790595363.0,47.2293,-1.5999985,1790366400,48.22,50.26,47.74 - 50.26,47.74,708702,49.82,2,2,us_market,finmb_1758497659,NasdaqGM,USD,CoinShares Bitcoin Mining and Digital Power ETF,50.26,631787,526190,[],16.43,0.5168292,31.79 - 76.94,-28.720001,-0.37327787,9.070349,0.0,18.454325,0.0,12.34917,-36.96218,-36.96218,238379248.0,PRE,2.6129377,,,48.289,-0.069000244,-0.0014289019,48.821976,-0.6019745,-0.01232999,,15,0,America/New_York,EDT,-14400000,False,False,False,-3.2115586,0.75,NGM,76.94,31.79,0.0,,CoinShares Bitcoin Mining and D,47.2293,-1.5999985,-3.2115586,54.9,47.27,WGMI,,,,2022-02-08,,,,,,
Financials,financial-services,72,PRFD,PIMCO Preferred And Capital Securities Active Exchange-Traded Fund,https://finance.yahoo.com/research-hub/screener/sec-ind_sec-top-etfs_financial-services/,2026-09-28T12:36:45+00:00,en-US,US,ETF,ETF,Delayed Quote,False,LOW,,,,,True,1674138600000,2,,,,,-0.106602,1790366371,49.37,49.47,49.345 - 49.47,49.345,10304,49.4766,100,1900,us_market,finmb_1805852832,NYSEArca,USD,PIMCO Preferred And Capital Securities Active Exchange-Traded Fund,49.47,19961,17150,[],0.024997711,0.0005065905,49.345 - 52.6,-3.2299995,-0.061406836,-4.764658,0.0,,0.0,1.53229,0.21638,0.21638,237876864.0,PRE,,,,50.40734,-1.0373421,-0.020579187,51.124714,-1.754715,-0.034322247,,15,0,America/New_York,EDT,-14400000,False,False,False,-0.215459,0.73,PCX,52.6,49.345,5.85,,PIMCO Preferred and Capital Sec,49.37,-0.106602,-0.215459,77.04,0.0,PRFD,,,,,,,,,,
Financials,financial-services,73,STCE,Schwab Crypto Thematic Natural Language Processing ETF,https://finance.yahoo.com/research-hub/screener/sec-ind_sec-top-etfs_financial-services/,2026-09-28T12:36:45+00:00,en-US,US,ETF,ETF,Delayed Quote,False,LOW,1.8,12.309207287050713,,,True,1659619800000,2,-0.5200043,-0.7393776,1790591528.0,69.81,-1.92,1790366400,70.33,71.52,69.52 - 71.52,69.52,327209,72.25,200,300,us_market,finmb_1773692720,NYSEArca,USD,Schwab Crypto Thematic Natural Language Processing ETF,72.75,103195,136550,[],21.980003,0.45460194,48.35 - 109.64,-39.309998,-0.35853702,-10.464674,0.0,13.2472315,0.0,8.73544,-19.0311,-19.0311,222195728.0,PRE,5.309034,,,65.57636,4.753639,0.07249013,65.68724,4.642761,0.070679806,,15,0,America/New_York,EDT,-14400000,False,False,False,-2.65744,0.3,PCX,109.64,48.35,1.74,,Schwab Crypto Thematic Natural ,69.81,-0.6700058,-0.95211846,69.81,66.3,STCE,,,,,,,,,,
Financials,financial-services,74,XMPT,VanEck CEF Municipal Income ETF,https://finance.yahoo.com/research-hub/screener/sec-ind_sec-top-etfs_financial-services/,2026-09-28T12:36:45+00:00,en-US,US,ETF,ETF,Delayed Quote,False,LOW,3.95,59.98800239952009,2.70679,7.94663,True,1310563800000,2,,,,,-0.0500011,1790366391,19.47,19.59,19.41 - 19.59,19.41,187144,19.52,600,1800,us_market,finmb_137360964,Cboe US,USD,VanEck CEF Municipal Income ETF,19.55,55401,102970,[],0.059999466,0.0030911625,19.41 - 22.66,-3.1900005,-0.14077672,-10.851645,0.0,,0.0,2.33372,-0.75974,-0.75974,220433984.0,PRE,,,,21.1968,-1.7268009,-0.08146517,21.77115,-2.3011513,-0.105697274,,15,0,America/New_York,EDT,-14400000,False,False,False,-0.256153,3.4,BTS,22.66,19.41,6.43,,VanEck CEF Muni Income ETF,19.47,-0.0500011,-0.256153,30.95,0.0,XMPT,,,,,,,,,,
Financials,financial-services,75,AINP,Allspring Income Plus ETF,https://finance.yahoo.com/research-hub/screener/sec-ind_sec-top-etfs_financial-services/,2026-09-28T12:36:45+00:00,en-US,US,ETF,ETF,Delayed Quote,False,LOW,,,,,True,1733754600000,2,,,,,0.0499992,1790278680,24.22,24.22,24.22 - 24.22,24.22,2316,24.17,100,400,us_market,finmb_1901487706,NYSEArca,USD,Allspring Income Plus ETF,24.27,5585,2250,[],0.049999237,0.0020686486,24.17 - 25.6,-1.3800011,-0.05390629,-5.019605,0.0,56.746723,0.0,1.55763,0.14128,0.14128,219788816.0,PRE,0.42680877,,,24.70232,-0.4823208,-0.019525323,25.01667,-0.7966709,-0.031845603,,15,0,America/New_York,EDT,-14400000,False,False,False,0.206865,0.36,PCX,25.6,24.17,5.41,,Allspring Income Plus ETF,24.22,0.0499992,0.206865,0.0,0.0,AINP,,,,,,,,,,
Financials,financial-services,76,FAAR,First Trust Alternative Absolute Return Strategy ETF,https://finance.yahoo.com/research-hub/screener/sec-ind_sec-top-etfs_financial-services/,2026-09-28T12:36:45+00:00,en-US,US,ETF,ETF,Nasdaq Real Time Price,False,LOW,,,-5.71978,13.52142,True,1464010200000,2,,,,,-0.28499985,1790366400,32.245,32.4,32.085 - 32.4,32.085,40187,32.53,3,3,us_market,finmb_330228820,NasdaqGM,USD,First Trust Alternative Absolute Return Strategy ETF,32.32,54442,42750,[],5.5149994,0.20632246,26.73 - 35.805,-3.5600014,-0.09942749,5.7906866,0.0,,0.0,14.88129,-8.33317,-8.33317,209993296.0,PRE,,,,31.42076,0.82423973,0.02623233,31.50492,0.7400799,0.023490932,,15,0,America/New_York,EDT,-14400000,False,False,False,-0.87611395,0.98,NGM,35.805,26.73,8.57,,First Trust Alternative Absolut,32.245,-0.28499985,-0.87611395,30.79,30.63,FAAR,,,,,,,,,,
Financials,financial-services,77,PTIN,Pacer Trendpilot International ETF,https://finance.yahoo.com/research-hub/screener/sec-ind_sec-top-etfs_financial-services/,2026-09-28T12:36:45+00:00,en-US,US,ETF,ETF,Delayed Quote,False,LOW,2.11,17.082337,,,True,1557149400000,2,,,,,0.4076,1790355319,37.1701,37.1701,36.945 - 37.1701,36.945,1218,36.7625,500,500,us_market,finmb_598732309,NYSEArca,USD,Pacer Trendpilot International ETF,36.93,9106,7440,[],7.120102,0.23694183,30.05 - 39.49,-2.3199005,-0.058746528,22.129131,0.0,16.816496,0.0,18.86049,2.69454,2.69454,185012976.0,PRE,2.2103357,,,37.19648,-0.026378632,-0.0007091701,35.09212,2.07798,0.059215,,15,0,America/New_York,EDT,-14400000,False,False,False,1.10874,0.65,PCX,39.49,30.05,2.11,,Pacer Trendpilot International ,37.1701,0.4076,1.10874,59.1,0.0,PTIN,,,,,,,,,,
Financials,financial-services,78,BNDC,Northern Trust Core Bond ETF,https://finance.yahoo.com/research-hub/screener/sec-ind_sec-top-etfs_financial-services/,2026-09-28T12:36:45+00:00,en-US,US,ETF,ETF,Delayed Quote,False,LOW,,,5.34722,-1.82046,True,1481639400000,2,,,,,0.0400009,1790359703,21.225,21.229,21.15 - 21.229,21.15,5354,21.185,400,300,us_market,finmb_403347993,NYSEArca,USD,Northern Trust Core Bond ETF,21.165,9415,7430,[],0.07500076,0.0035461355,21.15 - 22.733,-1.5079994,-0.06633526,-5.7504416,0.0,,0.0,-0.56145,-0.77259,-0.77259,170557872.0,PRE,,,,21.67298,-0.44797897,-0.02066993,22.10652,-0.8815193,-0.039875988,,15,0,America/New_York,EDT,-14400000,False,False,False,0.188817,0.35,PCX,22.733,21.15,4.19,,Northern Trust Core Bond ETF,21.225,0.0400009,0.188817,24.18,18.18,BNDC,,,,,,,,,,
Financials,financial-services,79,BLST,Bluemonte Short Term Bond ETF,https://finance.yahoo.com/research-hub/screener/sec-ind_sec-top-etfs_financial-services/,2026-09-28T12:36:45+00:00,en-US,US,ETF,ETF,Delayed Quote,False,LOW,,,,,True,1750685400000,2,,,,,0.0445004,1790364204,24.4745,24.4745,24.421 - 24.4745,24.421,10209,24.43,500,600,us_market,finmb_1934453897,NYSEArca,USD,Bluemonte Short Term Bond ETF,24.421,17039,16440,[],1.7045002,0.07485727,22.77 - 25.49,-1.0154991,-0.03983912,-3.1460226,0.0,,0.0,0.41922,-0.02806,-0.02806,167974000.0,PRE,,,,24.78636,-0.31185913,-0.012581885,25.07671,-0.6022091,-0.024014678,,15,0,America/New_York,EDT,-14400000,False,False,False,0.182155,0.22,PCX,25.49,22.77,3.82,,Bluemonte Short Term Bond ETF,24.4745,0.0445004,0.182155,27.43,21.43,BLST,,,,,,,,,,
Financials,financial-services,80,BLTD,Bluemonte Long Term Bond ETF,https://finance.yahoo.com/research-hub/screener/sec-ind_sec-top-etfs_financial-services/,2026-09-28T12:36:45+00:00,en-US,US,ETF,ETF,Delayed Quote,False,LOW,,,,,True,1750685400000,2,,,,,0.0300007,1790366386,23.76,23.76,23.6508 - 23.76,23.6508,16950,23.73,900,700,us_market,finmb_1934453896,NYSEArca,USD,Bluemonte Long Term Bond ETF,23.66,19657,18850,[],0.109199524,0.0046171597,23.6508 - 26.44,-2.6800003,-0.10136158,-8.12065,0.0,,0.0,-1.6572,-2.1173,-2.1173,164952816.0,PRE,,,,24.35808,-0.5980797,-0.024553647,25.119564,-1.3595638,-0.054123703,,15,0,America/New_York,EDT,-14400000,False,False,False,0.126425,0.22,PCX,26.44,23.6508,4.49,,Bluemonte Long Term Bond ETF,23.76,0.0300007,0.126425,0.0,0.0,BLTD,,,,,,,,,,
Financials,financial-services,81,GPRF,Goldman Sachs Access U.S. Preferred Stock and Hybrid Securities ETF,https://finance.yahoo.com/research-hub/screener/sec-ind_sec-top-etfs_financial-services/,2026-09-28T12:36:45+00:00,en-US,US,ETF,ETF,Nasdaq Real Time Price,False,LOW,5.74,11.350737797956867,,,True,1722519000000,2,,,,,-0.2649994,1790366400,48.535,48.7599,48.485 - 48.7599,48.485,4626,48.8,2,2,us_market,finmb_1871703796,NasdaqGM,USD,Goldman Sachs Access U.S. Preferred Stock and Hybrid Securities ETF,48.56,19917,1210,[],0.049999237,0.001031231,48.485 - 52.41,-3.875,-0.07393627,-5.866951,0.0,,0.0,1.17751,-0.20529,-0.20529,146025888.0,PRE,,,,49.31322,-0.77822113,-0.015781187,50.18892,-1.6539192,-0.032953873,,15,0,America/New_York,EDT,-14400000,False,False,False,-0.5430316,0.45,NGM,52.41,48.485,5.67,,Goldman Sachs Access U.S. Prefe,48.535,-0.31499863,-0.64548904,63.78,35.56,GPRF,,,,2024-08-01,,,,,,
Financials,financial-services,82,SPFF,Global X SuperIncome Preferred ETF,https://finance.yahoo.com/research-hub/screener/sec-ind_sec-top-etfs_financial-services/,2026-09-28T12:36:45+00:00,en-US,US,ETF,ETF,Delayed Quote,False,LOW,,,3.63449,5.33312,True,1342704600000,2,,,,,-0.0299997,1790366400,9.18,9.2673,9.18 - 9.2673,9.18,15256,9.21,1200,800,us_market,finmb_207430255,NYSEArca,USD,Global X SuperIncome Preferred ETF,9.23,42603,33380,[],0.39000034,0.04436864,8.79 - 9.77,-0.59000015,-0.06038896,-1.9230783,,,,4.4065,-0.97851,-0.97851,141810032.0,PRE,,,,9.3806,-0.20059967,-0.021384524,9.3559,-0.1758995,-0.018800918,,15,0,America/New_York,EDT,-14400000,False,False,False,-0.32573,0.48,PCX,9.77,8.79,6.65,,Global X SuperIncome Preferred ,9.18,-0.0299997,-0.32573,14.32,0.0,SPFF,,,,,,,,,,
Financials,financial-services,83,CRPT,First Trust SkyBridge Crypto Industry and Digital Economy ETF,https://finance.yahoo.com/research-hub/screener/sec-ind_sec-top-etfs_financial-services/,2026-09-28T12:36:45+00:00,en-US,US,ETF,ETF,Delayed Quote,False,LOW,0.91,11.678150181011327,,,True,1632231000000,2,,,,,-0.0199986,1790366400,16.37,16.37,15.8401 - 16.37,15.8401,77750,16.39,200,200,us_market,finmb_1672340207,NYSEArca,USD,First Trust SkyBridge Crypto Industry and Digital Economy ETF,16.4,83361,58070,[],5.625001,0.52349937,10.745 - 24.839,-8.469,-0.34095573,-25.725954,0.0,14.671629,0.0,-2.64201,-0.94086,-0.94086,110544912.0,PRE,1.1157589,,,13.35444,3.015561,0.22580963,13.90392,2.4660807,0.17736585,,15,0,America/New_York,EDT,-14400000,False,False,False,-0.122017,0.85,PCX,24.839,10.745,0.77,,First Trust SkyBridge Crypto In,16.37,-0.0199986,-0.122017,22.22,8.9,CRPT,,,,,,,,,,
Financials,financial-services,84,ASEA,Global X FTSE Southeast Asia ETF,https://finance.yahoo.com/research-hub/screener/sec-ind_sec-top-etfs_financial-services/,2026-09-28T12:36:45+00:00,en-US,US,ETF,ETF,Nasdaq Real Time Price,False,LOW,3.6,15.969339,4.43059,5.2572,True,1297953000000,2,,,,,0.18,1790366400,21.37,21.39,21.305 - 21.39,21.305,10781,21.19,600,1400,us_market,finmb_127236169,NYSEArca,USD,Global X FTSE Southeast Asia ETF,21.34,23268,26210,[],4.540001,0.26975644,16.83 - 22.06,-0.6899986,-0.03127827,24.751902,0.0,15.813938,0.0,20.15566,10.56492,10.56492,103368416.0,PRE,1.3513396,,,21.3726,-0.0025997162,-0.0001216378,20.0292,1.3408012,0.06694233,,15,0,America/New_York,EDT,-14400000,False,False,False,0.849459,0.65,PCX,22.06,16.83,3.6,,Global X FTSE Southeast Asia ET,21.37,0.18,0.849459,0.0,0.0,ASEA,,,,,,,,,,
Financials,financial-services,85,QABA,First Trust NASDAQ ABA Community Bank Index Fund,https://finance.yahoo.com/research-hub/screener/sec-ind_sec-top-etfs_financial-services/,2026-09-28T12:36:45+00:00,en-US,US,ETF,ETF,Nasdaq Real Time Price,False,LOW,2.29,12.956725,-2.44868,34.09975,True,1246455000000,2,,,,,0.48600006,1790366400,66.041,66.09,66.035 - 66.09,66.035,861,65.555,2,1,us_market,finmb_60894046,NasdaqGM,USD,First Trust NASDAQ ABA Community Bank Index Fund,66.06,10982,16050,[],14.140999,0.27246624,51.9 - 70.66,-4.6190033,-0.06536942,17.23771,0.0,12.772451,0.0,19.68121,7.96977,7.96977,100485552.0,PRE,5.1705813,,,68.1264,-2.0854034,-0.030610796,62.94185,3.0991516,0.04923833,,15,0,America/New_York,EDT,-14400000,False,False,False,0.7413623,0.6,NGM,70.66,51.9,2.29,,First Trust NASDAQ ABA Communit,66.041,0.48000336,0.7322147,70.34,50.49,QABA,,,1490918400.0,,,,,,,
Financials,financial-services,86,AGGA,EA Astoria Beacon Dynamic Core US Fixed Income ETF,https://finance.yahoo.com/research-hub/screener/sec-ind_sec-top-etfs_financial-services/,2026-09-28T12:36:45+00:00,en-US,US,ETF,ETF,Nasdaq Real Time Price,False,LOW,,,,,True,1746192600000,2,,,,,0.010900497,1790366400,24.5009,24.5009,24.43 - 24.5009,24.43,4016,24.49,5,5,us_market,finmb_1931251008,NasdaqGM,USD,EA Astoria Beacon Dynamic Core US Fixed Income ETF,24.46,13534,10260,[],0.07089996,0.0029021678,24.43 - 25.73,-1.2290993,-0.047769114,-3.5393715,0.0,57.577705,0.0,0.9037,0.0057,0.0057,96117840.0,PRE,0.42552754,,,24.8417,-0.34079933,-0.013718842,25.11586,-0.6149597,-0.024484916,,15,0,America/New_York,EDT,-14400000,False,False,False,0.044509992,0.55,NGM,25.73,24.43,4.24,,EA Astoria Beacon Dynamic Core ,24.5009,0.0,0.0,25.15,24.87,AGGA,,,,2025-05-01,,,,,,
Financials,financial-services,87,LFGY,YieldMax Crypto Industry & Tech Portfolio Option Income ETF,https://finance.yahoo.com/research-hub/screener/sec-ind_sec-top-etfs_financial-services/,2026-09-28T12:36:45+00:00,en-US,US,ETF,ETF,Delayed Quote,False,LOW,102.05,14.972301242701002,,,True,1736865000000,2,,,,,-0.26,1790366392,20.09,20.35,19.95 - 20.35,19.95,20248,20.35,200,200,us_market,finmb_1900323814,NYSEArca,USD,YieldMax Crypto Industry & Tech Portfolio Option Income ETF,20.3,41628,34370,[],1.7350006,0.09452469,18.355 - 38.78,-18.689999,-0.48194945,-45.019157,0.0,13.93595,0.0,13.61449,-7.24444,-7.24444,90671904.0,PRE,1.4415953,,,19.88982,0.20018005,0.010064447,22.341795,-2.2517948,-0.100788444,,15,0,America/New_York,EDT,-14400000,False,False,False,-1.27764,1.02,PCX,38.78,18.355,52.68,,YieldMax Crypto Industry & Tech,20.09,-0.30000114,-1.474207,0.0,0.0,LFGY,,,,,,,,,,
Financials,financial-services,88,THY,Toews Agility Shares Dynamic Tactical Income ETF,https://finance.yahoo.com/research-hub/screener/sec-ind_sec-top-etfs_financial-services/,2026-09-28T12:36:45+00:00,en-US,US,ETF,ETF,Delayed Quote,False,LOW,4.95,59.55926146515783,,,True,1593091800000,2,,,,,0.0199986,1790366102,21.38,21.39,21.34 - 21.39,21.34,22363,21.36,1900,100,us_market,finmb_551883399,NYSEArca,USD,Toews Agility Shares Dynamic Tactical Income ETF,21.36,9226,9120,[],2.1599998,0.11238293,19.22 - 25.17,-3.790001,-0.15057611,-5.868888,0.0,56.03141,0.0,0.61304,-0.16003,-0.16003,88340208.0,PRE,0.38157168,,,21.58568,-0.20568085,-0.009528578,21.94504,-0.5650406,-0.025747987,,15,0,America/New_York,EDT,-14400000,False,False,False,0.0936262,1.04,PCX,25.17,19.22,5.17,,Toews Agility Shares Dynamic Ta,21.38,0.0199986,0.0936262,22.29,20.46,THY,,,,,,,,,,
Financials,financial-services,89,IBLC,iShares Blockchain and Tech ETF,https://finance.yahoo.com/research-hub/screener/sec-ind_sec-top-etfs_financial-services/,2026-09-28T12:36:45+00:00,en-US,US,ETF,ETF,Delayed Quote,False,LOW,1.45,19.022256039566294,,,True,1651066200000,2,-0.19909668,-0.40967155,1790596259.0,48.4,-1.2868,1790364588,48.5991,49.43,48.34 - 49.43,48.34,3106,49.8859,500,500,us_market,finmb_1765309025,NYSEArca,USD,iShares Blockchain and Tech ETF,50.06,12850,11050,[],14.719097,0.43444794,33.88 - 68.77,-20.170898,-0.29330957,-11.939192,0.0,23.718248,0.0,11.7948,-17.34512,-17.34512,84934176.0,PRE,2.0490172,,,45.59058,3.0085182,0.06598991,45.216293,3.3828049,0.07481385,,15,0,America/New_York,EDT,-14400000,False,False,False,-2.57949,0.47,PCX,68.77,33.88,1.2,,iShares Blockchain and Tech ETF,48.4,-1.7458992,-3.499785,0.0,0.0,IBLC,,,,,,,,,,
Financials,financial-services,90,FCEF,First Trust Income Opportunity ETF,https://finance.yahoo.com/research-hub/screener/sec-ind_sec-top-etfs_financial-services/,2026-09-28T12:36:45+00:00,en-US,US,ETF,ETF,Nasdaq Real Time Price,False,LOW,6.2,21.331058,10.41431,19.17414,True,1475155800000,2,,,,,0.059999466,1790366400,22.875,22.8838,22.811 - 22.8838,22.811,9277,22.815,2,2,us_market,finmb_346875849,NasdaqGM,USD,First Trust Income Opportunity ETF,22.84,18188,8590,[],0.92499924,0.042141195,21.95 - 24.35,-1.4750004,-0.060574964,0.43908358,0.0,20.288897,0.0,9.86619,2.03869,2.03869,83104256.0,PRE,1.1274639,,,23.7912,-0.91620064,-0.03851006,23.47786,-0.6028595,-0.025677787,,15,0,America/New_York,EDT,-14400000,False,False,False,0.26298255,3.69,NGM,24.35,21.95,6.2,,First Trust Income Opportunitie,22.875,0.06879997,0.30155587,24.05,23.94,FCEF,,,1496188800.0,,,,,,,
Financials,financial-services,91,HECO,State Street Galaxy Hedged Digital Asset Ecosystem ETF,https://finance.yahoo.com/research-hub/screener/sec-ind_sec-top-etfs_financial-services/,2026-09-28T12:36:45+00:00,en-US,US,ETF,ETF,Delayed Quote,False,LOW,0.0,20.652623,,,True,1725975000000,2,,,,,-1.6624985,1790366400,67.0475,67.0475,66.68 - 67.0475,66.68,776,68.71,2,3,us_market,finmb_1888111048,NasdaqGM,USD,State Street Galaxy Hedged Digital Asset Ecosystem ETF,66.68,534,660,[],29.4775,0.7846021,37.57 - 74.28,-7.232498,-0.09736805,61.35149,0.0,22.576826,0.0,54.78437,-7.94236,-7.94236,78447928.0,PRE,2.9697487,,,64.3969,2.6506042,0.041160434,54.08437,12.963131,0.2396835,,15,0,America/New_York,EDT,-14400000,False,False,False,-2.4195874,0.9,NGM,74.28,37.57,0.0,,State Street Galaxy Hedged Digi,67.0475,-2.0298996,-2.9543002,67.65,48.05,HECO,,,,2024-09-10,,,,,,
Financials,financial-services,92,KWT,iShares MSCI Kuwait ETF,https://finance.yahoo.com/research-hub/screener/sec-ind_sec-top-etfs_financial-services/,2026-09-28T12:36:45+00:00,en-US,US,ETF,ETF,Delayed Quote,False,LOW,5.48,16.647245,,,True,1599139800000,2,,,,,-0.23,1790366400,36.8,37.03,36.8 - 37.03,36.8,3875,37.03,100,100,us_market,finmb_650110566,Cboe US,USD,iShares MSCI Kuwait ETF,37.03,4688,1210,[],1.2599983,0.035452962,35.54 - 41.08,-4.2800026,-0.10418701,-6.759906,,16.058155,,0.20466,1.36078,1.36078,67776456.0,PRE,2.2916703,,,37.10574,-0.30574036,-0.008239705,37.440365,-0.6403656,-0.017103616,,15,0,America/New_York,EDT,-14400000,False,False,False,-0.621117,0.75,BTS,41.08,35.54,5.48,,iShares MSCI Kuwait ETF,36.8,-0.23,-0.621117,0.0,0.0,KWT,,,,,,,,,,
Financials,financial-services,93,EPRF,Innovator S&P Investment Grade Preferred ETF,https://finance.yahoo.com/research-hub/screener/sec-ind_sec-top-etfs_financial-services/,2026-09-28T12:36:45+00:00,en-US,US,ETF,ETF,Nasdaq Real Time Price,False,LOW,6.14,48.543689,9.61851,1.73713,True,1464096600000,2,,,,,0.0197992,1790366150,16.0148,16.0148,15.94 - 16.0148,15.94,23123,15.995,300,300,us_market,finmb_316776182,Cboe US,USD,Innovator S&P Investment Grade Preferred ETF,15.96,8953,11220,[],0.09479904,0.0059547136,15.92 - 18.45,-2.4352016,-0.13198924,-12.995058,0.0,46.78531,0.0,-2.09156,-0.34405,-0.34405,67297720.0,PRE,0.34230402,,,16.49628,-0.48148155,-0.029187279,17.035505,-1.0207062,-0.059916403,,15,0,America/New_York,EDT,-14400000,False,False,False,0.123784,0.47,BTS,18.45,15.92,6.14,,Innovator S&P Investment Grade ,16.0148,0.0197992,0.123784,19.98,6.44,EPRF,,,,,,,,,,
Financials,financial-services,94,RTRE,Rareview Total Return Bond ETF,https://finance.yahoo.com/research-hub/screener/sec-ind_sec-top-etfs_financial-services/,2026-09-28T12:36:45+00:00,en-US,US,ETF,ETF,Delayed Quote,False,LOW,4.01,11.079104808331486,,,True,1717421400000,2,,,,,0.0833015,1790360750,23.8152,23.8152,23.691 - 23.8152,23.691,1017,23.7319,100,100,us_market,finmb_1878970794,Cboe US,USD,Rareview Total Return Bond ETF,23.6969,9895,2170,[],0.12420082,0.0052425317,23.691 - 25.79,-1.9748001,-0.076572314,-6.3139257,0.0,10.39455,0.0,-0.35055,-0.77974,-0.77974,59817744.0,PRE,2.2911236,,,24.41208,-0.59687996,-0.024450189,24.948284,-1.1330833,-0.045417286,,15,0,America/New_York,EDT,-14400000,False,False,False,0.351011,0.7,BTS,25.79,23.691,4.58,,Rareview Total Return Bond ETF,23.8152,0.0833015,0.351011,37.86,0.0,RTRE,,,,,,,,,,
Financials,financial-services,95,SOFX,Defiance Daily Target 2X Long SOFI ETF,https://finance.yahoo.com/research-hub/screener/sec-ind_sec-top-etfs_financial-services/,2026-09-28T12:36:45+00:00,en-US,US,ETF,ETF,Delayed Quote,False,LOW,,,,,True,1737037800000,2,-0.17000008,-2.1992247,1790598700.0,7.56,-0.23000002,1790366400,7.73,8.055,7.725 - 8.055,7.725,667204,7.96,2,1,us_market,finmb_1906029774,NasdaqGM,USD,Defiance Daily Target 2X Long SOFI ETF,7.91,1213504,1534570,[],0.98500013,0.14603412,6.745 - 55.479,-47.749,-0.860668,-81.72577,0.0,11.539881,0.0,-67.42299,-16.40506,-16.40506,59712396.0,PRE,0.66985095,,,9.1342,-1.4042001,-0.15372995,14.125415,-6.395415,-0.45275944,,15,0,America/New_York,EDT,-14400000,False,False,False,-2.8894475,1.33,NGM,55.479,6.745,38.81,,Defiance Daily Target 2X Long S,7.56,-0.23000002,-2.8894475,10.0,7.59,SOFX,,,,2025-01-16,,,,,,
Financials,financial-services,96,DYFI,IDX Dynamic Fixed Income ETF,https://finance.yahoo.com/research-hub/screener/sec-ind_sec-top-etfs_financial-services/,2026-09-28T12:36:45+00:00,en-US,US,ETF,ETF,Nasdaq Real Time Price,False,LOW,5.53,59.98800239952009,,,True,1704897000000,2,,,,,-0.008600235,1790366400,22.2864,22.29,22.2685 - 22.29,22.2685,16852,22.295,2,2,us_market,finmb_1853437671,NasdaqGM,USD,IDX Dynamic Fixed Income ETF,22.27,9093,12030,[],0.017900467,0.00080384704,22.2685 - 23.4,-1.1135998,-0.047589734,-4.3724537,0.0,58.48279,0.0,0.28572,0.22032,0.22032,59378472.0,PRE,0.3810762,,,22.5751,-0.2887001,-0.012788431,22.849045,-0.56264496,-0.02462444,,15,0,America/New_York,EDT,-14400000,False,False,False,-0.038574725,1.13,NGM,23.4,22.2685,4.63,,IDX Dynamic Fixed Income ETF,22.2864,-0.010000229,-0.044854134,29.06,16.28,DYFI,,,,2024-01-10,,,,,,
Financials,financial-services,97,TMSF,T. Rowe Price Multi-Sector Income ETF,https://finance.yahoo.com/research-hub/screener/sec-ind_sec-top-etfs_financial-services/,2026-09-28T12:36:45+00:00,en-US,US,ETF,ETF,Delayed Quote,False,LOW,,,,,True,1763735400000,2,,,,,0.103401184,1790366400,49.08,49.1,49.0 - 49.1,49.0,5199,48.9766,5,5,us_market,finmb_1956870229,NasdaqGM,USD,T. Rowe Price Multi-Sector Income ETF,49.01,842,1520,[],0.11400223,0.0023281917,48.966 - 50.8,-1.7199974,-0.033858217,-1.9282639,0.0,14.1165905,0.0,2.78536,0.64695,0.64695,58634616.0,PRE,3.4767604,,,49.96426,-0.8842583,-0.017697815,50.09002,-1.0100174,-0.020164045,,15,0,America/New_York,EDT,-14400000,False,False,False,0.21112363,0.37,NGM,50.8,48.966,,,T. Rowe Price Multi-Sector Inco,49.08,0.12339783,0.25195262,50.44,49.66,TMSF,,,,2025-11-20,,,,,,
Financials,financial-services,98,PFI,Invesco Dorsey Wright Financial Momentum ETF,https://finance.yahoo.com/research-hub/screener/sec-ind_sec-top-etfs_financial-services/,2026-09-28T12:36:45+00:00,en-US,US,ETF,ETF,Delayed Quote,False,LOW,0.99,15.69366,12.53985,28.67163,True,1160659800000,2,,,,,0.39839935,1790366400,59.1634,59.19,59.1634 - 59.19,59.1634,976,58.765,3,3,us_market,finmb_29596872,NasdaqGM,USD,Invesco Dorsey Wright Financial Momentum ETF,59.19,11898,2270,[],7.593399,0.1472445,51.57 - 64.46,-5.2966003,-0.082168795,1.649487,0.0,14.987735,0.0,8.05435,6.20589,6.20589,58237672.0,PRE,3.9474542,,,61.9754,-2.8120003,-0.045372847,58.87775,0.28564835,0.00485155,,15,0,America/New_York,EDT,-14400000,False,False,False,0.6779535,0.6,NGM,64.46,51.57,0.99,,Invesco Dorsey Wright Financial,59.1634,0.42499924,0.7232183,64.7,64.28,PFI,,,1522281600.0,,,,,,,
Financials,financial-services,99,PVEX,TrueShares ConVequity ETF,https://finance.yahoo.com/research-hub/screener/sec-ind_sec-top-etfs_financial-services/,2026-09-28T12:36:45+00:00,en-US,US,ETF,ETF,Delayed Quote,False,LOW,,,,,True,1751290200000,2,,,,,0.183599,1790351949,31.1779,31.1779,30.975 - 31.1779,30.975,2983,30.9943,100,500,us_market,finmb_1947041755,Cboe US,USD,TrueShares ConVequity ETF,30.975,6522,4480,[],4.3579006,0.16248697,26.82 - 32.62,-1.4420986,-0.044209033,11.657059,0.0,,0.0,9.70422,-0.27078,-0.27078,58128564.0,PRE,,,,30.90416,0.27374077,0.008857733,29.56242,1.6154804,0.05464642,,15,0,America/New_York,EDT,-14400000,False,False,False,0.592365,0.82,BTS,32.62,26.82,0.17,,TrueShares ConVex Protect ETF,31.1779,0.183599,0.592365,49.57,0.0,PVEX,,,,,,,,,,
Financials,financial-services,100,GABF,Gabelli Financial Services Opportunities ETF,https://finance.yahoo.com/research-hub/screener/sec-ind_sec-top-etfs_financial-services/,2026-09-28T12:36:45+00:00,en-US,US,ETF,ETF,Delayed Quote,False,LOW,1.95,12.144766,,,True,1652189400000,2,,,,,0.165501,1790266961,43.0717,43.0717,43.0717 - 43.0717,43.0717,152,42.9062,900,900,us_market,finmb_1781635389,NYSEArca,USD,Gabelli Financial Services Opportunities ETF,43.09,2998,1810,[],4.731701,0.12341421,38.34 - 48.557,-5.485298,-0.112966165,-11.296004,0.0,,0.0,0.61257,6.32964,6.32964,53686540.0,PRE,,,,45.57868,-2.506977,-0.055003285,44.767124,-1.6954231,-0.037872057,,15,0,America/New_York,EDT,-14400000,False,False,False,0.385727,1.24,PCX,48.557,38.34,1.95,,Gabelli ETFs Trust Gabelli Fina,43.0717,0.165501,0.385727,68.48,17.33,GABF,,,,,,,,,,
Financials,financial-services,101,FFIU,Fieldstone UVA Unconstrained Medium-Term Fixed Income ETF,https://finance.yahoo.com/research-hub/screener/sec-ind_sec-top-etfs_financial-services/,2026-09-28T12:36:45+00:00,en-US,US,ETF,ETF,Delayed Quote,False,LOW,,,7.59546,0.11199,True,1503322200000,2,,,,,0.0697002,1790272890,20.9441,20.9441,20.9441 - 20.9441,20.9441,15,20.8744,100,100,us_market,finmb_428736151,NYSEArca,USD,Fieldstone UVA Unconstrained Medium-Term Fixed Income ETF,20.965,3153,1740,[],0.07009888,0.0033581909,20.874 - 23.11,-2.1659012,-0.09372138,-5.389166,0.0,,0.0,-0.99074,-1.15591,-1.15591,52533472.0,PRE,,,,21.37308,-0.42897987,-0.020071037,21.877146,-0.93304634,-0.042649362,,15,0,America/New_York,EDT,-14400000,False,False,False,0.333903,0.54,PCX,23.11,20.874,4.14,,UVA Unconstrained Medium-Term F,20.9441,0.0697002,0.333903,33.3,0.0,FFIU,,,,,,,,,,
Financials,financial-services,102,BCFN,Baron Financials ETF,https://finance.yahoo.com/research-hub/screener/sec-ind_sec-top-etfs_financial-services/,2026-09-28T12:36:45+00:00,en-US,US,ETF,ETF,Delayed Quote,False,LOW,0.0,21.781747,,,True,1765809000000,2,,,,,0.1392994,1790366400,21.8743,21.895,21.41 - 21.895,21.41,9709,21.735,2,2,us_market,finmb_640978186,NasdaqGM,USD,Baron Financials ETF,21.86,2095,3250,[],1.8342991,0.09153189,20.04 - 25.57,-3.6956997,-0.14453265,-11.833936,0.0,20.006737,0.0,-4.49273,11.54144,11.54144,50270780.0,PRE,1.0933467,,,22.94888,-1.0745792,-0.04682491,22.433363,-0.55906296,-0.02492105,,15,0,America/New_York,EDT,-14400000,False,False,False,0.64089894,0.8,NGM,25.57,20.04,0.0,,Baron Financials ETF,21.8743,0.13500023,0.621119,29.56,16.68,BCFN,,,,2025-12-15,,,,,,
Financials,financial-services,103,GSIB,Themes Global Systemically Important Banks ETF,https://finance.yahoo.com/research-hub/screener/sec-ind_sec-top-etfs_financial-services/,2026-09-28T12:36:45+00:00,en-US,US,ETF,ETF,Nasdaq Real Time Price,False,LOW,1.54,11.321182,,,True,1702650600000,2,,,,,0.7895012,1790366400,63.6595,63.6899,63.205 - 63.6899,63.205,32075,62.87,2,2,us_market,finmb_1849930490,NasdaqGM,USD,Themes Global Systemically Important Banks ETF,63.205,16501,16830,[],18.0195,0.39481816,45.64 - 67.77,-4.1104965,-0.060653634,31.787598,0.0,11.112442,0.0,23.75147,13.32752,13.32752,47344396.0,PRE,5.7286687,,,64.36976,-0.7102585,-0.01103404,57.351875,6.307625,0.10998114,,15,0,America/New_York,EDT,-14400000,False,False,False,1.2557678,0.35,NGM,67.77,45.64,1.54,,Themes Global Systemically Impo,63.6595,0.7750015,1.2327049,83.02,46.31,GSIB,,,,2023-12-15,,,,,,
Financials,financial-services,104,FDFF,Fidelity Disruptive Finance ETF,https://finance.yahoo.com/research-hub/screener/sec-ind_sec-top-etfs_financial-services/,2026-09-28T12:36:45+00:00,en-US,US,ETF,ETF,Delayed Quote,False,LOW,0.92,19.896538,,,True,1686576600000,2,,,,,0.16120148,1790366400,35.0862,35.13,34.8801 - 35.13,34.8801,1923,34.925,2,2,us_market,finmb_647379382,NasdaqGM,USD,Fidelity Disruptive Finance ETF,34.9,4403,3160,[],4.926201,0.16333558,30.16 - 38.4,-3.3138008,-0.08629689,-4.5304894,0.0,18.431036,0.0,6.98974,13.23604,13.23604,47220664.0,PRE,1.9036478,,,36.44974,-1.3635406,-0.037408788,34.37075,0.7154503,0.020815672,,15,0,America/New_York,EDT,-14400000,False,False,False,0.46156472,0.5,NGM,38.4,30.16,0.92,,Fidelity Disruptive Finance ETF,35.0862,0.20500183,0.5869773,47.06,26.43,FDFF,,,,2023-06-12,,,,,,
Financials,financial-services,105,BNKU,MicroSectors™ U.S. Big Banks 3x Leveraged ETNs,https://finance.yahoo.com/research-hub/screener/sec-ind_sec-top-etfs_financial-services/,2026-09-28T12:36:45+00:00,en-US,US,ETF,ETF,Delayed Quote,False,LOW,0.0,14.981273,114.6945,0.0,True,1740061800000,2,0.0,0.0,1790582583.0,35.75,0.830002,1790366310,35.75,35.87,34.9003 - 35.87,34.9003,11981,34.92,200,200,us_market,finmb_1932024668,NYSEArca,USD,MicroSectors™ U.S. Big Banks 3x Leveraged ETNs,35.1,9685,13530,[],12.452,0.53446645,23.298 - 49.46,-13.709999,-0.27719367,23.106062,0.0,12.292415,0.0,25.68851,36.99382,36.99382,44459524.0,PRE,2.9082975,,112.675,43.68754,-7.937538,-0.18168885,36.19426,-0.44425964,-0.012274312,0.31728423,15,0,America/New_York,EDT,-14400000,False,False,False,2.37687,0.35,PCX,49.46,23.298,0.0,CAD,MicroSectors U.S. Big Banks 3 L,35.75,0.83000183,2.3768668,37.77,34.7,BNKU,1756125000.0,1756470600.0,,,,1748433600.0,1748433600.0,False,,
Financials,financial-services,106,IHY,VanEck International High Yield Bond ETF,https://finance.yahoo.com/research-hub/screener/sec-ind_sec-top-etfs_financial-services/,2026-09-28T12:36:45+00:00,en-US,US,ETF,ETF,Delayed Quote,False,LOW,5.32,59.98800239952009,12.18619,-3.12641,True,1333459800000,2,,,,,-0.0300007,1790366386,21.07,21.17,20.96 - 21.17,20.96,78580,21.1,500,100,us_market,finmb_183592819,NYSEArca,USD,VanEck International High Yield Bond ETF,21.13,10058,20480,[],0.11000061,0.005248121,20.96 - 22.5,-1.4300003,-0.06355557,-4.9616575,0.0,58.547245,0.0,2.34461,0.66743,0.66743,43463804.0,PRE,0.3598803,,,21.5442,-0.4742012,-0.022010619,21.78295,-0.71294975,-0.032729715,,15,0,America/New_York,EDT,-14400000,False,False,False,-0.142183,0.4,PCX,22.5,20.96,5.79,,VanEck International High Yield,21.07,-0.0300007,-0.142183,21.97,20.16,IHY,,,,,,,,,,
Financials,financial-services,107,FDIQ,Invesco Bloomberg Financial Data Providers ETF,https://finance.yahoo.com/research-hub/screener/sec-ind_sec-top-etfs_financial-services/,2026-09-28T12:36:45+00:00,en-US,US,ETF,ETF,Nasdaq Real Time Price,False,LOW,2.01,26.624068,-0.66798,36.14797,True,1320154200000,2,,,,,-0.9924011,1790366400,69.6575,69.91,69.6575 - 69.91,69.6575,535,70.6499,1,1,us_market,finmb_142432153,NasdaqGM,USD,Invesco Bloomberg Financial Data Providers ETF,69.91,3030,760,[],14.057503,0.2528328,55.6 - 76.69,-7.032501,-0.09170037,14.497042,0.0,24.363716,0.0,24.30189,9.10037,9.10037,43390088.0,PRE,2.8590672,,,72.4568,-2.7993011,-0.03863407,69.2812,0.37630463,0.0054315547,,15,0,America/New_York,EDT,-14400000,False,False,False,-1.4046744,0.35,NGM,76.69,55.6,2.01,,Invesco Bloomberg Financial Dat,69.6575,-0.7398987,-1.0472748,74.48,69.22,FDIQ,,,,,,,,,,
Financials,financial-services,108,CEFZ,RiverNorth Active Income ETF,https://finance.yahoo.com/research-hub/screener/sec-ind_sec-top-etfs_financial-services/,2026-09-28T12:36:45+00:00,en-US,US,ETF,ETF,Delayed Quote,False,LOW,9.3,16.957775,13.08842,16.28002,True,1754314200000,2,,,,,0.0397,1790366082,7.9897,8.0,7.97 - 8.0,7.97,57165,7.95,200,200,us_market,finmb_43967927,Cboe US,USD,RiverNorth Active Income ETF,7.985,21668,13920,[],0.41969967,0.05544249,7.57 - 8.7,-0.71029997,-0.08164368,-3.5024166,0.0,16.303762,0.0,7.98591,1.84486,1.84486,42525656.0,PRE,0.4900525,,,8.18848,-0.19878054,-0.024275633,8.1982,-0.20850039,-0.025432458,,15,0,America/New_York,EDT,-14400000,False,False,False,0.499371,2.82,BTS,8.7,7.57,9.94,,RiverNorth Active Income ETF,7.9897,0.0397,0.499371,0.0,7.93,CEFZ,,,,,,,,,,
Financials,financial-services,109,BRKU,Direxion Daily BRKB Bull 2X Shares,https://finance.yahoo.com/research-hub/screener/sec-ind_sec-top-etfs_financial-services/,2026-09-28T12:36:45+00:00,en-US,US,ETF,ETF,Delayed Quote,False,LOW,2.57,12.674271,,,True,1733927400000,2,0.104299545,0.45886293,1790593200.0,22.8343,-0.0067005157,1790366400,22.7333,22.77,22.47 - 22.77,22.47,88562,22.74,1,1,us_market,finmb_1901305092,NasdaqGM,USD,Direxion Daily BRKB Bull 2X Shares,22.77,92295,98440,[],2.4832993,0.122632064,20.25 - 26.8,-4.0667,-0.15174255,-10.781002,0.0,12.562479,0.0,-6.93351,9.7095,9.7095,40643944.0,PRE,1.809619,,,23.1688,-0.4355011,-0.018796878,22.835215,-0.10191536,-0.0044630785,,15,0,America/New_York,EDT,-14400000,False,False,False,-0.029465768,1.02,NGM,26.8,20.25,2.57,,Direxion Daily BRKB Bull 2X ETF,22.8343,-0.010000229,-0.04397638,24.38,24.2,BRKU,,,,2024-12-11,,,,,,
Financials,financial-services,110,FCBD,Frontier Asset Core Bond ETF,https://finance.yahoo.com/research-hub/screener/sec-ind_sec-top-etfs_financial-services/,2026-09-28T12:36:45+00:00,en-US,US,ETF,ETF,Delayed Quote,False,LOW,,,,,True,1734705000000,2,,,,,0.00510025,1790345216,24.815,24.8199,24.815 - 24.8199,24.815,283,24.8099,3300,100,us_market,finmb_1900657967,NYSEArca,USD,Frontier Asset Core Bond ETF,24.8199,3065,5140,[],0.710001,0.029454513,24.105 - 25.9,-1.0849991,-0.041891858,-3.0095756,0.0,31.690147,0.0,0.3887,-0.10978,-0.10978,40303440.0,PRE,0.78305095,,,25.12424,-0.30924034,-0.012308445,25.40661,-0.59160995,-0.02328567,,15,0,America/New_York,EDT,-14400000,False,False,False,0.0205573,0.84,PCX,25.9,24.105,4.17,,Frontier Asset Core Bond ETF,24.815,0.00510025,0.0205573,39.7,0.0,FCBD,,,,,,,,,,
Financials,financial-services,111,FXED,Sound Enhanced Fixed Income ETF,https://finance.yahoo.com/research-hub/screener/sec-ind_sec-top-etfs_financial-services/,2026-09-28T12:36:45+00:00,en-US,US,ETF,ETF,Delayed Quote,False,LOW,6.97,16.361257,,,True,1609770600000,2,,,,,0.0,1790366390,16.79,16.79,16.62 - 16.79,16.62,4896,16.79,15300,300,us_market,finmb_697582752,NYSE,USD,Sound Enhanced Fixed Income ETF,16.62,4804,5780,[],0.17000008,0.010228644,16.62 - 19.0,-2.209999,-0.116315745,-9.658325,0.0,15.888851,0.0,0.08081,-0.33932,-0.33932,39332880.0,PRE,1.0567158,,,17.25172,-0.4617195,-0.02676368,17.59469,-0.8046894,-0.045734785,,15,0,America/New_York,EDT,-14400000,False,False,False,0.0,1.89,NYQ,19.0,16.62,6.97,,Sound Enhanced Fixed Income ETF,16.79,0.0,0.0,0.0,0.0,FXED,,,,,,,,,,
Financials,financial-services,112,FBDC,FT Confluence BDC & Specialty Finance Income ETF,https://finance.yahoo.com/research-hub/screener/sec-ind_sec-top-etfs_financial-services/,2026-09-28T12:36:45+00:00,en-US,US,ETF,ETF,Delayed Quote,False,LOW,11.47,13.297872,,,True,1751290200000,2,,,,,0.0391998,1790365454,16.9592,16.9592,16.85 - 16.9592,16.85,4743,16.92,200,300,us_market,finmb_33352079,NYSEArca,USD,FT Confluence BDC & Specialty Finance Income ETF,16.95,11504,11450,[],0.68919945,0.04236014,16.27 - 20.17,-3.2108002,-0.15918691,-14.27055,0.0,12.609944,0.0,-0.43037,7.89711,7.89711,35108384.0,PRE,1.3449068,0.0,,17.4053,-0.44610023,-0.025630137,17.71647,-0.7572708,-0.042743888,,15,0,America/New_York,EDT,-14400000,False,False,False,0.231677,12.44,PCX,20.17,16.27,11.47,,FT Confluence BDC & Specialty F,16.9592,0.0391998,0.231677,17.61,0.0,FBDC,,,,,,,,,,
Financials,financial-services,113,OBND,State Street Loomis Sayles Opportunistic Bond ETF,https://finance.yahoo.com/research-hub/screener/sec-ind_sec-top-etfs_financial-services/,2026-09-28T12:36:45+00:00,en-US,US,ETF,ETF,Delayed Quote,False,LOW,,,,,True,1632835800000,2,,,,,0.0,1790356156,24.975,25.005,24.96 - 25.005,24.96,8304,24.975,600,100,us_market,finmb_1674351414,Cboe US,USD,State Street Loomis Sayles Opportunistic Bond ETF,24.99,23520,4290,[],0.015001297,0.00060101354,24.96 - 26.48,-1.5049992,-0.056835316,-4.911476,0.0,,0.0,1.55438,0.22951,0.22951,31836056.0,PRE,,,,25.36524,-0.39023972,-0.015384822,25.7545,-0.77949905,-0.03026652,,15,0,America/New_York,EDT,-14400000,False,False,False,0.0,0.55,BTS,26.48,24.96,6.4,,State Street Loomis Sayles Oppo,24.975,0.0,0.0,0.0,0.0,OBND,,,,,,,,,,
Financials,financial-services,114,ISTM,iShares Strategic Metals ETF,https://finance.yahoo.com/research-hub/screener/sec-ind_sec-top-etfs_financial-services/,2026-09-28T12:36:45+00:00,en-US,US,ETF,ETF,Nasdaq Real Time Price,False,LOW,,,,,True,1718199000000,2,,,,,0.07629967,1790366400,30.9763,30.985,30.58 - 30.985,30.58,15432,30.9,2,2,us_market,finmb_1829439859,NasdaqGM,USD,iShares Strategic Metals ETF,30.6,7763,16480,[],4.8662987,0.18637681,26.11 - 37.544,-6.5676994,-0.1749334,15.819777,0.0,,0.0,9.32391,-3.93095,-3.93095,31048606.0,PRE,,,,30.49094,0.4853592,0.015918145,30.7394,0.23689842,0.00770667,,15,0,America/New_York,EDT,-14400000,False,False,False,0.24692449,0.47,NGM,37.544,26.11,13.53,,iShares Strategic Metals ETF,30.9763,0.069999695,0.22653623,38.36,21.78,ISTM,,,,,,,,,,
Financials,financial-services,115,PSCF,Invesco S&P SmallCap Financials ETF,https://finance.yahoo.com/research-hub/screener/sec-ind_sec-top-etfs_financial-services/,2026-09-28T12:36:45+00:00,en-US,US,ETF,ETF,Delayed Quote,False,LOW,2.16,14.5624,5.6322,27.99677,True,1270647000000,2,,,,,0.4843979,1790366400,62.1344,62.1344,61.9 - 62.1344,61.9,415,61.65,2,2,us_market,finmb_100588837,NasdaqGM,USD,Invesco S&P SmallCap Financials ETF,61.9,3734,1410,[],7.8344,0.14427993,54.3 - 68.6,-6.465599,-0.094250716,8.127392,0.0,13.728205,0.0,15.9913,8.21021,8.21021,30316962.0,PRE,4.5260396,,,65.9648,-3.8303986,-0.058067314,61.91075,0.22364807,0.003612427,,15,0,America/New_York,EDT,-14400000,False,False,False,0.7857224,0.29,NGM,68.6,54.3,2.16,,Invesco S&P SmallCap Financials,62.1344,0.43999863,0.71370417,87.02,49.09,PSCF,,,1498780800.0,,,,,,,
Financials,financial-services,116,VPC,Virtus Private Credit ETF,https://finance.yahoo.com/research-hub/screener/sec-ind_sec-top-etfs_financial-services/,2026-09-28T12:36:45+00:00,en-US,US,ETF,ETF,Delayed Quote,False,LOW,15.26,13.685507,21.55378,33.03279,True,1549636200000,2,,,,,0.0200005,1790365590,14.92,14.93,14.85 - 14.93,14.85,11743,14.9,600,600,us_market,finmb_599853206,NYSEArca,USD,Virtus Private Credit ETF,14.91,9653,10000,[],0.6000004,0.04189947,14.32 - 19.2,-4.2800007,-0.22291669,-20.638298,0.0,12.833927,0.0,-4.63378,3.78037,3.78037,30264142.0,PRE,1.1625437,,,15.37214,-0.45213985,-0.029412942,16.0422,-1.1222,-0.069953,,15,0,America/New_York,EDT,-14400000,False,False,False,0.134231,10.6,PCX,19.2,14.32,15.26,,Virtus Private Credit Strategy ,14.92,0.0200005,0.134231,16.88,14.0,VPC,,,,,,,,,,
Financials,financial-services,117,SSFI,Day Hagan Smart Sector Fixed Income ETF,https://finance.yahoo.com/research-hub/screener/sec-ind_sec-top-etfs_financial-services/,2026-09-28T12:36:45+00:00,en-US,US,ETF,ETF,Delayed Quote,False,LOW,3.4,59.41770647653,,,True,1632922200000,2,,,,,0.0500011,1790343350,20.61,20.61,20.5817 - 20.61,20.5817,746,20.56,4400,4400,us_market,finmb_1679577816,NYSEArca,USD,Day Hagan Smart Sector Fixed Income ETF,20.5817,4000,890,[],0.050001144,0.0024319624,20.56 - 21.84,-1.2299995,-0.05631866,-4.4506254,0.0,56.251675,0.0,-0.50762,-0.87424,-0.87424,28193076.0,PRE,0.3663891,,,20.9814,-0.37139893,-0.017701343,21.34087,-0.7308693,-0.0342474,,15,0,America/New_York,EDT,-14400000,False,False,False,0.243196,0.75,PCX,21.84,20.56,3.65,,Day Hagan Smart Sector Fixed In,20.61,0.0500011,0.243196,0.0,0.0,SSFI,,,,,,,,,,
Financials,financial-services,118,BITS,Global X Blockchain & Bitcoin Strategy ETF,https://finance.yahoo.com/research-hub/screener/sec-ind_sec-top-etfs_financial-services/,2026-09-28T12:36:45+00:00,en-US,US,ETF,ETF,Delayed Quote,False,LOW,26.5,12.901561088891757,,,True,1637073000000,2,,,,,-1.0093002,1790366400,68.8107,68.8107,68.64 - 68.8107,68.64,958,69.82,2,2,us_market,finmb_1681543717,NasdaqGM,USD,Global X Blockchain & Bitcoin Strategy ETF,68.64,1717,1570,[],19.930698,0.4077475,48.88 - 118.78,-49.9693,-0.42068782,-29.008133,0.0,16.452288,0.0,3.24066,-7.73739,-7.73739,25656272.0,PRE,4.18244,,,61.3564,7.4543,0.121491805,62.92406,5.8866386,0.09355147,,15,0,America/New_York,EDT,-14400000,False,False,False,-1.4455746,0.65,NGM,118.78,48.88,22.02,,Global X Blockchain & Bitcoin S,68.8107,-1.1800003,-1.6900606,56.85,40.82,BITS,,,,2021-11-16,,,,,,
Financials,financial-services,119,BCDF,Horizon Kinetics Blockchain Development ETF,https://finance.yahoo.com/research-hub/screener/sec-ind_sec-top-etfs_financial-services/,2026-09-28T12:36:45+00:00,en-US,US,ETF,ETF,Delayed Quote,False,LOW,2.25,16.50165,,,True,1659447000000,2,,,,,-0.105801,1790350254,32.4777,32.4777,32.321 - 32.4777,32.321,762,32.5835,300,300,us_market,finmb_1787754465,NYSEArca,USD,Horizon Kinetics Blockchain Development ETF,32.385,768,370,[],3.467699,0.11953461,29.01 - 36.27,-3.7923012,-0.104557514,3.7967443,0.0,15.780125,0.0,13.12303,5.70961,5.70961,24622948.0,PRE,2.0581396,,,32.89414,-0.41643906,-0.012659978,31.774916,0.7027836,0.022117559,,15,0,America/New_York,EDT,-14400000,False,False,False,-0.324706,0.85,PCX,36.27,29.01,2.25,,Horizon Kinetics Blockchain Dev,32.4777,-0.105801,-0.324706,129.92,3.24,BCDF,,,,,,,,,,
Financials,financial-services,120,PYPY,Yieldmax PYPL Option Income Strategy ETF,https://finance.yahoo.com/research-hub/screener/sec-ind_sec-top-etfs_financial-services/,2026-09-28T12:36:45+00:00,en-US,US,ETF,ETF,Delayed Quote,False,LOW,40.68,18.93939393939394,,,True,1695735000000,2,,,,,0.463499,1790366371,26.22,26.479,25.76 - 26.479,25.76,25648,25.7565,100,100,us_market,finmb_1850980279,NYSEArca,USD,Yieldmax PYPL Option Income Strategy ETF,25.79,20426,10830,[],2.0699997,0.08571427,24.15 - 59.135,-32.915,-0.5566078,-51.978024,0.0,,0.0,-11.10848,11.48824,11.48824,23685088.0,PRE,,,,28.76692,-2.5469208,-0.08853644,30.594604,-4.374605,-0.14298616,,15,0,America/New_York,EDT,-14400000,False,False,False,1.79954,1.31,PCX,59.135,24.15,2.42,,YieldMax PYPL Option Income Str,26.22,0.463499,1.79954,29.99,24.68,PYPY,,,,,,,,,,
Financials,financial-services,121,SPCM,Tradr 2X Long SpaceX Daily ETF,https://finance.yahoo.com/research-hub/screener/sec-ind_sec-top-etfs_financial-services/,2026-09-28T12:36:45+00:00,en-US,US,ETF,ETF,Nasdaq Real Time Price,False,LOW,,,,,True,1781530200000,2,0.30999947,1.8310659,1790598116.0,17.24,0.16,1790366401,16.97,17.14,16.35 - 17.14,16.35,1344881,16.81,100,100,us_market,finmb_1994239266,Cboe US,USD,Tradr 2X Long SpaceX Daily ETF,16.85,957590,760540,[],7.9299994,0.87721235,9.04 - 46.71,-29.74,-0.6366945,-51.221615,,,,,,,20183382.0,PRE,,,,14.846,2.1239996,0.14306882,17.31236,-0.34236145,-0.019775549,,15,0,America/New_York,EDT,-14400000,False,False,False,0.951814,1.49,BTS,46.71,9.04,,,Tradr 2X Long SpaceX Daily ETF,17.24,0.30999947,1.8310659,17.15,17.1,SPCM,,,,,Sound Point Acquisition Corp I,,,,,
Financials,financial-services,122,DECO,State Street Galaxy Digital Asset Ecosystem ETF,https://finance.yahoo.com/research-hub/screener/sec-ind_sec-top-etfs_financial-services/,2026-09-28T12:36:45+00:00,en-US,US,ETF,ETF,Delayed Quote,False,LOW,0.75,20.559211,,,True,1725975000000,2,,,,,-1.6801987,1790366400,77.1498,77.1498,77.1498 - 77.1498,77.1498,66,78.83,2,1,us_market,finmb_1888324993,NasdaqGM,USD,State Street Galaxy Digital Asset Ecosystem ETF,77.1498,947,670,[],35.463802,0.8507365,41.686 - 84.745,-7.5951996,-0.08962416,57.90012,0.0,22.51449,0.0,55.06476,-10.53109,-10.53109,19714108.0,PRE,3.4266734,,,73.87618,3.2736206,0.04431226,62.338814,14.810989,0.23758857,,15,0,America/New_York,EDT,-14400000,False,False,False,-2.1314204,0.65,NGM,84.745,41.686,0.75,,State Street Galaxy Digital Ass,77.1498,0.0,0.0,78.0,55.5,DECO,,,,2024-09-10,,,,,,
Financials,financial-services,123,TFNS,T. Rowe Price Financials ETF,https://finance.yahoo.com/research-hub/screener/sec-ind_sec-top-etfs_financial-services/,2026-09-28T12:36:45+00:00,en-US,US,ETF,ETF,Nasdaq Real Time Price,False,LOW,0.46,15.956598,,,True,1749735000000,2,,,,,0.14840126,1790366400,28.1184,28.1184,27.92 - 28.1184,27.92,177,27.97,2,2,us_market,finmb_1931381070,NasdaqGM,USD,T. Rowe Price Financials ETF,27.92,5198,1440,[],3.8184013,0.15713586,24.3 - 30.109,-1.9905987,-0.06611308,5.1336646,0.0,15.041689,0.0,7.79032,12.24412,12.24412,19245588.0,PRE,1.8693646,,,29.28624,-1.167839,-0.039876714,27.36778,0.7506199,0.027427137,,15,0,America/New_York,EDT,-14400000,False,False,False,0.530573,0.44,NGM,30.109,24.3,0.46,,T. Rowe Price Financials ETF,28.1184,-0.049999237,-0.17876023,38.11,21.32,TFNS,,,,2025-06-12,,,,,,
Financials,financial-services,124,SPCG,Tradr 2X Short SpaceX Daily ETF,https://finance.yahoo.com/research-hub/screener/sec-ind_sec-top-etfs_financial-services/,2026-09-28T12:36:45+00:00,en-US,US,ETF,ETF,Delayed Quote,False,LOW,,,,,True,1781703000000,2,-0.2800007,-1.7948761,1790597975.0,15.32,-0.129999,1790366400,15.6,16.14,15.38 - 16.14,15.38,1571599,15.73,100,600,us_market,finmb_1994239233,Cboe US,USD,Tradr 2X Short SpaceX Daily ETF,15.64,1696384,1012550,[],3.4800005,0.28712875,12.12 - 41.65,-26.050001,-0.6254502,3.8615227,,,,,,,17113616.0,PRE,,,,22.2656,-6.6656,-0.29936764,21.981285,-6.3812847,-0.29030535,,15,0,America/New_York,EDT,-14400000,False,False,False,-0.826441,1.49,BTS,41.65,12.12,,,Tradr 2X Short SpaceX Daily ETF,15.32,-0.27000046,-1.7318823,15.47,15.38,SPCG,,,,,,,,,,
Financials,financial-services,125,CLSX,Tradr 2X Long CLSK Daily ETF,https://finance.yahoo.com/research-hub/screener/sec-ind_sec-top-etfs_financial-services/,2026-09-28T12:36:45+00:00,en-US,US,ETF,ETF,Nasdaq Real Time Price,False,LOW,,,,,True,1758029400000,2,-0.39000034,-2.658489,1790597651.0,14.28,-0.63,1790366324,14.67,15.23,13.68 - 15.23,13.68,288342,15.3,2900,300,us_market,finmb_1957803526,Cboe US,USD,Tradr 2X Long CLSK Daily ETF,15.42,370863,358050,[],7.209,0.9662244,7.461 - 118.09,-103.42,-0.8757727,-70.02452,0.0,12.479276,0.0,-33.98365,-69.26935,-69.26935,15655048.0,PRE,1.175549,,,14.2557,0.41429996,0.029062057,17.991026,-3.3210258,-0.18459347,,15,0,America/New_York,EDT,-14400000,False,False,False,-4.11765,1.46,BTS,118.09,7.461,,,Tradr 2X Long CLSK Daily ETF,14.28,-0.39000034,-2.658489,14.61,14.0,CLSX,,,,,,,,,,
Financials,financial-services,126,HOOX,Defiance Daily Target 2X Long HOOD ETF,https://finance.yahoo.com/research-hub/screener/sec-ind_sec-top-etfs_financial-services/,2026-09-28T12:36:45+00:00,en-US,US,ETF,ETF,Delayed Quote,False,LOW,,,,,True,1742391000000,2,-2.1239014,-5.1726775,1790597031.0,38.9361,-1.6176987,1790366400,40.9063,42.55,39.85 - 42.55,39.85,22667,42.524,2,2,us_market,finmb_1916035824,NasdaqGM,USD,Defiance Daily Target 2X Long HOOD ETF,42.45,46730,32000,[],24.4663,1.4882177,16.44 - 154.38,-113.47371,-0.73502856,-66.84236,0.0,20.950613,0.0,-46.23902,4.61455,4.61455,14991877.0,PRE,1.9525108,,,33.58312,7.323181,0.21806137,36.257935,4.648365,0.12820269,,15,0,America/New_York,EDT,-14400000,False,False,False,-3.8042016,1.32,NGM,154.38,16.44,26.28,,Defiance Daily Target 2X Long H,38.9361,-1.4639969,-3.4427545,35.26,20.11,HOOX,,,,2025-03-19,,,,,,
Financials,financial-services,127,PEX,ProShares Global Listed Private Equity ETF,https://finance.yahoo.com/research-hub/screener/sec-ind_sec-top-etfs_financial-services/,2026-09-28T12:36:45+00:00,en-US,US,ETF,ETF,Delayed Quote,False,LOW,8.03,14.819206,22.9488,27.40803,True,1362061800000,2,,,,,0.205999,1790349269,22.892,22.892,22.72 - 22.892,22.72,1882,22.686,500,100,us_market,finmb_225646292,Cboe US,USD,ProShares Global Listed Private Equity ETF,22.73,2352,1520,[],2.4020004,0.11722794,20.49 - 26.85,-3.9580002,-0.14741156,-12.899542,,13.908461,,-1.53206,9.67176,9.67176,11707715.0,PRE,1.6459047,,,23.5204,-0.6283989,-0.026717186,23.1288,-0.23679924,-0.010238285,,15,0,America/New_York,EDT,-14400000,False,False,False,0.908046,2.95,BTS,26.85,20.49,8.03,,ProShares Global Listed Private,22.892,0.205999,0.908046,0.0,0.0,PEX,,,,,,,,,,
Financials,financial-services,128,KPHO,KraneShares Dragon Capital Vietnam Growth Index ETF,https://finance.yahoo.com/research-hub/screener/sec-ind_sec-top-etfs_financial-services/,2026-09-28T12:36:45+00:00,en-US,US,ETF,ETF,Delayed Quote,False,LOW,,,,,True,1764858600000,2,,,,,0.1236,1790188260,22.81,22.81,22.81 - 22.81,22.81,16,22.6864,400,500,us_market,finmb_1956653073,NYSEArca,USD,KraneShares Dragon Capital Vietnam Growth Index ETF,22.77,593,460,[],2.1599998,0.10460048,20.65 - 26.42,-3.6100006,-0.13663894,-9.75629,0.0,8.242016,0.0,-5.28885,-2.43085,-2.43085,11639060.0,PRE,2.7675266,,,22.52762,0.28237915,0.012534797,23.85042,-1.0404205,-0.043622736,,15,0,America/New_York,EDT,-14400000,False,False,False,0.54482,1.02,PCX,26.42,20.65,,,KraneShares Dragon Capital Grow,22.81,0.1236,0.54482,35.59,0.0,KPHO,,,,,,,,,,
Financials,financial-services,129,MNRS,Grayscale AI Compute ETF,https://finance.yahoo.com/research-hub/screener/sec-ind_sec-top-etfs_financial-services/,2026-09-28T12:36:45+00:00,en-US,US,ETF,ETF,Delayed Quote,False,LOW,,,,,True,1738161000000,2,,,,,0.933899,1790020734,38.5629,39.33,38.48 - 39.33,38.48,14019,37.629,100,400,us_market,finmb_1916732953,NYSEArca,USD,Grayscale AI Compute ETF,38.5,6479,6240,"[{""header"":""Delisting"",""message"":""MNRS was delisted effective Sep. 21, 2026"",""meta"":{""eventType"":""DELISTING"",""dateEpochMs"":1789963200000}},{""header"":""Ticker Change"",""message"":""MNRS is trading under new symbol GCPU effective Sep. 22, 2026"",""meta"":{""eventType"":""TICKER_CHANGE"",""dateEpochMs"":1790049600000,""newTicker"":""GCPU""}}]",15.322901,0.6593331,23.24 - 56.46,-17.897099,-0.31698722,-9.211302,0.0,7.7809825,0.0,8.67889,-34.1961,-34.1961,10751506.0,PRE,4.956045,,,34.92298,3.6399193,0.10422705,35.64123,2.921669,0.08197441,,15,0,America/New_York,EDT,-14400000,False,False,False,2.48186,0.59,PCX,56.46,23.24,0.5,,Grayscale Bitcoin Miners ETF,38.5629,0.933899,2.48186,0.0,0.0,MNRS,,,,,,,,,,
Financials,financial-services,130,SPAQ,Horizon Kinetics SPAC Active ETF,https://finance.yahoo.com/research-hub/screener/sec-ind_sec-top-etfs_financial-services/,2026-09-28T12:36:45+00:00,en-US,US,ETF,ETF,Nasdaq Real Time Price,False,LOW,2.57,37.9794910748196,,,True,1675089000000,2,,,,,0.19000244,1790366400,93.21,93.21,93.0 - 93.21,93.0,1058,93.02,1,1,us_market,finmb_58225506,NasdaqGM,USD,Horizon Kinetics SPAC Active ETF,93.0,146,290,[],3.7789993,0.042256035,89.431 - 108.25,-15.040001,-0.13893765,-11.105812,0.0,37.712234,0.0,2.30438,0.71466,0.71466,10079050.0,PRE,2.4716117,,,93.7432,-0.5332031,-0.0056879125,93.104805,0.10519409,0.001129846,,15,0,America/New_York,EDT,-14400000,False,False,False,0.20425978,0.85,NGM,108.25,89.431,15.25,,Horizon Kinetics SPAC Active ET,93.21,-0.019996643,-0.021497143,92.27,89.73,SPAQ,,,,2023-01-30,,,,,,
Financials,financial-services,131,BPAY,iShares FinTech Active ETF,https://finance.yahoo.com/research-hub/screener/sec-ind_sec-top-etfs_financial-services/,2026-09-28T12:36:45+00:00,en-US,US,ETF,ETF,Delayed Quote,False,LOW,2.84,14.997001,,,True,1661261400000,2,,,,,0.0410995,1790365436,25.2192,25.26,25.2192 - 25.26,25.2192,486,25.1781,400,500,us_market,finmb_1786741196,NYSEArca,USD,iShares FinTech Active ETF,25.28,2933,1270,[],3.8892002,0.18233475,21.33 - 33.41,-8.1908,-0.24516012,-22.503227,0.0,13.834777,0.0,0.9379,8.2285,8.2285,9821560.0,PRE,1.8228844,,,26.76126,-1.542059,-0.05762281,25.47466,-0.25546074,-0.010028033,,15,0,America/New_York,EDT,-14400000,False,False,False,0.163235,0.55,PCX,33.41,21.33,2.84,,iShares FinTech Active ETF,25.2192,0.0318985,0.12669145,40.09,10.15,BPAY,,,,,,,,,,
Financials,financial-services,132,HODU,Direxion Daily HOOD Bull 2X ETF,https://finance.yahoo.com/research-hub/screener/sec-ind_sec-top-etfs_financial-services/,2026-09-28T12:36:45+00:00,en-US,US,ETF,ETF,Delayed Quote,False,LOW,,,,,True,1763562600000,2,-0.51970005,-3.4669783,1790598280.0,14.4703,-0.39989948,1790366400,15.0101,15.61,14.64 - 15.61,14.64,83652,15.41,1,2,us_market,finmb_1950996985,NasdaqGM,USD,Direxion Daily HOOD Bull 2X ETF,15.54,144880,154730,[],9.0301,1.5100502,5.98 - 35.58,-20.5699,-0.57813096,-43.73852,0.0,56.913353,0.0,-46.00003,5.57632,5.57632,9743408.0,PRE,0.263736,,,12.27836,2.73174,0.2224841,12.98717,2.0229301,0.15576373,,15,0,America/New_York,EDT,-14400000,False,False,False,-2.5950649,0.97,NGM,35.58,5.98,,,Direxion Daily HOOD Bull 2X ETF,14.4703,-0.42000008,-2.7255034,12.81,10.15,HODU,,,,2025-11-19,,,,,,
Financials,financial-services,133,XLFI,State Street Financial Select Sector SPDR Premium Income ETF,https://finance.yahoo.com/research-hub/screener/sec-ind_sec-top-etfs_financial-services/,2026-09-28T12:36:45+00:00,en-US,US,EQUITY,Equity,Nasdaq Real Time Price,False,LOW,,,,,True,1753882200000,2,,,,,0.18,1790366386,23.42,23.47,23.23 - 23.47,23.23,9674,23.24,100,100,us_market,finmb_1945036185,NYSEArca,USD,State Street Financial Select Sector SPDR Premium Income ETF,23.26,9906,12410,[],1.6200008,0.074311964,21.8 - 25.48,-2.0599995,-0.0808477,-7.907671,0.0,15.649314,0.0,,,,,PRE,1.4965513,,,24.18982,-0.76981926,-0.0318241,23.657555,-0.23755455,-0.010041382,,15,0,America/New_York,EDT,-14400000,False,False,False,0.774528,,PCX,25.48,21.8,,,State Street Financial Select S,23.42,0.18,0.774528,23.99,23.19,XLFI,,,,,,,,,The Select Sector SPDR Trust - The Financial Select Sector SPDR Premium Income Fund,2026-09-28
Financials,financial-services,134,SPCK,SPAC and New Issue ETF,https://finance.yahoo.com/research-hub/screener/sec-ind_sec-top-etfs_financial-services/,2026-09-28T12:36:45+00:00,en-US,US,ETF,ETF,Delayed Quote,False,LOW,,,,,True,1608129000000,2,,,,,0.24000168,1790366400,21.95,22.02,21.61 - 22.02,21.61,2592,21.71,2,2,us_market,finmb_696518847,NasdaqGM,USD,SPAC and New Issue ETF,21.7354,3461,1680,[],0.63000107,0.029549768,21.32 - 25.95,-4.0,-0.15414257,-12.445152,0.0,,0.0,5.46624,3.93843,3.93843,8611492.0,PRE,,,,22.16366,-0.21365929,-0.0096400725,22.13775,-0.18774986,-0.008480982,,15,0,America/New_York,EDT,-14400000,False,False,False,1.1054891,2.32,NGM,25.95,21.32,15.64,,SPAC and New Issue ETF,21.95,0.24000168,1.1054891,28.51,15.59,SPCK,,,,,,,,,,
Financials,financial-services,135,SOFA,Direxion Daily SOFI Bull 2X ETF,https://finance.yahoo.com/research-hub/screener/sec-ind_sec-top-etfs_financial-services/,2026-09-28T12:36:45+00:00,en-US,US,ETF,ETF,Delayed Quote,False,LOW,,,,,True,1770820200000,2,-0.3000002,-2.5706956,1790598622.0,11.37,-0.36869907,1790366400,11.6113,12.081,11.6113 - 12.081,11.6113,58896,11.98,2,2,us_market,finmb_1951016829,NasdaqGM,USD,Direxion Daily SOFI Bull 2X ETF,11.8639,63519,84250,[],1.6213007,0.16229236,9.99 - 23.91,-12.298699,-0.51437473,-50.74247,0.0,30.663536,0.0,,-13.70065,-13.70065,8312780.0,PRE,0.378668,,,13.5986,-1.9872999,-0.14614004,14.918217,-3.3069162,-0.22166967,,15,0,America/New_York,EDT,-14400000,False,False,False,-3.0776217,0.97,NGM,23.91,9.99,,,Direxion Daily SOFI Bull 2X ETF,11.37,-0.30999947,-2.5876417,19.11,11.22,SOFA,,,,2026-02-11,,,,,,
Financials,financial-services,136,SATO,Invesco Alerian Galaxy Crypto Economy ETF,https://finance.yahoo.com/research-hub/screener/sec-ind_sec-top-etfs_financial-services/,2026-09-28T12:36:45+00:00,en-US,US,ETF,ETF,Delayed Quote,False,LOW,10.88,8.04052424218059,,,True,1633613400000,2,,,,,-0.4377,1790354523,19.6625,19.6625,19.47 - 19.6625,19.47,4053,20.1002,900,1000,us_market,finmb_1675048578,Cboe US,USD,Invesco Alerian Galaxy Crypto Economy ETF,19.52,1782,3270,[],6.3625,0.47838345,13.3 - 31.55,-11.887499,-0.37678286,-23.293282,0.0,10.206379,0.0,2.38169,-5.88235,-5.88235,8206386.0,PRE,1.9264913,,,17.2395,2.4230003,0.14054933,17.424885,2.2376156,0.12841494,,15,0,America/New_York,EDT,-14400000,False,False,False,-2.17759,0.66,BTS,31.55,13.3,6.52,,Invesco Alerian Galaxy Crypto E,19.6625,-0.46020126,-2.2895358,0.0,0.0,SATO,,,,,,,,,,
Financials,financial-services,137,LBO,WHITEWOLF Publicly Listed Private Equity ETF,https://finance.yahoo.com/research-hub/screener/sec-ind_sec-top-etfs_financial-services/,2026-09-28T12:36:45+00:00,en-US,US,ETF,ETF,Delayed Quote,False,LOW,6.06,24.545901,,,True,1701354600000,2,,,,,0.1989,1790352357,24.8523,24.8523,24.75 - 24.8523,24.75,198,24.6534,700,800,us_market,finmb_1849118688,Cboe US,USD,WHITEWOLF Publicly Listed Private Equity ETF,24.75,907,2790,[],2.3313007,0.10351675,22.521 - 30.76,-5.9076996,-0.19205785,-16.071732,0.0,22.140839,0.0,-2.01521,9.91651,9.91651,7714524.0,PRE,1.1224643,,,26.1635,-1.3111992,-0.05011559,26.01797,-1.1656685,-0.04480244,,15,0,America/New_York,EDT,-14400000,False,False,False,0.806786,6.53,BTS,30.76,22.521,6.06,,WHITEWOLF Publicly Listed Priva,24.8523,0.1989,0.806786,38.25,0.0,LBO,,,,,,,,,,
Financials,financial-services,138,CPHY,F/m Compoundr High Yield Bond ETF,https://finance.yahoo.com/research-hub/screener/sec-ind_sec-top-etfs_financial-services/,2026-09-28T12:36:45+00:00,en-US,US,ETF,ETF,Nasdaq Real Time Price,False,LOW,,,,,True,1755005400000,2,,,,,-0.055599213,1790366400,50.9044,50.9044,50.9044 - 50.9044,50.9044,25,50.96,2,2,us_market,finmb_1945921503,NasdaqGM,USD,F/m Compoundr High Yield Bond ETF,50.9044,453,390,[],0.73939896,0.014739339,50.165 - 51.969,-1.0646019,-0.020485325,0.1219511,0.0,59.634403,0.0,1.22978,0.61835,0.61835,6743761.0,PRE,0.85360795,,,51.58778,-0.6833801,-0.013246938,51.389095,-0.48469543,-0.009431873,,15,0,America/New_York,EDT,-14400000,False,False,False,-0.109103635,0.35,NGM,51.969,50.165,0.0,,F/m Compoundr High Yield Bond E,50.9044,0.0,0.0,66.93,37.11,CPHY,,,,2025-08-12,,,,,,
Financials,financial-services,139,CONX,Direxion Daily COIN Bull 2X ETF,https://finance.yahoo.com/research-hub/screener/sec-ind_sec-top-etfs_financial-services/,2026-09-28T12:36:45+00:00,en-US,US,ETF,ETF,Nasdaq Real Time Price,False,LOW,,,,,True,1763562600000,2,0.05000019,0.652744,1790598148.0,7.71,-0.36499977,1790366401,7.66,7.99,7.5 - 7.99,7.5,56089,8.025,1,1,us_market,finmb_1951023515,NasdaqGM,USD,Direxion Daily COIN Bull 2X ETF,7.99,151563,172550,[],3.3199997,0.76497686,4.34 - 28.336,-20.676,-0.7296725,-68.238174,0.0,79.96658,0.0,-56.80755,-15.8654,-15.8654,4950025.0,PRE,0.095790006,,,6.38026,1.2797399,0.200578,10.176525,-2.5165253,-0.24728729,,15,0,America/New_York,EDT,-14400000,False,False,False,-4.548284,0.97,NGM,28.336,4.34,,USD,Direxion Daily COIN Bull 2X ETF,7.71,0.05000019,0.652744,5.01,4.96,CONX,,,,2025-11-19,CONX,,,,,
Financials,financial-services,140,PYPU,Direxion Daily PYPL Bull 2X Shares,https://finance.yahoo.com/research-hub/screener/sec-ind_sec-top-etfs_financial-services/,2026-09-28T12:36:45+00:00,en-US,US,EQUITY,Equity,Delayed Quote,False,LOW,,,,,True,1774445400000,2,,,,,2.8162,1790366090,32.968,33.46,30.62 - 33.46,30.62,17547,30.1518,4100,1300,us_market,finmb_1951015799,NYSEArca,USD,Direxion Daily PYPL Bull 2X Shares,30.15,7725,8050,[],13.127998,0.66169345,19.84 - 44.63,-11.662003,-0.2613041,28.287935,0.0,10.643971,0.0,,,,,PRE,3.09734,,,36.6516,-3.6836014,-0.100503154,30.116953,2.8510456,0.0946658,,15,0,America/New_York,EDT,-14400000,False,False,False,9.34007,,PCX,44.63,19.84,,,Direxion Daily PYPL Bull 2X ETF,32.968,2.8162,9.34007,33.01,0.0,PYPU,,,,,,,,,,
Financials,financial-services,141,STBQ,Amplify Stablecoin Technology Leaders ETF,https://finance.yahoo.com/research-hub/screener/sec-ind_sec-top-etfs_financial-services/,2026-09-28T12:36:45+00:00,en-US,US,EQUITY,Equity,Delayed Quote,False,LOW,,,,,True,1766500200000,2,,,,,0.386499,1790359508,24.5364,24.5364,24.5364 - 24.5364,24.5364,3727,24.1499,300,500,us_market,finmb_1968257284,NYSEArca,USD,Amplify Stablecoin Technology Leaders ETF,24.63,2660,2290,[],6.0764008,0.32916582,18.46 - 27.65,-3.1135998,-0.11260759,-4.5366106,0.0,25.752466,0.0,,,,,PRE,0.95277864,,,22.25984,2.2765598,0.10227206,22.161558,2.3748417,0.10716041,,15,0,America/New_York,EDT,-14400000,False,False,False,1.60042,,PCX,27.65,18.46,,,Amplify Stablecoin Technology L,24.5364,0.386499,1.60042,38.28,10.79,STBQ,,,,,,,,,Amplify Etf Trust - Stablecoin Technology Etf,2026-09-28
Financials,financial-services,142,YYYM,Amplify Municipal CEF High Income ETF,https://finance.yahoo.com/research-hub/screener/sec-ind_sec-top-etfs_financial-services/,2026-09-28T12:36:45+00:00,en-US,US,ETF,ETF,Delayed Quote,False,LOW,,,,,True,1773149400000,2,,,,,-0.0494995,1790343466,17.5952,17.69,17.5952 - 17.69,17.5952,2089,17.6447,400,500,us_market,finmb_1978597679,NYSEArca,USD,Amplify Municipal CEF High Income ETF,17.69,2342,2160,[],0.0,0.0,17.5952 - 20.99,-3.3948002,-0.16173416,-12.043977,0.0,,0.0,,-0.98586,-0.98586,1939823.0,PRE,,,,19.2348,-1.6396008,-0.08524137,19.63072,-2.0355206,-0.10369057,,15,0,America/New_York,EDT,-14400000,False,False,False,-0.280535,2.78,PCX,20.99,17.5952,,,Amplify Municipal CEF High Inco,17.5952,-0.0494995,-0.280535,0.0,0.0,YYYM,,,,,,,,,,
Financials,financial-services,143,QNTU,Tradr 2x Long QNT Daily ETF,https://finance.yahoo.com/research-hub/screener/sec-ind_sec-top-etfs_financial-services/,2026-09-28T12:36:45+00:00,en-US,US,ETF,ETF,Delayed Quote,False,LOW,,,,,True,1782912600000,2,-0.17000008,-2.3351657,1790594048.0,7.11,-0.00999975,1790366400,7.28,7.87,7.1901 - 7.87,7.1901,99682,7.29,2200,1500,us_market,finmb_2002388765,Cboe US,USD,Tradr 2x Long QNT Daily ETF,7.26,47091,77260,[],0.6700001,0.10136158,6.61 - 27.3,-20.019999,-0.7333333,-68.43018,0.0,15.316701,0.0,,,,1722940.0,PRE,0.4752982,,,9.4528,-2.1727996,-0.22985779,11.112787,-3.832787,-0.3448988,,15,0,America/New_York,EDT,-14400000,False,False,False,-0.137171,1.49,BTS,27.3,6.61,,,Tradr 2X Long QNT Daily ETF,7.11,-0.22000027,-3.0137022,7.16,7.04,QNTU,,,,,,,,,,
Financials,financial-services,144,KDRN,Kingsbarn Tactical Bond ETF,https://finance.yahoo.com/research-hub/screener/sec-ind_sec-top-etfs_financial-services/,2026-09-28T12:36:45+00:00,en-US,US,ETF,ETF,Delayed Quote,False,LOW,,,,,True,1640097000000,2,,,,,0.0300007,1790262747,22.45,22.45,22.45 - 22.45,22.45,14,22.42,100,300,us_market,finmb_1683445412,NYSEArca,USD,Kingsbarn Tactical Bond ETF,22.47,103,110,[],0.030000687,0.0013381216,22.42 - 23.72,-1.2699986,-0.053541254,-3.6811411,0.0,,0.0,0.92509,-0.26312,-0.26312,1153793.0,PRE,,,,22.98246,-0.53245926,-0.02316807,23.22396,-0.7739601,-0.03332593,,15,0,America/New_York,EDT,-14400000,False,False,False,0.133812,0.62,PCX,23.72,22.42,3.34,,Kingsbarn Tactical Bond ETF,22.45,0.0300007,0.133812,0.0,0.0,KDRN,,,,,,,,,,
Financials,financial-services,145,TKNQ,Amplify TokenizationTechnology Leaders ETF,https://finance.yahoo.com/research-hub/screener/sec-ind_sec-top-etfs_financial-services/,2026-09-28T12:36:45+00:00,en-US,US,EQUITY,Equity,Delayed Quote,False,LOW,,,,,True,1766500200000,2,,,,,0.198999,1790349992,26.4802,26.4802,26.415 - 26.4802,26.415,668,26.2812,500,1000,us_market,finmb_1968638364,NYSEArca,USD,Amplify TokenizationTechnology Leaders ETF,26.66,1547,1740,[],5.471199,0.26042166,21.009 - 27.08,-0.5998001,-0.022149192,4.1289806,0.0,18.643482,0.0,,,,,PRE,1.4203463,,,24.20686,2.2733402,0.093913056,23.572748,2.9074516,0.12333953,,15,0,America/New_York,EDT,-14400000,False,False,False,0.757193,,PCX,27.08,21.009,,,Amplify Tokenization Technology,26.4802,0.198999,0.757193,41.32,0.0,TKNQ,,,,,,,,,Amplify Etf Trust - Amplify Tokenization Technology ETF,2026-09-28
Financials,financial-services,146,LATR,Corgi Buy Now Pay Later ETF,https://finance.yahoo.com/research-hub/screener/sec-ind_sec-top-etfs_financial-services/,2026-09-28T12:36:45+00:00,en-US,US,ETF,ETF,Delayed Quote,False,LOW,,,,,True,1778074200000,2,,,,,0.0454998,1790366386,26.13,26.13,26.13 - 26.13,26.13,450,26.0845,200,100,us_market,finmb_1992791100,Cboe US,USD,,25.92,892,480,[],2.2799988,0.09559743,23.85 - 29.26,-3.130001,-0.10697201,6.5660715,,14.136372,,,8.8912,8.8912,973117.0,PRE,1.8484234,,,27.7288,-1.5988007,-0.057658486,26.69283,-0.56283,-0.021085437,,15,0,America/New_York,EDT,-14400000,False,False,False,0.174432,0.35,BTS,29.26,23.85,,,Corgi Buy Now Pay Later ETF,26.13,0.0454998,0.174432,40.77,0.0,LATR,,,,,,,,,,
Financials,financial-services,147,BNKD,MicroSectors™ U.S. Big Banks -3x Inverse Leveraged ETNs,https://finance.yahoo.com/research-hub/screener/sec-ind_sec-top-etfs_financial-services/,2026-09-28T12:36:45+00:00,en-US,US,ETF,ETF,Delayed Quote,False,LOW,0.0,14.981273,-74.39496,0.0,True,1740061800000,2,,,,,-0.7714,1790345349,32.7593,33.696,32.7593 - 33.696,32.7593,220,33.5307,300,200,us_market,finmb_1932024998,NYSEArca,USD,MicroSectors™ U.S. Big Banks -3x Inverse Leveraged ETNs,33.696,298,290,[],7.7593,0.310372,25.0 - 80.29,-47.5307,-0.5919878,-50.466465,0.0,17.62453,0.0,-44.14003,-35.23756,-35.23756,871667.0,PRE,1.8587332,,112.675,28.08512,4.674181,0.1664291,41.155685,-8.396385,-0.2040152,0.2907415,15,0,America/New_York,EDT,-14400000,False,False,False,-2.30058,0.35,PCX,80.29,25.0,0.0,CAD,MicroSectors U.S. Big Banks -3 ,32.7593,-0.7714,-2.30058,0.0,0.0,BNKD,1756125000.0,1756470600.0,,,,1748433600.0,1748433600.0,False,,
Financials,financial-services,148,TRUF,Vaneck Financials TruSector ETF,https://finance.yahoo.com/research-hub/screener/sec-ind_sec-top-etfs_financial-services/,2026-09-28T12:36:45+00:00,en-US,US,ETF,ETF,Nasdaq Real Time Price,False,LOW,,,,,True,1775136600000,2,,,,,-0.53009987,1790366400,28.68,28.68,28.68 - 28.68,28.68,11,29.2101,2,2,us_market,finmb_1989624098,NasdaqGM,USD,Vaneck Financials TruSector ETF,28.68,344,120,[],3.1000004,0.12118845,25.58 - 30.52,-1.8400002,-0.06028834,10.81916,0.0,16.046797,0.0,,11.81717,11.81717,601794.0,PRE,1.7872726,,,29.7492,-1.0692005,-0.03594048,28.399836,0.28016472,0.009865012,,15,0,America/New_York,EDT,-14400000,False,False,False,-1.8147829,0.1,NGM,30.52,25.58,,,VanEck Financials TruSector ETF,28.68,0.0,0.0,38.83,21.81,TRUF,,,,2026-04-02,,,,,,
Financials,financial-services,149,BLCK,Corgi Crypto Infrastructure ETF,https://finance.yahoo.com/research-hub/screener/sec-ind_sec-top-etfs_financial-services/,2026-09-28T12:36:45+00:00,en-US,US,ETF,ETF,Delayed Quote,False,LOW,,,,,True,1778074200000,2,,,,,-0.725599,1790179204,24.8146,24.8146,24.8146 - 24.8146,24.8146,17,25.5402,1500,3000,us_market,finmb_1999128420,Cboe US,USD,Corgi Crypto Infrastructure ETF,26.18,465,550,[],3.9545994,0.1895781,20.86 - 29.68,-4.8654003,-0.16392858,-12.548465,0.0,,0.0,,-16.85641,-16.85641,474266.0,PRE,,,,23.5352,1.2793999,0.05436112,24.781313,0.03328705,0.0013432319,,15,0,America/New_York,EDT,-14400000,False,False,False,-2.84101,0.35,BTS,29.68,20.86,,,Corgi Crypto Infrastructure ETF,24.8146,-0.725599,-2.84101,0.0,0.0,BLCK,,,,,Blackcraft Cult,,,,,
Financials,financial-services,150,SHEH,Shell PLC ADRhedged,https://finance.yahoo.com/research-hub/screener/sec-ind_sec-top-etfs_financial-services/,2026-09-28T12:36:45+00:00,en-US,US,ETF,ETF,Delayed Quote,False,LOW,,,,,True,1728307800000,2,,,,,0.0749969,1790365891,70.545,70.595,70.32 - 70.595,70.32,13981,70.47,500,600,us_market,finmb_1889491804,NYSEArca,USD,Shell PLC ADRhedged,70.32,7500,6740,[],20.204998,0.40137064,50.34 - 71.578,-1.0330048,-0.014431874,34.35607,0.0,10.125005,0.0,,,,,PRE,6.967404,,,66.37764,4.1673584,0.06278256,61.428745,9.116253,0.1484037,,15,0,America/New_York,EDT,-14400000,False,False,False,0.106424,,PCX,71.578,50.34,,,Shell plc,70.545,0.0749969,0.106424,112.16,0.0,SHEH,,,,,,,,,,
