sector,yahoo_sector_key,rank,ticker,etf_name,source_url,retrieved_at_utc,screen_language,screen_region,screen_quote_type,screen_type_disp,screen_quote_source_name,screen_triggerable,screen_custom_price_alert_confidence,screen_yield_ttm,screen_pe_ttm,screen_annual_return_nav_y3,screen_annual_return_nav_y5,screen_currency,screen_regular_market_change_percent,screen_ask,screen_bid,screen_exchange,screen_fifty_two_week_high,screen_fifty_two_week_low,screen_dividend_yield,screen_financial_currency,screen_short_name,screen_fullday_price,screen_fullday_change,screen_fullday_change_percent,screen_net_expense_ratio,screen_has_pre_post_market_data,screen_first_trade_date_milliseconds,screen_price_hint,screen_pre_market_change,screen_pre_market_change_percent,screen_pre_market_time,screen_pre_market_price,screen_regular_market_change,screen_regular_market_time,screen_regular_market_price,screen_regular_market_day_high,screen_regular_market_day_range,screen_regular_market_day_low,screen_regular_market_volume,screen_regular_market_previous_close,screen_bid_size,screen_ask_size,screen_market,screen_message_board_id,screen_full_exchange_name,screen_long_name,screen_regular_market_open,screen_average_daily_volume3_month,screen_average_daily_volume10_day,screen_corporate_actions,screen_fifty_two_week_low_change,screen_fifty_two_week_low_change_percent,screen_fifty_two_week_range,screen_fifty_two_week_high_change,screen_fifty_two_week_high_change_percent,screen_fifty_two_week_change_percent,screen_trailing_annual_dividend_rate,screen_trailing_pe,screen_trailing_annual_dividend_yield,screen_ytd_return,screen_trailing_three_month_returns,screen_trailing_three_month_nav_returns,screen_net_assets,screen_market_state,screen_eps_trailing_twelve_months,screen_shares_outstanding,screen_book_value,screen_fifty_day_average,screen_fifty_day_average_change,screen_fifty_day_average_change_percent,screen_two_hundred_day_average,screen_two_hundred_day_average_change,screen_two_hundred_day_average_change_percent,screen_price_to_book,screen_source_interval,screen_exchange_data_delayed_by,screen_exchange_timezone_name,screen_exchange_timezone_short_name,screen_gmt_off_set_milliseconds,screen_esg_populated,screen_tradeable,screen_crypto_tradeable,screen_symbol,screen_dividend_date,screen_ipo_expected_date,screen_earnings_timestamp_start,screen_earnings_timestamp_end,screen_earnings_call_timestamp_start,screen_earnings_call_timestamp_end,screen_is_earnings_date_estimate,screen_prev_name,screen_name_change_date,screen_display_name
Technology,technology,1,QQQ,Invesco QQQ Trust,https://finance.yahoo.com/research-hub/screener/sec-ind_sec-top-etfs_technology/,2026-09-21T11:41:36+00:00,en-US,US,ETF,ETF,Delayed Quote,False,LOW,0.42,29.21414,54.76143,27.24303,USD,0.6318738,717.49,717.24,NGM,748.65,555.6,0.42,USD,"Invesco QQQ Trust, Series 1",728.08,7.3914795,1.0255994,0.18,True,921076200000,2,7.3814697,1.0242105,1789990887.0,728.08,4.5300293,1789761601,721.45,721.725,715.08 - 721.725,715.08,48478713,716.92,1,1,us_market,finmb_8108558,NasdaqGM,Invesco QQQ Trust,718.84,37183288,32912550,[],165.85004,0.2985062,555.6 - 748.65,-27.200012,-0.03633208,19.802391,1.77,29.405296,0.0024688947,16.99566,-2.79293,-2.79293,488981004000.0,PRE,24.534697,393100000.0,357.774,709.9512,11.49884,0.016196664,662.59924,58.85077,0.08881804,2.0164967,15,0,America/New_York,EDT,-14400000,False,False,False,QQQ,,,,,,,,,,
Technology,technology,2,VGT,Vanguard Information Technology Index Fund ETF Shares,https://finance.yahoo.com/research-hub/screener/sec-ind_sec-top-etfs_technology/,2026-09-21T11:41:36+00:00,en-US,US,ETF,ETF,Nasdaq Real Time Price,False,LOW,0.36,32.144005,52.67272,30.37672,USD,0.683235,123.65,0.0,PCX,126.0,83.09,0.36,,Vanguard Information Tech ETF,123.69,1.3450012,1.0993512,0.09,True,1075473000000,2,1.3450012,1.0993512,1789990730.0,123.69,0.829994,1789761600,122.31,122.475,121.044 - 122.475,121.044,3436757,121.48,1360,4840,us_market,finmb_22939099,NYSEArca,Vanguard Information Technology Index Fund ETF Shares,122.01,4004115,3186360,[],39.22,0.47201833,83.09 - 126.0,-3.6900024,-0.029285735,29.918348,,32.62954,,28.20307,-0.34297,-0.34297,170651173000.0,PRE,3.7484438,,,118.0954,4.2145996,0.035688095,105.008865,17.301132,0.16475877,,15,0,America/New_York,EDT,-14400000,False,False,False,VGT,,,,,,,,,,
Technology,technology,3,BNDX,Vanguard Total International Bond Index Fund ETF Shares,https://finance.yahoo.com/research-hub/screener/sec-ind_sec-top-etfs_technology/,2026-09-21T11:41:36+00:00,en-US,US,ETF,ETF,Delayed Quote,False,LOW,4.75,24.390243902439025,8.89536,-2.1995,USD,-0.1273644,47.99,47.91,NGM,49.93,46.85,4.58,,Vanguard Total International Bo,47.198,-0.060001373,-0.1273644,0.07,True,1370352600000,2,0.14800262,0.31456456,1789989657.0,47.198,-0.060001373,1789761600,47.05,47.095,47.0 - 47.095,47.0,3153375,47.11,11,22,us_market,finmb_204607725,NasdaqGM,Vanguard Total International Bond Index Fund ETF Shares,47.08,4124090,4224290,[],0.20000076,0.0042689596,46.85 - 49.93,-2.880001,-0.057680774,-4.7378006,0.0,,0.0,-0.11327,-0.8684,-0.8684,123027218000.0,PRE,,,,47.6452,-0.5951996,-0.012492331,48.1884,-1.138401,-0.023623964,,15,0,America/New_York,EDT,-14400000,False,False,False,BNDX,1496793600.0,,,,,,,,,
Technology,technology,4,XLK,State Street Technology Select Sector SPDR ETF,https://finance.yahoo.com/research-hub/screener/sec-ind_sec-top-etfs_technology/,2026-09-21T11:41:36+00:00,en-US,US,ETF,ETF,Nasdaq Real Time Price,False,LOW,0.43,33.014196,55.97255,34.54791,USD,0.818892,191.92,191.07,PCX,198.73,126.68,0.43,,State Street Technology Select ,191.7144,2.3250885,1.2276767,0.08,True,914337000000,2,2.3250885,1.2276767,1789990115.0,191.7144,1.54001,1789761600,189.6,189.81,187.52 - 189.81,187.52,6934794,188.06,900,1000,us_market,finmb_8795639,NYSEArca,State Street Technology Select Sector SPDR ETF,189.23,8277884,6874700,[],62.920006,0.4966846,126.68 - 198.73,-9.12999,-0.045941677,34.154106,,33.562958,,29.82499,-2.2813,-2.2813,121437733000.0,PRE,5.649085,,,183.117,6.4830017,0.0354036,162.44165,27.158356,0.16718838,,15,0,America/New_York,EDT,-14400000,False,False,False,XLK,,,,,,,,,,
Technology,technology,5,QQQM,Invesco NASDAQ 100 ETF,https://finance.yahoo.com/research-hub/screener/sec-ind_sec-top-etfs_technology/,2026-09-21T11:41:36+00:00,en-US,US,ETF,ETF,Delayed Quote,False,LOW,0.44,29.21414,,,USD,0.57926536,298.7,275.76,NGM,308.21,228.75,0.44,,Invesco NASDAQ 100 ETF,299.7901,3.252655,1.0966568,0.15,True,1602595800000,2,3.192749,1.076459,1789990867.0,299.7901,1.7099915,1789761600,296.91,297.15,294.5 - 297.15,294.5,2280475,295.2,2,2,us_market,finmb_685319703,NasdaqGM,Invesco NASDAQ 100 ETF,296.0,3054880,2607080,[],68.16,0.29796723,228.75 - 308.21,-11.299988,-0.036663275,19.770073,0.0,29.386353,0.0,17.02132,-2.7825,-2.7825,104376492000.0,PRE,10.10367,,,292.3244,4.585602,0.015686689,272.813,24.097015,0.08832796,,15,0,America/New_York,EDT,-14400000,False,False,False,QQQM,,,,,,,,,,
Technology,technology,6,SMH,VanEck Semiconductor ETF,https://finance.yahoo.com/research-hub/screener/sec-ind_sec-top-etfs_technology/,2026-09-21T11:41:36+00:00,en-US,US,ETF,ETF,Delayed Quote,False,LOW,0.2,37.778617,73.21578,42.2377,USD,2.2100954,591.49,560.34,NGM,671.83,313.6,0.2,,VanEck Semiconductor ETF,582.0873,9.0,1.5706806,0.35,True,960211800000,2,9.08728,1.5859128,1789990882.0,582.0873,12.390015,1789761600,573.0,573.0,562.75 - 573.0,562.75,6296469,560.61,15,15,us_market,finmb_3588704,NasdaqGM,VanEck Semiconductor ETF,563.885,9767098,6820460,[],259.4,0.82716835,313.6 - 671.83,-98.83002,-0.1471057,77.85641,,39.13644,,54.55833,-7.02748,-7.02748,67787031000.0,PRE,14.641087,,,564.784,8.216003,0.014547161,487.31366,85.68634,0.17583406,,15,0,America/New_York,EDT,-14400000,False,False,False,SMH,,,,,,,,,,
Technology,technology,7,JEPQ,JPMorgan Nasdaq Equity Premium Income ETF,https://finance.yahoo.com/research-hub/screener/sec-ind_sec-top-etfs_technology/,2026-09-21T11:41:36+00:00,en-US,US,ETF,ETF,Delayed Quote,False,LOW,10.84,29.129042,,,USD,0.48373798,59.75,59.64,NGM,61.72,53.51,10.84,,JPMorgan Nasdaq Equity Premium ,60.5812,0.34999847,0.58100677,0.35,True,1651671000000,2,0.34119797,0.56639767,1789990880.0,60.5812,0.29000092,1789761600,60.24,60.26,59.85 - 60.26,59.85,4606120,59.95,3,3,us_market,finmb_1771574239,NasdaqGM,JPMorgan Nasdaq Equity Premium Income ETF,60.07,6224168,4700830,[],6.7300034,0.12577096,53.51 - 61.72,-1.4799995,-0.023979254,5.0575495,0.0,29.138718,0.0,10.96428,1.67134,1.67134,42209616000.0,PRE,2.0673525,,,59.3978,0.84220123,0.014178997,58.83325,1.4067535,0.02391086,,15,0,America/New_York,EDT,-14400000,False,False,False,JEPQ,,,,,,,,,,
Technology,technology,8,SOXX,iShares Semiconductor ETF,https://finance.yahoo.com/research-hub/screener/sec-ind_sec-top-etfs_technology/,2026-09-21T11:41:36+00:00,en-US,US,ETF,ETF,Delayed Quote,False,LOW,0.29,37.56574,66.90468,44.00158,USD,2.6912026,532.24,531.12,NGM,655.95,260.44,0.29,USD,iShares PHLX SOX Semiconductor ,544.0,10.940002,2.0522637,0.33,True,995031000000,2,10.929993,2.050386,1789990887.0,544.0,13.970032,1789761601,533.07,533.2085,522.39 - 533.2085,522.39,6348602,519.1,1,1,us_market,finmb_8796823,NasdaqGM,iShares Semiconductor ETF,523.06,9001788,7552620,[],272.63,1.0468054,260.44 - 655.95,-122.880005,-0.18733135,97.557724,3.135,39.185127,0.006039299,69.93829,-10.11599,-10.11599,41810907000.0,PRE,13.603886,7650000.0,424.092,525.668,7.4019775,0.014081088,442.0661,91.00391,0.2058604,1.2569678,15,0,America/New_York,EDT,-14400000,False,False,False,SOXX,1482883200.0,,,,,,,,,
Technology,technology,9,MGK,Vanguard Morningstar Mega Cap Growth ETF,https://finance.yahoo.com/research-hub/screener/sec-ind_sec-top-etfs_technology/,2026-09-21T11:41:36+00:00,en-US,US,ETF,ETF,Delayed Quote,False,LOW,0.33,30.057109,51.56337,28.48718,USD,0.353318,0.0,91.0,PCX,92.38,63.74,0.33,,Vanguard Morningstar Mega Cap G,91.7614,0.8613968,0.94763124,0.05,True,1198765800000,2,0.8713989,0.9587402,1789989516.0,91.7614,0.32,1789761600,90.89,90.98,90.3014 - 90.98,90.3014,860770,90.57,720,2440,us_market,finmb_39636485,NYSEArca,Vanguard Morningstar Mega Cap Growth ETF,90.98,1274285,1111250,[],27.149998,0.42594913,63.74 - 92.38,-1.4899979,-0.01612901,12.005222,,30.384724,,9.10881,-1.38195,-1.38195,33694470100.0,PRE,2.9913058,,,88.7476,2.1424026,0.024140403,83.93048,6.9595184,0.08292004,,15,0,America/New_York,EDT,-14400000,False,False,False,MGK,,,,,,,,,,
Technology,technology,10,EWY,iShares MSCI South Korea ETF,https://finance.yahoo.com/research-hub/screener/sec-ind_sec-top-etfs_technology/,2026-09-21T11:41:36+00:00,en-US,US,ETF,ETF,Nasdaq Real Time Price,False,LOW,1.12,10.40691,19.05378,-7.55495,USD,-0.592139,0.0,0.0,PCX,220.89,78.27,1.12,,iShares MSCI South Korea ETF,186.15,4.8299866,2.6637912,0.59,True,958138200000,2,4.8299866,2.6637912,1789990795.0,186.15,-1.08,1789761600,181.31,181.46,178.23 - 181.46,178.23,8958077,182.39,500,100,us_market,finmb_6456995,NYSEArca,iShares MSCI South Korea ETF,180.25,19636473,13290360,[],103.04,1.3164687,78.27 - 220.89,-39.58,-0.17918421,122.302605,,10.432805,,84.8441,-11.7088,-11.7088,27722782700.0,PRE,17.378836,,,173.4008,7.909195,0.045612216,151.59505,29.71495,0.19601531,,15,0,America/New_York,EDT,-14400000,False,False,False,EWY,,,,,,,,,,
Technology,technology,11,DRAM,Roundhill Memory ETF,https://finance.yahoo.com/research-hub/screener/sec-ind_sec-top-etfs_technology/,2026-09-21T11:41:36+00:00,en-US,US,ETF,ETF,Nasdaq Real Time Price,False,LOW,,,,,USD,3.16719,0.0,0.0,BTS,81.34,26.14,,,Roundhill Memory ETF,60.9803,1.3703003,2.298776,0.65,True,1775136600000,2,1.3703003,2.298776,1789990819.0,60.9803,1.83,1789761601,59.61,59.696,57.89 - 59.696,57.89,30424515,57.78,2700,1400,us_market,finmb_1985020478,Cboe US,Roundhill Memory ETF,58.03,57024996,30296240,[],33.47,1.2804133,26.14 - 81.34,-21.729996,-0.2671502,114.73344,,12.670503,,,-9.37949,-9.37949,26017624100.0,PRE,4.704628,,,55.5298,4.0802,0.07347767,54.11641,5.4935913,0.10151433,,15,0,America/New_York,EDT,-14400000,False,False,False,DRAM,,,,,,,,,,
Technology,technology,12,IYW,iShares U.S. Technology ETF,https://finance.yahoo.com/research-hub/screener/sec-ind_sec-top-etfs_technology/,2026-09-21T11:41:36+00:00,en-US,US,ETF,ETF,Nasdaq Real Time Price,False,LOW,0.1,29.256875,65.49919,35.18487,USD,0.567691,0.0,0.0,PCX,261.01,172.54,0.1,,iShares U.S. Technology ETF,259.81,3.119995,1.215472,0.37,True,958743000000,2,3.119995,1.215472,1789977620.0,259.81,1.45,1789761600,256.87,257.03,254.75 - 257.03,254.75,444012,255.42,100,500,us_market,finmb_8796469,NYSEArca,iShares U.S. Technology ETF,257.06,542636,523890,[],84.33,0.48875627,172.54 - 261.01,-4.1400146,-0.015861517,30.384243,,29.907724,,25.9461,-0.60747,-0.60747,25215428600.0,PRE,8.588751,,,247.6338,9.236191,0.037297778,220.51974,36.35025,0.16483898,,15,0,America/New_York,EDT,-14400000,False,False,False,IYW,,,,,,,,,,
Technology,technology,13,FTEC,Fidelity MSCI Information Technology Index ETF,https://finance.yahoo.com/research-hub/screener/sec-ind_sec-top-etfs_technology/,2026-09-21T11:41:36+00:00,en-US,US,ETF,ETF,Delayed Quote,False,LOW,0.35,32.154341,53.27127,30.39627,USD,0.711804,0.0,0.0,PCX,300.79,198.17,0.35,,Fidelity MSCI Information Techn,291.75,2.0720215,0.7152597,0.084,True,1382621400000,2,,,,,2.06201,1789761600,291.75,291.97,288.605 - 291.97,288.605,203864,289.688,200,700,us_market,finmb_243638575,NYSEArca,Fidelity MSCI Information Technology Index ETF,290.77,265261,208980,[],93.58,0.47222084,198.17 - 300.79,-9.040009,-0.030054219,30.332815,0.0,32.62286,0.0,28.25833,-0.43802,-0.43802,21250689000.0,PRE,8.943115,,,281.88,9.869995,0.035014883,250.62355,41.12645,0.1640965,,15,0,America/New_York,EDT,-14400000,False,False,False,FTEC,,,,,,,,,,
Technology,technology,14,SOXL,Direxion Daily Semiconductor Bull 3X Shares,https://finance.yahoo.com/research-hub/screener/sec-ind_sec-top-etfs_technology/,2026-09-21T11:41:36+00:00,en-US,US,ETF,ETF,Nasdaq Real Time Price,False,LOW,0.01,37.56574,226.3623,118.425,USD,7.70772,0.0,0.0,PCX,302.0,28.12,0.01,,Direxion Daily Semiconductor Bu,131.3,7.5300064,6.0838704,0.75,True,1268317800000,2,7.5300064,6.0838704,1789990892.0,131.3,8.85,1789761601,123.67,123.86,116.68 - 123.86,116.68,44207841,114.82,200,900,us_market,finmb_99490887,NYSEArca,Direxion Daily Semiconductor Bull 3X Shares,117.03,62993836,59935770,[],95.549995,3.397937,28.12 - 302.0,-178.33,-0.5904967,259.19257,,41.160957,,168.79092,-49.54312,-49.54312,19311783900.0,PRE,3.0045462,,,128.9598,-5.289795,-0.041018948,112.34945,11.320549,0.10076194,,15,0,America/New_York,EDT,-14400000,False,False,False,SOXL,,,,,,,,,,
Technology,technology,15,CIBR,First Trust NASDAQ Cybersecurity ETF,https://finance.yahoo.com/research-hub/screener/sec-ind_sec-top-etfs_technology/,2026-09-21T11:41:36+00:00,en-US,US,ETF,ETF,Nasdaq Real Time Price,False,LOW,0.39,33.189512,39.19101,19.60962,USD,-1.7607721,99.41,99.03,NGM,102.81,60.07,0.39,,First Trust NASDAQ Cybersecurit,100.55,0.6800003,0.68088543,0.58,True,1436275800000,2,0.6800003,0.68088543,1789990257.0,100.55,-1.7900009,1789761602,99.87,102.245,98.88 - 102.245,98.88,1611978,101.66,1,1,us_market,finmb_303124248,NasdaqGM,First Trust NASDAQ Cybersecurity ETF,102.245,1592515,1596550,[],39.800003,0.6625604,60.07 - 102.81,-2.9399948,-0.02859639,29.86996,0.0,33.096718,0.0,40.36728,12.47038,12.47038,16119134200.0,PRE,3.0175197,,,95.13,4.7400055,0.04982661,78.51205,21.357956,0.27203414,,15,0,America/New_York,EDT,-14400000,False,False,False,CIBR,1483056000.0,,,,,,,,,
Technology,technology,16,IGV,iShares Expanded Tech-Software Sector ETF,https://finance.yahoo.com/research-hub/screener/sec-ind_sec-top-etfs_technology/,2026-09-21T11:41:36+00:00,en-US,US,ETF,ETF,Nasdaq Real Time Price,False,LOW,0.02,34.199726,58.46986,12.22737,USD,-1.35186,0.0,0.0,BTS,117.99,73.93,0.02,USD,iShares Expanded Tech-Software ,105.15,0.7200012,0.6894582,0.38,True,995376600000,2,0.7200012,0.6894582,1789990870.0,105.15,-1.43,1789761601,104.35,106.4,103.48 - 106.4,103.48,6964966,105.78,2400,700,us_market,finmb_8796877,Cboe US,iShares Expanded Tech-Software Sector ETF,106.4,13135887,9156690,[],30.419998,0.4114703,73.93 - 117.99,-13.639999,-0.115603015,-11.410135,0.0,32.449,0.0,4.19318,8.38237,8.38237,15741521900.0,PRE,3.2158153,12500000.0,398.979,100.0076,4.3423996,0.043420695,93.6745,10.675499,0.11396377,0.2615426,15,0,America/New_York,EDT,-14400000,False,False,False,IGV,,,,,,,,,,
Technology,technology,17,QQQI,NEOS NASDAQ-100(R) High Income ETF,https://finance.yahoo.com/research-hub/screener/sec-ind_sec-top-etfs_technology/,2026-09-21T11:41:36+00:00,en-US,US,ETF,ETF,Delayed Quote,False,LOW,0.09,29.256875,,,USD,0.5360461,54.87,54.86,NGM,57.84,47.87,0.09,,NEOS Nasdaq 100 High Income ETF,54.74,0.29000092,0.5360461,0.68,True,1706625000000,2,0.3500023,0.64350486,1789990890.0,54.74,0.29000092,1789761600,54.39,54.415,53.995 - 54.415,53.995,4049504,54.1,29,30,us_market,finmb_1867487640,NasdaqGM,NEOS NASDAQ-100(R) High Income ETF,54.27,5054557,4328070,[],6.5200005,0.13620223,47.87 - 57.84,-3.4500008,-0.059647314,-0.7481754,0.0,29.144346,0.0,11.36777,-1.19109,-1.19109,14252521500.0,PRE,1.8662281,,,54.3966,-0.0065994263,-0.00012132057,54.09125,0.29874802,0.0055230376,,15,0,America/New_York,EDT,-14400000,False,False,False,QQQI,,2024-01-30,,,,,,,,
Technology,technology,18,QLD,ProShares Ultra QQQ,https://finance.yahoo.com/research-hub/screener/sec-ind_sec-top-etfs_technology/,2026-09-21T11:41:36+00:00,en-US,US,ETF,ETF,Nasdaq Real Time Price,False,LOW,0.13,29.21414,117.0809,54.32451,USD,1.17856,0.0,0.0,PCX,101.19,56.6,0.13,,ProShares Ultra QQQ,92.9,1.8899994,2.0766943,0.95,True,1150896600000,2,1.8899994,2.0766943,1789990618.0,92.9,1.06,1789761600,91.0,91.115,89.48 - 91.115,89.48,3411492,89.94,2700,2900,us_market,finmb_27776730,NYSEArca,ProShares Ultra QQQ,90.41,4093858,3622810,[],34.4,0.6077739,56.6 - 101.19,-10.190002,-0.100701675,31.588459,,29.453423,,28.34262,-8.27816,-8.27816,14098718700.0,PRE,3.089624,,,88.9078,2.0922012,0.023532258,79.9876,11.012398,0.13767631,,15,0,America/New_York,EDT,-14400000,False,False,False,QLD,,,,,,,,,,
Technology,technology,19,BAI,iShares A.I. Innovation and Tech Active ETF,https://finance.yahoo.com/research-hub/screener/sec-ind_sec-top-etfs_technology/,2026-09-21T11:41:36+00:00,en-US,US,ETF,ETF,Nasdaq Real Time Price,False,LOW,1.34,33.692722,,,USD,1.96521,48.0,0.0,PCX,54.46,30.82,1.34,,iShares A.I. Innovation and Tec,46.18,1.0600014,2.349294,0.55,True,1729603800000,2,1.0600014,2.349294,1789989266.0,46.18,0.869999,1789761600,45.14,45.185,44.55 - 45.185,44.55,1583206,44.27,1500,1200,us_market,finmb_1882269841,NYSEArca,iShares A.I. Innovation and Tech Active ETF,44.83,3175806,2049300,[],14.32,0.46463335,30.82 - 54.46,-9.32,-0.17113477,28.202211,0.0,34.48729,0.0,32.65126,-11.30553,-11.30553,13980526600.0,PRE,1.308888,,,44.0912,1.0487976,0.023787005,40.5753,4.564701,0.112499505,,15,0,America/New_York,EDT,-14400000,False,False,False,BAI,,,,,,,,,,
Technology,technology,20,EWT,iShares MSCI Taiwan ETF,https://finance.yahoo.com/research-hub/screener/sec-ind_sec-top-etfs_technology/,2026-09-21T11:41:36+00:00,en-US,US,ETF,ETF,Delayed Quote,False,LOW,0.92,27.262814,29.14792,28.37748,USD,0.903832,0.0,0.0,PCX,112.78,59.96,0.92,,iShares MSCI Taiwan ETF,114.3,2.475998,2.217444,0.59,True,961767000000,2,2.6600037,2.3826618,1789989444.0,114.3,1.0,1789761600,111.64,111.8,110.67 - 111.8,110.67,2343754,110.64,1300,1000,us_market,finmb_6456843,NYSEArca,iShares MSCI Taiwan ETF,111.0,5063774,3274960,[],51.68,0.86190796,59.96 - 112.78,-1.1399994,-0.01010817,74.38301,,28.173843,,70.53429,5.94743,5.94743,11758742500.0,PRE,3.9625406,,,104.1128,7.527199,0.0722985,86.292,25.348,0.2937468,,15,0,America/New_York,EDT,-14400000,False,False,False,EWT,,,,,,,,,,
Technology,technology,21,IGM,iShares Expanded Tech Sector ETF,https://finance.yahoo.com/research-hub/screener/sec-ind_sec-top-etfs_technology/,2026-09-21T11:41:36+00:00,en-US,US,ETF,ETF,Delayed Quote,False,LOW,0.14,30.066146,60.66506,25.68888,USD,0.644411,169.5,162.3,PCX,171.48,112.6,0.14,,iShares Expanded Tech Sector ET,163.99,1.05,0.644411,0.37,True,985012200000,2,,,,,1.05,1789761600,163.99,164.0556,162.56 - 164.0556,162.56,431321,162.94,900,400,us_market,finmb_8796942,NYSEArca,iShares Expanded Tech Sector ETF,163.99,349058,359910,[],51.390007,0.45639437,112.6 - 171.48,-7.48999,-0.043678507,28.448343,,30.630228,,24.78178,-2.83614,-2.83614,10659639300.0,PRE,5.353862,,,159.0888,4.9011993,0.030807946,143.0579,20.932098,0.14631906,,15,0,America/New_York,EDT,-14400000,False,False,False,IGM,,,,,,,,,,
Technology,technology,22,AIQ,Global X Artificial Intelligence & Technology ETF,https://finance.yahoo.com/research-hub/screener/sec-ind_sec-top-etfs_technology/,2026-09-21T11:41:36+00:00,en-US,US,ETF,ETF,Nasdaq Real Time Price,False,LOW,0.07,24.295432,54.77889,17.03427,USD,-0.372853,63.33,63.13,NGM,70.26,44.46,0.07,,Global X Artificial Intelligenc,64.9,0.7700043,1.2006928,0.68,True,1526477400000,2,0.7700043,1.2006928,1789990613.0,64.9,-0.2400055,1789761602,64.13,64.54,63.615 - 64.54,63.615,1121927,64.37,3,3,us_market,finmb_560127209,NasdaqGM,Global X Artificial Intelligence & Technology ETF,64.47,1816490,966120,[],19.669998,0.44242013,44.46 - 70.26,-6.130005,-0.08724743,29.138136,0.0,24.223663,0.0,26.39114,-4.27079,-4.27079,10174134300.0,PRE,2.647411,,,62.1772,1.9527969,0.03140696,56.5928,7.537197,0.13318297,,15,0,America/New_York,EDT,-14400000,False,False,False,AIQ,,,,,,,,,,
Technology,technology,23,IXN,iShares Global Tech ETF,https://finance.yahoo.com/research-hub/screener/sec-ind_sec-top-etfs_technology/,2026-09-21T11:41:36+00:00,en-US,US,ETF,ETF,Delayed Quote,False,LOW,0.24,28.153153,52.78444,29.44632,USD,0.785851,228.91,0.0,PCX,149.83,95.11,0.24,,iShares Global Tech ETF,143.64,2.4799957,1.7401036,0.37,True,1006785000000,2,,,,,1.12,1789761600,143.64,143.83,141.91 - 143.83,141.91,396137,142.52,200,500,us_market,finmb_8798084,NYSEArca,iShares Global Tech ETF,142.86,402095,315610,[],48.53,0.5102513,95.11 - 149.83,-6.1900024,-0.041313503,39.024387,,28.653858,,34.3485,-1.57133,-1.57133,9665907700.0,PRE,5.0129375,,,138.5668,5.0731964,0.03661192,122.052,21.587997,0.17687541,,15,0,America/New_York,EDT,-14400000,False,False,False,IXN,,,,,,,,,,
Technology,technology,24,QYLD,Global X NASDAQ 100 Covered Call ETF,https://finance.yahoo.com/research-hub/screener/sec-ind_sec-top-etfs_technology/,2026-09-21T11:41:36+00:00,en-US,US,ETF,ETF,Delayed Quote,False,LOW,9.67,29.222677,22.81614,10.33608,USD,0.16198044,18.08,18.07,NGM,18.58,16.625,9.67,,Global X NASDAQ 100 Covered Cal,18.52,0.02999878,0.16198044,0.6,True,1386858600000,2,0.1466999,0.7984407,1789990758.0,18.52,0.02999878,1789761601,18.55,18.58,18.47 - 18.58,18.47,3833627,18.52,326,3,us_market,finmb_247675570,NasdaqGM,Global X NASDAQ 100 Covered Call ETF,18.57,4201328,3361910,[],1.9249992,0.11578943,16.625 - 18.58,-0.030000687,-0.0016146763,9.4395275,,29.654303,,12.11963,4.20062,4.20062,8324322300.0,PRE,0.62554157,,,18.1007,0.44929886,0.024822181,17.84,0.7099991,0.039798155,,15,0,America/New_York,EDT,-14400000,False,False,False,QYLD,1496102400.0,,,,,,,,,
Technology,technology,25,FNGU,MicroSectors FANG+ 3X Leveraged,https://finance.yahoo.com/research-hub/screener/sec-ind_sec-top-etfs_technology/,2026-09-21T11:41:36+00:00,en-US,US,ETF,ETF,Nasdaq Real Time Price,False,LOW,0.0,38.55050115651503,-88.46172,379.2478,USD,0.0910433,0.0,33.98,PCX,36.78,13.485,,,MicroSectors FANG+ 3X Leveraged,33.81,0.84000015,2.547771,,True,1740061800000,2,0.84000015,2.547771,1789990654.0,33.81,0.0299988,1789761600,32.98,33.15,32.35 - 33.15,32.35,2056735,32.95,1100,2600,us_market,finmb_1932022802,NYSEArca,,33.04,4101947,2528100,[],19.494999,1.4456804,13.485 - 36.78,-3.7999992,-0.103317,6.593406,0.0,2.4286447,0.0,,,,,PRE,13.57959,,,30.4658,2.5142002,0.082525335,25.61575,7.36425,0.28748915,,15,0,America/New_York,EDT,-14400000,False,False,False,FNGU,,,1740481231.0,1740481231.0,1740489300.0,1740489300.0,False,,,
Technology,technology,26,TECL,Direxion Daily Technology Bull 3X Shares,https://finance.yahoo.com/research-hub/screener/sec-ind_sec-top-etfs_technology/,2026-09-21T11:41:36+00:00,en-US,US,ETF,ETF,Nasdaq Real Time Price,False,LOW,0.15,33.014196,202.7646,112.4569,USD,2.18978,219.69,219.1,PCX,275.4,75.16,0.15,,Direxion Daily Technology Bull ,219.3,7.4600067,3.521529,0.87,True,1230647400000,2,7.4600067,3.521529,1789990646.0,219.3,4.53,1789761600,211.4,212.08,204.6301 - 212.08,204.6301,449087,206.87,900,100,us_market,finmb_51732301,NYSEArca,Direxion Daily Technology Bull 3X Shares,209.18,675080,470150,[],136.23999,1.812666,75.16 - 275.4,-64.0,-0.23238926,68.231735,,34.340206,,73.36996,-17.08461,-17.08461,5934523900.0,PRE,6.1560493,,,195.9888,15.411194,0.07863303,156.7117,54.688293,0.3489739,,15,0,America/New_York,EDT,-14400000,False,False,False,TECL,,,,,,,,,,
Technology,technology,27,RSPT,Invesco S&P 500 Equal Weight Technology ETF,https://finance.yahoo.com/research-hub/screener/sec-ind_sec-top-etfs_technology/,2026-09-21T11:41:36+00:00,en-US,US,ETF,ETF,Delayed Quote,False,LOW,0.25,28.727377,35.19108,28.43503,USD,0.0618443,65.9,0.0,PCX,67.49,41.45,0.25,,Invesco S&P 500 Equal Weight Te,65.9,1.2328796,1.9065015,0.4,True,1162909800000,2,1.212883,1.8749993,1789989090.0,65.9,0.0400009,1789761600,64.72,64.97,64.045 - 64.97,64.045,276028,64.68,200,1900,us_market,finmb_30119222,NYSEArca,Invesco S&P 500 Equal Weight Technology ETF,64.97,643979,479380,[],23.27,0.5613993,41.45 - 67.49,-2.7699966,-0.04104307,44.46429,,28.62124,,42.98549,0.90539,0.90539,5898836000.0,PRE,2.2612576,,,62.9902,1.7298012,0.027461434,54.47785,10.242149,0.18800575,,15,0,America/New_York,EDT,-14400000,False,False,False,RSPT,,,,,,,,,,
Technology,technology,28,GPIQ,Goldman Sachs Nasdaq-100 Premiu,https://finance.yahoo.com/research-hub/screener/sec-ind_sec-top-etfs_technology/,2026-09-21T11:41:36+00:00,en-US,US,ETF,ETF,Delayed Quote,False,LOW,0.63,29.205607,,,USD,0.54799604,56.91,56.86,NGM,59.83,47.715,0.63,,Goldman Sachs Nasdaq-100 Premiu,57.33,0.4598999,0.8085441,0.29,True,1698413400000,2,0.45000076,0.79114056,1789990847.0,57.33,0.31000137,1789761601,56.88,56.88,56.4796 - 56.88,56.4796,1146193,56.57,1,1,us_market,finmb_1858491659,NasdaqGM,,56.8,1413661,1187580,[],9.165001,0.19207798,47.715 - 59.83,-2.9500008,-0.049306378,8.342862,,29.154354,,15.63658,-1.63376,-1.63376,5607663100.0,PRE,1.9509951,,,56.483,0.39699936,0.007028652,54.63695,2.2430496,0.041053712,,15,0,America/New_York,EDT,-14400000,False,False,False,GPIQ,,,,,,,,,,
Technology,technology,29,QTUM,Defiance Quantum ETF,https://finance.yahoo.com/research-hub/screener/sec-ind_sec-top-etfs_technology/,2026-09-21T11:41:36+00:00,en-US,US,ETF,ETF,Nasdaq Real Time Price,False,LOW,0.79,26.567481,39.59973,35.27026,USD,0.70868367,150.72,149.19,NGM,170.0,98.21,0.79,,Defiance Quantum ETF,150.1686,2.378601,1.6094466,0.4,True,1536154200000,2,2.378601,1.6094466,1789990800.0,150.1686,1.0399933,1789761601,147.79,148.0475,146.01 - 148.0475,146.01,223245,146.75,2,2,us_market,finmb_569773992,NasdaqGM,Defiance Quantum ETF,147.58,397782,209310,[],49.579994,0.5048365,98.21 - 170.0,-22.210007,-0.1306471,39.04413,,26.54144,,35.71741,-7.10411,-7.10411,5561583100.0,PRE,5.5682735,,,147.3972,0.39279175,0.0026648522,132.7154,15.0746,0.11358592,,15,0,America/New_York,EDT,-14400000,False,False,False,QTUM,,2024-08-13,,,,,,,,
Technology,technology,30,AIA,iShares Asia 50 ETF,https://finance.yahoo.com/research-hub/screener/sec-ind_sec-top-etfs_technology/,2026-09-21T11:41:36+00:00,en-US,US,ETF,ETF,Delayed Quote,False,LOW,0.9,14.058766,4.84434,-10.75162,USD,0.16748074,137.37,135.6,NGM,150.83,90.7,0.9,,iShares Asia 50 ETF,144.0,0.23500061,0.16748074,0.5,True,1195569000000,2,3.449997,2.4546402,1789989107.0,144.0,0.23500061,1789761601,140.55,140.58,139.47 - 140.58,139.47,62952,140.315,1,1,us_market,finmb_39036966,NasdaqGM,iShares Asia 50 ETF,139.83,446301,249270,[],49.850006,0.5496142,90.7 - 150.83,-10.279999,-0.06815619,50.530148,,14.251421,,43.12509,-1.46493,-1.46493,5160855000.0,PRE,9.862175,,,136.587,3.9629974,0.029014455,122.3157,18.234306,0.14907576,,15,0,America/New_York,EDT,-14400000,False,False,False,AIA,,,,,,,,,,
Technology,technology,31,QTEC,First Trust NASDAQ-100-Technology Sector Index Fund,https://finance.yahoo.com/research-hub/screener/sec-ind_sec-top-etfs_technology/,2026-09-21T11:41:36+00:00,en-US,US,ETF,ETF,Delayed Quote,False,LOW,0.01,32.776139,66.89967,26.9398,USD,1.2716776,315.95,314.86,NGM,340.23,205.57,0.01,,First Trust NASDAQ-100-Technolo,315.0,3.9299927,1.2716776,0.55,True,1146576600000,2,2.0299988,0.64862406,1789988415.0,315.0,3.9299927,1789761600,312.97,313.175,309.29 - 313.175,309.29,93206,309.04,2,2,us_market,finmb_26918502,NasdaqGM,First Trust NASDAQ-100-Technology Sector Index Fund,310.98,265669,98270,[],107.399994,0.52244973,205.57 - 340.23,-27.26001,-0.0801223,36.40603,,32.409554,,37.55136,-0.8574,-0.8574,4732751900.0,PRE,9.65672,,,310.1028,2.8671875,0.009245926,270.23035,42.739655,0.15816009,,15,0,America/New_York,EDT,-14400000,False,False,False,QTEC,1490918400.0,,,,,,,,,
Technology,technology,32,JTEK,JPMorgan U.S. Tech Leaders ETF,https://finance.yahoo.com/research-hub/screener/sec-ind_sec-top-etfs_technology/,2026-09-21T11:41:36+00:00,en-US,US,ETF,ETF,Delayed Quote,False,LOW,0.0,34.698126,,,USD,-0.23705834,101.39,101.25,NGM,111.82,75.255,0.0,,JPMorgan U.S. Tech Leaders ETF,102.63,-0.23999786,-0.23705834,0.65,True,1696512600000,2,1.6299973,1.6138587,1789987824.0,102.63,-0.23999786,1789761601,101.0,102.04,100.305 - 102.04,100.305,307736,101.24,1,4,us_market,finmb_1846020912,NasdaqGM,JPMorgan U.S. Tech Leaders ETF,101.88,276241,204510,[],25.745003,0.34210357,75.255 - 111.82,-10.82,-0.09676265,7.9175115,0.0,34.58854,0.0,12.44147,-6.25779,-6.25779,4543209500.0,PRE,2.9200425,,,99.53588,1.464119,0.014709459,94.46757,6.5324326,0.06915,,15,0,America/New_York,EDT,-14400000,False,False,False,JTEK,,2023-10-05,,,,,,,,
Technology,technology,33,TDIV,First Trust NASDAQ Technology Dividend Index Fund,https://finance.yahoo.com/research-hub/screener/sec-ind_sec-top-etfs_technology/,2026-09-21T11:41:36+00:00,en-US,US,ETF,ETF,Nasdaq Real Time Price,False,LOW,1.31,22.168034,36.80732,29.57422,USD,-0.2361349,115.04,114.71,NGM,128.5,90.24,1.31,,First Trust NASDAQ Technology D,114.07,-0.29999542,-0.2623714,0.5,True,1344951000000,2,,,,,-0.26999664,1789761600,114.07,114.3394,113.435 - 114.3394,113.435,129216,114.34,10,10,us_market,finmb_215564900,NasdaqGM,First Trust NASDAQ Technology Dividend Index Fund,114.32,158131,235170,[],23.830002,0.2640736,90.24 - 128.5,-14.43,-0.112295724,13.694811,0.0,21.868958,0.0,20.2893,-5.79516,-5.79516,4417735200.0,PRE,5.216069,,,113.3956,0.6744003,0.0059473235,106.17715,7.892853,0.07433664,,15,0,America/New_York,EDT,-14400000,False,False,False,TDIV,1483056000.0,,,,,,,,,
Technology,technology,34,XT,iShares Future Exponential Technologies ETF,https://finance.yahoo.com/research-hub/screener/sec-ind_sec-top-etfs_technology/,2026-09-21T11:41:36+00:00,en-US,US,ETF,ETF,Delayed Quote,False,LOW,0.97,29.316916,27.08836,16.30501,USD,0.18270588,82.27,82.11,NGM,84.23,65.47,0.97,,iShares Future Exponential Tech,83.25,0.15000153,0.18270588,0.46,True,1427117400000,2,1.0,1.2158055,1789989987.0,83.25,0.15000153,1789761600,82.25,82.32,81.84 - 82.32,81.84,42095,82.1,2,3,us_market,finmb_281962223,NasdaqGM,iShares Future Exponential Technologies ETF,82.305,71869,57970,[],16.779999,0.25630057,65.47 - 84.23,-1.9800034,-0.023507103,14.283729,,29.140938,,19.1553,-0.92839,-0.92839,3964617220.0,PRE,2.8224897,,,81.4934,0.7565994,0.009284181,76.3216,5.928398,0.07767654,,15,0,America/New_York,EDT,-14400000,False,False,False,XT,1515024000.0,,,,,,,,,
Technology,technology,35,ARTY,iShares Future AI & Tech ETF,https://finance.yahoo.com/research-hub/screener/sec-ind_sec-top-etfs_technology/,2026-09-21T11:41:36+00:00,en-US,US,ETF,ETF,Nasdaq Real Time Price,False,LOW,0.06,26.737968,36.0065,6.85416,USD,1.09203,0.0,0.0,PCX,81.85,43.261,0.06,,iShares Future AI & Tech ETF,76.95,1.0899963,1.4368526,0.47,True,1530192600000,2,1.0899963,1.4368526,1789990023.0,76.95,0.820007,1789761600,75.91,75.91,74.8801 - 75.91,74.8801,386512,75.09,400,100,us_market,finmb_560537454,NYSEArca,iShares Future AI & Tech ETF,75.56,521779,448070,[],32.649002,0.7546983,43.261 - 81.85,-5.939995,-0.07257172,64.44974,0.0,27.26964,0.0,54.78362,0.11016,0.11016,3960813310.0,PRE,2.7836819,,,71.9654,3.944603,0.05481249,61.08175,14.828255,0.2427608,,15,0,America/New_York,EDT,-14400000,False,False,False,ARTY,,,,,,,,,,
Technology,technology,36,MUU,Direxion Daily MU Bull 2X Shares,https://finance.yahoo.com/research-hub/screener/sec-ind_sec-top-etfs_technology/,2026-09-21T11:41:36+00:00,en-US,US,ETF,ETF,Nasdaq Real Time Price,False,LOW,0.51,21.691974,,,USD,7.800513,34.77,21.3,NGM,62.64,1.775,0.51,,Direxion Daily MU Bull 2X ETF,34.6423,0.92229843,2.7351673,1.01,True,1728567000000,2,0.92229843,2.7351673,1789990893.0,34.6423,2.4400005,1789761601,33.72,33.745,31.33 - 33.745,31.33,20668348,31.28,2,2,us_market,finmb_1891987443,NasdaqGM,Direxion Daily MU Bull 2X Shares,31.71,41985590,21632130,[],31.945002,17.997185,1.775 - 62.64,-28.919998,-0.4616858,1566.8314,0.0,23.88809,0.0,516.21735,-28.63941,-28.63941,3906595840.0,PRE,1.4115821,,,30.01824,3.7017612,0.12331706,20.575998,13.144003,0.6388027,,15,0,America/New_York,EDT,-14400000,False,False,False,MUU,,,,,,,,,,
Technology,technology,37,FLTW,Franklin FTSE Taiwan ETF,https://finance.yahoo.com/research-hub/screener/sec-ind_sec-top-etfs_technology/,2026-09-21T11:41:36+00:00,en-US,US,ETF,ETF,Nasdaq Real Time Price,False,LOW,1.58,26.205451,29.78009,29.71785,USD,1.02454,0.0,109.83,PCX,110.32,56.57,1.58,,Franklin FTSE Taiwan ETF,109.69,2.3150024,2.1559975,0.19,True,1513607400000,2,2.3150024,2.1559975,1789988400.0,109.69,1.09,1789761600,107.48,107.52,106.59 - 107.52,106.59,92192,106.39,300,400,us_market,finmb_536179099,NYSEArca,Franklin FTSE Taiwan ETF,106.82,399422,189640,[],50.910004,0.89994705,56.57 - 110.32,-2.8399963,-0.02574326,81.37023,,27.113611,,70.33706,2.72284,2.72284,3750175490.0,PRE,3.9640608,,,100.126,7.354004,0.073447496,83.3172,24.162804,0.2900098,,15,0,America/New_York,EDT,-14400000,False,False,False,FLTW,,,,,,,,,,
Technology,technology,38,SKYY,First Trust Cloud Computing ETF,https://finance.yahoo.com/research-hub/screener/sec-ind_sec-top-etfs_technology/,2026-09-21T11:41:36+00:00,en-US,US,ETF,ETF,Delayed Quote,False,LOW,0.0,29.394474,52.21393,10.5403,USD,-1.4416906,160.15,150.35,NGM,169.05,103.76,0.0,,First Trust Cloud Computing ETF,165.67,-2.369995,-1.4416906,0.6,True,1309959000000,2,3.649994,2.2528045,1789990232.0,165.67,-2.369995,1789761601,162.02,164.8019,161.43 - 164.8019,161.43,182611,164.39,1,1,us_market,finmb_137072116,NasdaqGM,First Trust Cloud Computing ETF,164.76,278511,199020,[],58.260002,0.56148803,103.76 - 169.05,-7.029999,-0.041585322,16.956615,0.0,28.809467,0.0,27.07356,14.39347,14.39347,3388826880.0,PRE,5.623846,,,152.8704,9.149597,0.059851985,131.0947,30.925308,0.23590054,,15,0,America/New_York,EDT,-14400000,False,False,False,SKYY,1483056000.0,,,,,,,,,
Technology,technology,39,BULZ,MicroSectors Solactive FANG Innovation 3X Leveraged ETNs,https://finance.yahoo.com/research-hub/screener/sec-ind_sec-top-etfs_technology/,2026-09-21T11:41:36+00:00,en-US,US,ETF,ETF,Nasdaq Real Time Price,False,LOW,0.0,28.563268,,,USD,2.33818,0.0,43.34,PCX,56.09,14.96,0.0,,MicroSectors FANG & Innovation ,43.37,1.7199974,4.1296453,0.95,True,1629293400000,2,1.7199974,4.1296453,1789990195.0,43.37,0.950001,1789761600,41.58,41.74,40.3448 - 41.74,40.3448,482227,40.63,100,700,us_market,finmb_1679309677,NYSEArca,MicroSectors Solactive FANG Innovation 3X Leveraged ETNs,41.04,743642,527550,[],26.620003,1.7794119,14.96 - 56.09,-14.509998,-0.25869137,65.87546,,31.451313,,45.69134,-30.03603,-30.03603,3209759490.0,PRE,1.3220434,,,35.9142,5.665802,0.15775938,31.444756,10.135246,0.32231912,,15,0,America/New_York,EDT,-14400000,False,False,False,BULZ,,,1756125000.0,1756470600.0,1748433600.0,1748433600.0,False,,,
Technology,technology,40,FWD,AB Disruptors ETF,https://finance.yahoo.com/research-hub/screener/sec-ind_sec-top-etfs_technology/,2026-09-21T11:41:36+00:00,en-US,US,ETF,ETF,Delayed Quote,False,LOW,0.09,33.478406,,,USD,0.499921,0.0,0.0,PCX,149.569,95.53,0.09,,AB Disruptors ETF,129.26,0.639999,0.499921,0.65,True,1679491800000,2,0.59999084,0.46633828,1789989179.0,129.26,0.639999,1789761600,128.66,128.81,127.42 - 128.81,127.42,105895,128.02,300,100,us_market,finmb_1816674767,NYSEArca,AB Disruptors ETF,128.29,243495,160130,[],33.130005,0.34680212,95.53 - 149.569,-20.908997,-0.13979499,26.075459,0.0,33.521263,0.0,23.02495,-9.51888,-9.51888,3199541500.0,PRE,3.8381608,,,129.4268,-0.7667999,-0.005924584,123.001076,5.658928,0.04600714,,15,0,America/New_York,EDT,-14400000,False,False,False,FWD,,,,,,,,,,
Technology,technology,41,SPUS,SP Funds S&P 500 Sharia Industry Exclusions ETF,https://finance.yahoo.com/research-hub/screener/sec-ind_sec-top-etfs_technology/,2026-09-21T11:41:36+00:00,en-US,US,ETF,ETF,Nasdaq Real Time Price,False,LOW,0.52,29.797378,,,USD,0.409071,0.0,0.0,PCX,59.65,46.431,0.52,,SP Funds S&P 500 Sharia Industr,59.37,0.45999908,0.7808506,0.45,True,1576679400000,2,0.45999908,0.7808506,1789990549.0,59.37,0.240002,1789761600,58.91,58.92,58.4893 - 58.92,58.4893,219163,58.67,700,2000,us_market,finmb_642917518,NYSEArca,SP Funds S&P 500 Sharia Industry Exclusions ETF,58.8,426514,330470,[],12.479,0.2687644,46.431 - 59.65,-0.7400017,-0.012405728,19.226873,0.0,29.832825,0.0,15.68982,0.68219,0.68219,3135924480.0,PRE,1.9746705,,,57.9818,0.92819977,0.016008468,54.10795,4.8020515,0.08874947,,15,0,America/New_York,EDT,-14400000,False,False,False,SPUS,,,,,,,,,,
Technology,technology,42,NULG,Nuveen ESG Large-Cap Growth ETF,https://finance.yahoo.com/research-hub/screener/sec-ind_sec-top-etfs_technology/,2026-09-21T11:41:36+00:00,en-US,US,ETF,ETF,Delayed Quote,False,LOW,0.1,34.904014,42.54999,28.12334,USD,0.651055,118.47,104.89,BTS,118.72,87.17,0.1,,Nuveen ESG Large-Cap Growth ETF,112.1,0.720001,0.651055,0.26,True,1482417000000,2,0.7900009,0.70973045,1789989595.0,112.1,0.720001,1789761449,111.31,111.31,110.442 - 111.31,110.442,46486,110.59,500,200,us_market,finmb_408163348,Cboe US,Nuveen ESG Large-Cap Growth ETF,110.6,95968,55660,[],24.14,0.27693012,87.17 - 118.72,-7.4100037,-0.062415797,11.110008,0.0,34.020718,0.0,16.74504,1.56528,1.56528,3089165820.0,PRE,3.2718298,,,113.66596,-2.3559647,-0.02072709,104.68541,6.624588,0.06328091,,15,0,America/New_York,EDT,-14400000,False,False,False,NULG,,,,,,,,,,
Technology,technology,43,HACK,Amplify Cybersecurity ETF,https://finance.yahoo.com/research-hub/screener/sec-ind_sec-top-etfs_technology/,2026-09-21T11:41:36+00:00,en-US,US,ETF,ETF,Delayed Quote,False,LOW,0.05,33.27787,40.82646,7.05998,USD,-1.50233,0.0,0.0,PCX,122.57,69.66,0.05,,Amplify Cybersecurity ETF,118.67,-1.81001,-1.50233,0.6,True,1415802600000,2,,,,,-1.81001,1789761600,118.67,121.03,117.34 - 121.03,117.34,329386,120.48,400,100,us_market,finmb_275143858,NYSEArca,Amplify Cybersecurity ETF,121.03,268826,354950,[],49.009995,0.70356005,69.66 - 122.57,-3.9000015,-0.031818565,34.990334,0.0,33.761517,0.0,45.48518,17.57195,17.57195,3038403840.0,PRE,3.5149486,,,112.3074,6.3625946,0.056653384,90.89305,27.776947,0.30560035,,15,0,America/New_York,EDT,-14400000,False,False,False,HACK,,,,,,,,,,
Technology,technology,44,SOXQ,Invesco PHLX Semiconductor ETF,https://finance.yahoo.com/research-hub/screener/sec-ind_sec-top-etfs_technology/,2026-09-21T11:41:36+00:00,en-US,US,ETF,ETF,Delayed Quote,False,LOW,0.31,37.411149,,,USD,2.7701726,94.41,88.76,NGM,115.335,48.23,0.31,,Invesco PHLX Semiconductor ETF,95.63,2.5299988,2.7701726,0.19,True,1623418200000,2,1.8544693,1.9775621,1789990784.0,95.63,2.5299988,1789761600,93.86,93.885,92.04 - 93.885,92.04,478002,91.33,2,12,us_market,finmb_713971653,NasdaqGM,Invesco PHLX Semiconductor ETF,92.1,2046757,1279710,[],45.63,0.94609165,48.23 - 115.335,-21.474998,-0.18619671,88.43606,,38.688965,,63.16735,-10.02972,-10.02972,2961325570.0,PRE,2.426015,,,93.0521,0.8078995,0.008682227,79.22008,14.639923,0.18480067,,15,0,America/New_York,EDT,-14400000,False,False,False,SOXQ,,2021-06-11,,,,,,,,
Technology,technology,45,FXL,First Trust Technology AlphaDEX Fund,https://finance.yahoo.com/research-hub/screener/sec-ind_sec-top-etfs_technology/,2026-09-21T11:41:36+00:00,en-US,US,ETF,ETF,Delayed Quote,False,LOW,0.0,25.335698,40.4389,18.26004,USD,0.0396392,0.0,0.0,PCX,225.59,151.62,0.0,,First Trust Technology AlphaDEX,215.537,0.0854034,0.0396392,0.6,True,1178803800000,2,,,,,0.0854034,1789760587,215.537,215.5374,214.2313 - 215.5374,214.2313,28217,215.452,2100,700,us_market,finmb_34336444,NYSEArca,First Trust Technology AlphaDEX Fund,216.46,159744,16410,[],63.917007,0.42156056,151.62 - 225.59,-10.052994,-0.04456312,24.914515,,25.298962,,28.33442,1.95578,1.95578,2774372100.0,PRE,8.519599,,,209.7756,5.7613983,0.027464578,188.00505,27.531952,0.14644262,,15,0,America/New_York,EDT,-14400000,False,False,False,FXL,,,,,,,,,,
Technology,technology,46,USD,ProShares Ultra Semiconductors,https://finance.yahoo.com/research-hub/screener/sec-ind_sec-top-etfs_technology/,2026-09-21T11:41:36+00:00,en-US,US,ETF,ETF,Nasdaq Real Time Price,False,LOW,0.36,33.014196,229.1938,103.8483,USD,4.25481,91.2,90.95,PCX,116.5,42.56,0.36,,ProShares Ultra Semiconductors,90.9729,2.6679,3.0212333,0.95,True,1170340200000,2,2.6679,3.0212333,1789990661.0,90.9729,3.6,1789761600,88.21,88.49,85.49 - 88.49,85.49,441032,84.61,300,100,us_market,finmb_32431934,NYSEArca,ProShares Ultra Semiconductors,85.54,726020,528760,[],45.649998,1.0726033,42.56 - 116.5,-28.29,-0.24283263,80.16748,0.0,34.41807,0.0,61.56293,-16.85351,-16.85351,2668661250.0,PRE,2.5628977,,,86.1976,2.0123978,0.023346331,73.4082,14.801796,0.2016368,,15,0,America/New_York,EDT,-14400000,False,False,False,USD,,,,,,,,,,
Technology,technology,47,XSD,State Street SPDR S&P Semiconductor ETF,https://finance.yahoo.com/research-hub/screener/sec-ind_sec-top-etfs_technology/,2026-09-21T11:41:36+00:00,en-US,US,ETF,ETF,Delayed Quote,False,LOW,0.16,34.293553,34.82925,42.55378,USD,1.48016,0.0,0.0,PCX,658.14,280.83,0.16,,State Street SPDR S&P Semicondu,516.0,7.39001,1.48016,0.35,True,1139236200000,2,9.52417,1.8804786,1789983846.0,516.0,7.39001,1789761600,506.66,506.68,499.55 - 506.68,499.55,71357,499.27,40,40,us_market,finmb_26752143,NYSEArca,State Street SPDR S&P Semiconductor ETF,503.78,107711,132660,[],225.83002,0.8041521,280.83 - 658.14,-151.48001,-0.23016381,56.598877,,35.81476,,51.00133,-20.78008,-20.78008,2594918660.0,PRE,14.146683,,,505.3598,1.3002014,0.002572823,445.72446,60.935547,0.13671125,,15,0,America/New_York,EDT,-14400000,False,False,False,XSD,,,,,,,,,,
Technology,technology,48,NUGO,Nuveen Growth Opportunities ETF,https://finance.yahoo.com/research-hub/screener/sec-ind_sec-top-etfs_technology/,2026-09-21T11:41:36+00:00,en-US,US,ETF,ETF,Delayed Quote,False,LOW,0.0,30.339806,,,USD,0.83656,69.44,17.45,PCX,44.83,34.28,0.0,,Nuveen Growth Opportunities ETF,43.4054,0.3601,0.83656,0.5,True,1632835800000,2,,,,,0.3601,1789747594,43.4054,43.4054,43.12 - 43.4054,43.12,2109,43.0453,200,200,us_market,finmb_1675281273,NYSEArca,Nuveen Growth Opportunities ETF,43.12,131400,6160,[],9.125401,0.26620188,34.28 - 44.83,-1.4246025,-0.03177788,9.107137,0.0,30.434742,0.0,8.91014,-1.65909,-1.65909,2460865020.0,PRE,1.4261793,,,43.01654,0.3888588,0.00903975,40.774845,2.6305542,0.064514145,,15,0,America/New_York,EDT,-14400000,False,False,False,NUGO,,,,,,,,,,
Technology,technology,49,PSI,Invesco Semiconductors ETF,https://finance.yahoo.com/research-hub/screener/sec-ind_sec-top-etfs_technology/,2026-09-21T11:41:36+00:00,en-US,US,ETF,ETF,Nasdaq Real Time Price,False,LOW,0.04,37.42515,48.8189,46.55476,USD,3.82868,143.0,139.0,PCX,189.24,66.93,0.04,,Invesco Semiconductors ETF,143.0,3.5899963,2.5751355,0.55,True,1119533400000,2,3.5899963,2.5751355,1789988407.0,143.0,5.14,1789761600,139.39,139.56,135.96 - 139.56,135.96,286108,134.25,400,100,us_market,finmb_22938325,NYSEArca,Invesco Semiconductors ETF,136.27,397425,323580,[],72.46,1.0826236,66.93 - 189.24,-49.850006,-0.26342213,94.70596,,39.57736,,67.14345,-15.0962,-15.0962,2381718270.0,PRE,3.5219634,,,141.1176,-1.7276001,-0.0122422725,121.98415,17.405846,0.1426894,,15,0,America/New_York,EDT,-14400000,False,False,False,PSI,,,,,,,,,,
Technology,technology,50,COWG,Pacer US Large Cap Cash Cows Growth Leaders ETF,https://finance.yahoo.com/research-hub/screener/sec-ind_sec-top-etfs_technology/,2026-09-21T11:41:36+00:00,en-US,US,ETF,ETF,Delayed Quote,False,LOW,0.35,27.151778,,,USD,0.10155095,39.72,31.86,NGM,40.58,32.644,0.35,,Pacer US Large Cap Cash Cows Gr,39.43,0.040000916,0.10155095,0.49,True,1672410600000,2,,,,,0.040000916,1789761601,39.43,39.49,39.15 - 39.49,39.15,189320,39.39,2,2,us_market,finmb_1805181581,NasdaqGM,Pacer US Large Cap Cash Cows Growth Leaders ETF,39.49,249834,223720,[],6.7859993,0.2078789,32.644 - 40.58,-1.1500015,-0.02833912,7.555914,0.0,26.613302,0.0,14.41672,3.49046,3.49046,2345277950.0,PRE,1.4815899,,,38.93538,0.49462128,0.012703646,36.85965,2.5703506,0.069733456,,15,0,America/New_York,EDT,-14400000,False,False,False,COWG,,2022-12-22,,,,,,,,
Technology,technology,51,BNDW,Vanguard Total World Bond ETF,https://finance.yahoo.com/research-hub/screener/sec-ind_sec-top-etfs_technology/,2026-09-21T11:41:36+00:00,en-US,US,ETF,ETF,Nasdaq Real Time Price,False,LOW,4.11,30.12048192771084,7.18584,-2.06064,USD,-0.2834151,67.81,67.69,NGM,70.36,66.28,4.29,,Vanguard Total World Bond ETF,66.496,-0.18999481,-0.28491387,0.05,True,1536240600000,2,,,,,-0.18899536,1789761600,66.496,66.61,66.475 - 66.61,66.475,62087,66.685,3,6,us_market,finmb_569192629,NasdaqGM,Vanguard Total World Bond ETF,66.61,108538,128630,[],0.21600342,0.0032589533,66.28 - 70.36,-3.8639984,-0.054917544,-4.4265566,,,,-0.09539,-0.77856,-0.77856,1890626430.0,PRE,,,,67.388,-0.8919983,-0.013236753,68.3368,-1.8407974,-0.026937133,,15,0,America/New_York,EDT,-14400000,False,False,False,BNDW,1545955200.0,,,,,,,,,
Technology,technology,52,XNTK,State Street SPDR NYSE Technology ETF,https://finance.yahoo.com/research-hub/screener/sec-ind_sec-top-etfs_technology/,2026-09-21T11:41:36+00:00,en-US,US,ETF,ETF,Delayed Quote,False,LOW,0.15,31.836995,70.1056,17.59514,USD,0.70805,373.8,0.0,PCX,392.44,242.73,0.15,USD,State Street SPDR NYSE Technolo,365.54,2.57001,0.70805,0.35,True,970493400000,2,,,,,2.57001,1789761600,365.54,365.74,361.535 - 365.74,361.535,52906,362.97,40,120,us_market,finmb_8799270,NYSEArca,State Street SPDR NYSE Technology ETF,364.97,54271,50310,[],122.81001,0.5059532,242.73 - 392.44,-26.899994,-0.06854549,34.577717,0.41,32.4459,0.00112957,29.20572,-3.14994,-3.14994,1889899780.0,PRE,11.266139,10550000.0,141.348,354.4868,11.053223,0.031180916,315.9048,49.635223,0.15712084,2.5860994,15,0,America/New_York,EDT,-14400000,False,False,False,XNTK,,,,,,,,,,
Technology,technology,53,QQEW,First Trust Nasdaq-100 Select Equal Weight ETF,https://finance.yahoo.com/research-hub/screener/sec-ind_sec-top-etfs_technology/,2026-09-21T11:41:36+00:00,en-US,US,ETF,ETF,Delayed Quote,False,LOW,0.19,32.154341,33.5234,17.67493,USD,0.22877517,161.75,160.94,NGM,167.27,122.38,0.19,,First Trust Nasdaq-100 Select E,157.72,0.3600006,0.22877517,0.55,True,1146576600000,2,,,,,0.3600006,1789761600,157.72,157.72,156.625 - 157.72,156.625,22695,157.36,1,1,us_market,finmb_26918513,NasdaqGM,First Trust Nasdaq-100 Select Equal Weight ETF,157.305,40288,35000,[],35.340004,0.2887727,122.38 - 167.27,-9.550003,-0.057093337,12.080729,,30.713318,,16.17268,5.68044,5.68044,1872952450.0,PRE,5.1352315,,,159.3826,-1.6625977,-0.010431488,145.94745,11.7725525,0.08066296,,15,0,America/New_York,EDT,-14400000,False,False,False,QQEW,1490918400.0,,,,,,,,,
Technology,technology,54,CHAT,Roundhill Generative AI & Technology ETF,https://finance.yahoo.com/research-hub/screener/sec-ind_sec-top-etfs_technology/,2026-09-21T11:41:36+00:00,en-US,US,ETF,ETF,Nasdaq Real Time Price,False,LOW,1.92,24.050024,,,USD,1.62933,92.5,84.0,PCX,105.2,55.52,1.92,,Roundhill Generative AI & Techn,91.7,1.7699966,1.9681938,0.75,True,1684416600000,2,1.7699966,1.9681938,1789989569.0,91.7,1.44,1789761600,89.82,89.945,88.5835 - 89.945,88.5835,280900,88.38,600,200,us_market,finmb_1832202240,NYSEArca,Roundhill Generative AI & Technology ETF,89.28,481231,282240,[],34.3,0.61779535,55.52 - 105.2,-15.379997,-0.14619769,44.987892,0.0,24.64311,0.0,48.63133,-10.52619,-10.52619,1829867650.0,PRE,3.6448321,,,87.084,2.736,0.031417944,76.4497,13.3703,0.17489016,,15,0,America/New_York,EDT,-14400000,False,False,False,CHAT,,,,,,,,,,
Technology,technology,55,BUG,Global X Cybersecurity ETF,https://finance.yahoo.com/research-hub/screener/sec-ind_sec-top-etfs_technology/,2026-09-21T11:41:36+00:00,en-US,US,ETF,ETF,Delayed Quote,False,LOW,0.03,36.845984,,,USD,-2.1623998,42.12,41.85,NGM,46.04,23.145,0.03,,Global X Cybersecurity ETF,44.842,-0.97999954,-2.1623998,0.5,True,1572615000000,2,0.5019989,1.132158,1789990340.0,44.842,-0.97999954,1789761601,44.34,45.52,43.83 - 45.52,43.83,782288,45.32,3,3,us_market,finmb_636825690,NasdaqGM,Global X Cybersecurity ETF,45.43,1326692,1356270,[],21.195,0.91574854,23.145 - 46.04,-1.7000008,-0.03692443,24.027967,,37.351414,,43.51396,20.38567,20.38567,1732260350.0,PRE,1.1871036,,,41.0502,3.2897987,0.08014087,32.706,11.633999,0.3557145,,15,0,America/New_York,EDT,-14400000,False,False,False,BUG,,,,,,,,,,
Technology,technology,56,FLKR,Franklin FTSE South Korea ETF,https://finance.yahoo.com/research-hub/screener/sec-ind_sec-top-etfs_technology/,2026-09-21T11:41:36+00:00,en-US,US,ETF,ETF,Delayed Quote,False,LOW,2.44,10.284891,20.98637,-6.5852,USD,-0.917277,61.23,61.1,PCX,72.49,26.402,2.44,,Franklin FTSE South Korea ETF,61.12,1.7599983,2.96296,0.09,True,1513607400000,2,1.7099991,2.8783019,1789989615.0,61.12,-0.549999,1789761600,59.41,59.41,58.38 - 59.41,58.38,392063,59.96,500,100,us_market,finmb_536179274,NYSEArca,Franklin FTSE South Korea ETF,59.06,775217,852390,[],33.008,1.2502083,26.402 - 72.49,-13.079998,-0.18043865,115.87937,,10.1415,,88.01028,-8.46794,-8.46794,1698916220.0,PRE,5.8581076,,,57.0556,2.3544006,0.041265022,49.5004,9.909599,0.2001923,,15,0,America/New_York,EDT,-14400000,False,False,False,FLKR,,,,,,,,,,
Technology,technology,57,BUFQ,FT Vest Laddered Nasdaq Buffer ETF,https://finance.yahoo.com/research-hub/screener/sec-ind_sec-top-etfs_technology/,2026-09-21T11:41:36+00:00,en-US,US,ETF,ETF,Nasdaq Real Time Price,False,LOW,0.0,29.137529,,,USD,0.250507,41.0,38.36,BTS,41.15,34.25,0.0,,FT Vest Laddered Nasdaq Buffer ,40.02,0.100002,0.250507,1.0,True,1655386200000,2,,,,,0.100002,1789761601,40.02,40.02,39.84 - 40.02,39.84,156270,39.92,500,500,us_market,finmb_1780826630,Cboe US,FT Vest Laddered Nasdaq Buffer ETF,39.98,144095,162800,[],5.7700005,0.16846716,34.25 - 41.15,-1.1300011,-0.027460536,15.066135,0.0,29.364994,0.0,10.89081,1.24936,1.24936,1612190850.0,PRE,1.3628472,,,39.2938,0.7262001,0.01848129,37.535583,2.484417,0.06618831,,15,0,America/New_York,EDT,-14400000,False,False,False,BUFQ,,,,,,,,,,
Technology,technology,58,KORU,Direxion Daily South Korea Bull 3X Shares,https://finance.yahoo.com/research-hub/screener/sec-ind_sec-top-etfs_technology/,2026-09-21T11:41:36+00:00,en-US,US,ETF,ETF,Nasdaq Real Time Price,False,LOW,0.38,10.526316,28.49718,-33.58564,USD,-1.81283,0.0,0.0,PCX,63.985,4.932,0.38,,Direxion Daily South Korea Bull,21.53,1.5050011,7.515611,1.32,True,1365600600000,2,1.5050011,7.515611,1789990885.0,21.53,-0.369999,1789761600,20.04,20.06,18.99 - 20.06,18.99,22072832,20.41,3440,2440,us_market,finmb_206817206,NYSEArca,Direxion Daily South Korea Bull 3X Shares,19.665,30064925,22893170,[],15.108001,3.0632603,4.932 - 63.985,-43.945,-0.6868016,257.79327,0.0,10.064283,0.0,130.9987,-61.62481,-61.62481,1527001980.0,PRE,1.9912,,,19.76073,0.27927017,0.0141325835,23.332993,-3.2929916,-0.14113027,,15,0,America/New_York,EDT,-14400000,False,False,False,KORU,,,,,,,,,,
Technology,technology,59,ROM,ProShares Ultra Technology,https://finance.yahoo.com/research-hub/screener/sec-ind_sec-top-etfs_technology/,2026-09-21T11:41:36+00:00,en-US,US,ETF,ETF,Delayed Quote,False,LOW,0.06,33.014196,130.0853,77.64804,USD,1.66781,0.0,150.14,PCX,171.82,71.36,0.06,,ProShares Ultra Technology,149.35,2.45001,1.66781,0.95,True,1170340200000,2,,,,,2.45001,1789761600,149.35,149.55,146.42 - 149.55,146.42,14433,146.9,100,100,us_market,finmb_32431985,NYSEArca,ProShares Ultra Technology,148.02,47722,21670,[],77.990005,1.0929092,71.36 - 171.82,-22.470001,-0.13077639,60.040726,,33.973316,,53.82315,-8.61071,-8.61071,1261936900.0,PRE,4.396097,,,140.9564,8.3936,0.05954749,116.70225,32.64776,0.2797526,,15,0,America/New_York,EDT,-14400000,False,False,False,ROM,,,,,,,,,,
Technology,technology,60,PTNQ,Pacer Trendpilot 100 ETF,https://finance.yahoo.com/research-hub/screener/sec-ind_sec-top-etfs_technology/,2026-09-21T11:41:36+00:00,en-US,US,ETF,ETF,Nasdaq Real Time Price,False,LOW,0.8,29.239766,34.8528,13.60104,USD,0.5186983,86.64,86.39,NGM,90.15,71.56,0.8,,Pacer Trendpilot 100 ETF,86.9537,0.4050064,0.46818843,0.65,True,1434115800000,2,,,,,0.44869995,1789761600,86.9537,86.9537,86.175 - 86.9537,86.175,23859,86.505,1,3,us_market,finmb_304013074,NasdaqGM,Pacer Trendpilot 100 ETF,86.69,32477,15570,[],15.3937,0.215116,71.56 - 90.15,-3.1963043,-0.0354554,11.731601,0.0,29.422213,0.0,9.82265,-2.92196,-2.92196,1231406080.0,PRE,2.955376,,,85.59424,1.3594589,0.015882598,81.89334,5.060356,0.061792035,,15,0,America/New_York,EDT,-14400000,False,False,False,PTNQ,,2022-11-01,,,,,,,,
Technology,technology,61,FTXL,First Trust Nasdaq Semiconductor ETF,https://finance.yahoo.com/research-hub/screener/sec-ind_sec-top-etfs_technology/,2026-09-21T11:41:36+00:00,en-US,US,ETF,ETF,Delayed Quote,False,LOW,0.11,33.54579,54.30329,35.07344,USD,2.042308,231.39,230.65,NGM,297.36,108.334,0.11,,First Trust Nasdaq Semiconducto,242.2,4.75,2.042308,0.6,True,1474464600000,2,4.869995,2.0519931,1789989320.0,242.2,4.75,1789761602,237.33,237.33,232.57 - 237.33,232.57,172573,232.58,5,5,us_market,finmb_374033830,NasdaqGM,First Trust Nasdaq Semiconductor ETF,234.39,257431,114780,[],128.996,1.190725,108.334 - 297.36,-60.029984,-0.20187646,113.12728,0.0,35.876812,0.0,71.45427,-14.45886,-14.45886,1220477060.0,PRE,6.6151366,,,229.4326,7.8974,0.034421436,196.32962,41.00038,0.20883441,,15,0,America/New_York,EDT,-14400000,False,False,False,FTXL,1490918400.0,,,,,,,,,
Technology,technology,62,IGPT,Invesco AI and Next Gen Software ETF,https://finance.yahoo.com/research-hub/screener/sec-ind_sec-top-etfs_technology/,2026-09-21T11:41:36+00:00,en-US,US,ETF,ETF,Delayed Quote,False,LOW,0.01,25.012506,27.76129,-11.6492,USD,1.32601,0.0,98.5,PCX,109.32,52.9,0.01,,Invesco AI and Next Gen Softwar,99.0,1.28,1.32601,0.57,True,1119533400000,2,1.1900024,1.216647,1789982146.0,99.0,1.28,1789761600,97.81,98.055,96.62 - 98.055,96.62,42619,96.53,200,100,us_market,finmb_22938316,NYSEArca,Invesco AI and Next Gen Software ETF,97.33,178438,143910,[],44.909996,0.8489602,52.9 - 109.32,-11.510002,-0.10528725,77.80404,,26.56611,,54.4875,-7.32615,-7.32615,1217449090.0,PRE,3.6817584,,,92.1692,5.6408005,0.061200496,77.84385,19.966148,0.25648972,,15,0,America/New_York,EDT,-14400000,False,False,False,IGPT,,,,,,,,,,
Technology,technology,63,CHPY,YieldMax Semiconductor Portfolio Option Income ETF,https://finance.yahoo.com/research-hub/screener/sec-ind_sec-top-etfs_technology/,2026-09-21T11:41:36+00:00,en-US,US,ETF,ETF,Nasdaq Real Time Price,False,LOW,25.15,38.491147,,,USD,1.87958,0.0,67.9,PCX,89.86,50.85,25.15,,YieldMax Semiconductor Portfoli,68.028,1.4980011,2.2516174,1.03,True,1744119000000,2,1.4980011,2.2516174,1789989989.0,68.028,1.23,1789761600,66.67,66.67,65.6 - 66.67,65.6,371673,65.44,200,200,us_market,finmb_1900323812,NYSEArca,YieldMax Semiconductor Portfolio Option Income ETF,65.67,655769,548670,[],15.82,0.31111112,50.85 - 89.86,-23.190002,-0.25806814,19.82602,0.0,38.66449,0.0,58.10029,-8.65842,-8.65842,1151538690.0,PRE,1.7243212,,,69.0478,-2.3778,-0.034437016,66.37695,0.29304504,0.0044148616,,15,0,America/New_York,EDT,-14400000,False,False,False,CHPY,,,,,,,,,,
Technology,technology,64,IHAK,iShares Cybersecurity and Tech ETF,https://finance.yahoo.com/research-hub/screener/sec-ind_sec-top-etfs_technology/,2026-09-21T11:41:36+00:00,en-US,US,ETF,ETF,Nasdaq Real Time Price,False,LOW,0.07,26.838433,,,USD,-1.64327,0.0,0.0,PCX,68.45,40.97,0.07,,iShares Cybersecurity and Tech ,65.84,-1.10001,-1.64327,0.47,True,1560519000000,2,,,,,-1.10001,1789761600,65.84,67.08,65.24 - 67.08,65.24,118487,66.94,100,700,us_market,finmb_611413461,NYSEArca,iShares Cybersecurity and Tech ETF,67.02,166271,119580,[],24.869995,0.6070294,40.97 - 68.45,-2.6100006,-0.038130034,23.527205,,26.676363,,37.15491,14.2526,14.2526,1103216510.0,PRE,2.4681025,,,63.62374,2.2162552,0.034833778,52.95334,12.886658,0.24335875,,15,0,America/New_York,EDT,-14400000,False,False,False,IHAK,,,,,,,,,,
Technology,technology,65,IVES,Dan IVES Wedbush AI Revolution ETF,https://finance.yahoo.com/research-hub/screener/sec-ind_sec-top-etfs_technology/,2026-09-21T11:41:36+00:00,en-US,US,ETF,ETF,Nasdaq Real Time Price,False,LOW,0.33,28.506271,41.28853,-17.9461,USD,-0.198852,0.0,39.72,PCX,41.93,26.92,0.33,,Dan IVES Wedbush AI Revolution ,40.35,0.15999985,0.3981086,0.75,True,1749043800000,2,0.15999985,0.3981086,1789988417.0,40.35,-0.079998,1789761600,40.15,40.4066,39.83 - 40.4066,39.83,190267,40.23,300,2300,us_market,finmb_1940547417,NYSEArca,Dan IVES Wedbush AI Revolution ETF,40.38,394028,310650,[],13.230001,0.4914562,26.92 - 41.93,-1.7799988,-0.042451676,23.272955,0.0,28.847557,0.0,25.56969,-1.11657,-1.11657,1073759620.0,PRE,1.391799,,,38.188,1.9620018,0.05137744,34.402225,5.747776,0.16707571,,15,0,America/New_York,EDT,-14400000,False,False,False,IVES,,,,,,,,,,
Technology,technology,66,TAN,Invesco Solar ETF,https://finance.yahoo.com/research-hub/screener/sec-ind_sec-top-etfs_technology/,2026-09-21T11:41:36+00:00,en-US,US,ETF,ETF,Delayed Quote,False,LOW,0.0,20.76412,-26.84756,-24.69497,USD,-1.50992,0.0,0.0,PCX,75.6,42.22,0.0,,Invesco Solar ETF,45.66,-0.700001,-1.50992,0.7,True,1208266200000,2,,,,,-0.700001,1789761600,45.66,46.54,45.29 - 46.54,45.29,526762,46.36,100,1600,us_market,finmb_43532813,NYSEArca,Invesco Solar ETF,46.38,1007633,861060,[],3.4399986,0.08147794,42.22 - 75.6,-29.939999,-0.39603174,4.0328145,,19.85944,,-2.88853,-35.33794,-35.33794,1054457340.0,PRE,2.2991586,,,50.2242,-4.5642014,-0.090876535,55.05875,-9.39875,-0.17070402,,15,0,America/New_York,EDT,-14400000,False,False,False,TAN,,,,,,,,,,
Technology,technology,67,TRFK,Pacer Data and Digital Revolution ETF,https://finance.yahoo.com/research-hub/screener/sec-ind_sec-top-etfs_technology/,2026-09-21T11:41:36+00:00,en-US,US,ETF,ETF,Nasdaq Real Time Price,False,LOW,0.01,26.961445,,,USD,1.37973,0.0,39.39,PCX,115.58,58.82,0.01,,Pacer Data and Digital Revoluti,99.1,0.70500183,0.7165017,0.49,True,1654867800000,2,0.70500183,0.7165017,1789981858.0,99.1,1.34,1789761600,98.46,98.46,96.72 - 98.46,96.72,101893,97.12,300,100,us_market,finmb_1776022695,NYSEArca,Pacer Data and Digital Revolution ETF,97.65,160179,122760,[],39.64,0.67392045,58.82 - 115.58,-17.120003,-0.14812253,44.858025,0.0,28.249273,0.0,46.91176,-7.77081,-7.77081,1044962180.0,PRE,3.4853992,,,93.986,4.473999,0.047602825,80.56616,17.893837,0.22210115,,15,0,America/New_York,EDT,-14400000,False,False,False,TRFK,,,,,,,,,,
Technology,technology,68,APCB,ActivePassive Core Bond ETF,https://finance.yahoo.com/research-hub/screener/sec-ind_sec-top-etfs_technology/,2026-09-21T11:41:36+00:00,en-US,US,ETF,ETF,Delayed Quote,False,LOW,3.84,30.12048192771084,,,USD,-0.36701,29.83,27.22,PCX,30.18,28.421,4.21,,ActivePassive Core Bond ETF,28.505,-0.105001,-0.36701,0.36,True,1683120600000,2,,,,,-0.105001,1789760786,28.505,28.52,28.49 - 28.52,28.49,23939,28.61,100,100,us_market,finmb_1760709107,NYSEArca,ActivePassive Core Bond ETF,28.52,102836,63370,[],0.083999634,0.0029555482,28.421 - 30.18,-1.6750011,-0.05550037,-4.3777227,0.0,,0.0,-0.14906,-0.69325,-0.69325,1008059260.0,PRE,,,,28.91632,-0.41132164,-0.01422455,29.407465,-0.9024658,-0.030688325,,15,0,America/New_York,EDT,-14400000,False,False,False,APCB,,,,,,,,,,
Technology,technology,69,AIS,VistaShares Artificial Intelligence Supercycle ETF,https://finance.yahoo.com/research-hub/screener/sec-ind_sec-top-etfs_technology/,2026-09-21T11:41:36+00:00,en-US,US,ETF,ETF,Nasdaq Real Time Price,False,LOW,0.0,25.290845,,,USD,2.14872,0.0,0.0,PCX,88.795,33.35,0.0,,VistaShares Artificial Intellig,74.06,1.7399979,2.4059706,0.75,True,1733236200000,2,1.7399979,2.4059706,1789990668.0,74.06,1.52,1789761600,72.26,72.46,71.03 - 72.46,71.03,521479,70.74,500,100,us_market,finmb_1889507224,NYSEArca,VistaShares Artificial Intelligence Supercycle ETF,71.18,545393,373880,[],38.910004,1.1667168,33.35 - 88.795,-16.534996,-0.1862154,105.40664,0.0,26.847605,0.0,80.57375,-11.03505,-11.03505,950883710.0,PRE,2.6914878,,,68.7854,3.4746017,0.05051365,57.222054,15.037949,0.2627999,,15,0,America/New_York,EDT,-14400000,False,False,False,AIS,,,,,,,,,,
Technology,technology,70,UFOX,Defiance Space and Connective Tech ETF,https://finance.yahoo.com/research-hub/screener/sec-ind_sec-top-etfs_technology/,2026-09-21T11:41:36+00:00,en-US,US,ETF,ETF,Delayed Quote,False,LOW,0.47,33.715442,21.87781,25.62817,USD,-0.38341323,98.4,68.12,NGM,106.59,59.5,0.47,,Defiance Space and Connective T,84.0,-0.51000214,-0.60426795,0.3,True,1551796200000,2,0.11000061,0.13112482,1789988435.0,84.0,-0.32360077,1789761600,84.0764,84.73,83.44 - 84.73,83.44,9678,84.4,2,2,us_market,finmb_597556700,NasdaqGM,Defiance Space and Connective Tech ETF,84.73,34326,26690,[],24.5764,0.41304874,59.5 - 106.59,-22.513596,-0.21121678,33.288944,,34.807446,,27.92464,-20.58196,-20.58196,855106430.0,PRE,2.4154718,,,82.97136,1.1050415,0.013318349,78.25027,5.8261337,0.07445513,,15,0,America/New_York,EDT,-14400000,False,False,False,UFOX,,,,,,,,,,
Technology,technology,71,QQA,Invesco QQQ Income Advantage ETF,https://finance.yahoo.com/research-hub/screener/sec-ind_sec-top-etfs_technology/,2026-09-21T11:41:36+00:00,en-US,US,ETF,ETF,Nasdaq Real Time Price,False,LOW,9.92,29.21414,,,USD,0.3866593,60.97,52.14,NGM,58.53,48.2,9.92,,Invesco QQQ Income Advantage ET,56.598,0.22999954,0.40794528,0.29,True,1721223000000,2,,,,,0.2179985,1789761600,56.598,56.63,56.26 - 56.63,56.26,93835,56.38,2,2,us_market,finmb_1879362315,NasdaqGM,Invesco QQQ Income Advantage ETF,56.61,116517,108340,[],8.397999,0.17423233,48.2 - 58.53,-1.9319992,-0.033008702,7.621217,0.0,29.447227,0.0,13.6627,-0.2999,-0.2999,853063870.0,PRE,1.9220146,,,55.85208,0.7459183,0.013355246,54.402264,2.195736,0.040361114,,15,0,America/New_York,EDT,-14400000,False,False,False,QQA,,2024-07-17,,,,,,,,
Technology,technology,72,ROBT,First Trust Nasdaq Artificial Intelligence and Robotics ETF,https://finance.yahoo.com/research-hub/screener/sec-ind_sec-top-etfs_technology/,2026-09-21T11:41:36+00:00,en-US,US,ETF,ETF,Delayed Quote,False,LOW,0.02,27.739251,27.10144,9.94031,USD,-0.65000004,70.76,47.12,NGM,60.97,44.01,0.02,,First Trust Nasdaq Artificial I,58.4327,-0.4149971,-0.7055974,0.65,True,1520260200000,2,0.032699585,0.05599244,1789988438.0,58.4327,-0.38229752,1789761600,58.4327,58.93,58.11 - 58.93,58.11,22902,58.815,2,2,us_market,finmb_551117660,NasdaqGM,First Trust Nasdaq Artificial Intelligence and Robotics ETF,58.93,40200,40470,[],14.422703,0.32771423,44.01 - 60.97,-2.5373,-0.04161555,7.8836083,,26.893637,,16.34925,3.4149,3.4149,789512510.0,PRE,2.1727333,,,57.33168,1.1010208,0.019204404,53.63545,4.7972527,0.08944183,,15,0,America/New_York,EDT,-14400000,False,False,False,ROBT,,,,,,,,,,
Technology,technology,73,AGIX,KraneShares Artificial Intelligence and Technology Public and Private ETF,https://finance.yahoo.com/research-hub/screener/sec-ind_sec-top-etfs_technology/,2026-09-21T11:41:36+00:00,en-US,US,ETF,ETF,Delayed Quote,False,LOW,0.0,28.376844,,,USD,1.0199596,45.68,45.11,NGM,49.67,30.885,0.0,,KraneShares Public-Private AI &,46.68,0.4699974,1.0199596,1.0,True,1721309400000,2,0.13000107,0.2792719,1789990261.0,46.68,0.4699974,1789761601,46.55,46.55,45.95 - 46.55,45.95,60078,46.08,2,2,us_market,finmb_1879111459,NasdaqGM,KraneShares Artificial Intelligence and Technology Public and Private ETF,46.4,161622,85640,[],15.664999,0.5072041,30.885 - 49.67,-3.119999,-0.062814556,23.573135,0.0,29.198545,0.0,24.52519,-5.29621,-5.29621,771405950.0,PRE,1.5942575,,,44.4862,2.0638008,0.046391934,40.09969,6.4503098,0.16085684,,15,0,America/New_York,EDT,-14400000,False,False,False,AGIX,,2024-07-18,,,,,,,,
Technology,technology,74,FLIA,Franklin International Aggregate Bond ETF,https://finance.yahoo.com/research-hub/screener/sec-ind_sec-top-etfs_technology/,2026-09-21T11:41:36+00:00,en-US,US,ETF,ETF,Delayed Quote,False,LOW,3.02,31.948881789137378,6.35442,-1.9573,USD,-0.248515,0.0,0.0,BTS,20.77,20.03,2.9,,Franklin International Aggregat,20.07,-0.0500011,-0.248515,0.25,True,1527859800000,2,,,,,-0.0500011,1789761596,20.07,20.09,20.055 - 20.09,20.055,85647,20.12,100,500,us_market,finmb_556182241,Cboe US,Franklin International Aggregate Bond ETF,20.09,358844,1696810,[],0.03999901,0.001996955,20.03 - 20.77,-0.70000076,-0.033702493,-2.1214366,0.0,31.24825,0.0,0.92432,-0.29189,-0.29189,761718080.0,PRE,0.642276,,,20.27402,-0.20401955,-0.010063103,20.32882,-0.25881958,-0.012731658,,15,0,America/New_York,EDT,-14400000,False,False,False,FLIA,,,,,,,,,,
Technology,technology,75,FNGO,MicroSectors FANG+ Index 2X Leveraged ETN,https://finance.yahoo.com/research-hub/screener/sec-ind_sec-top-etfs_technology/,2026-09-21T11:41:36+00:00,en-US,US,ETF,ETF,Delayed Quote,False,LOW,0.0,27.631943,235.4178,27.40687,USD,0.00399199,0.0,154.01,PCX,157.499,79.055,0.0,,MicroSectors FANG  Index 2X Lev,153.97,1.5630035,1.0255458,0.95,True,1535031000000,2,1.0699005,0.69973826,1789987521.0,153.97,0.00610352,1789761205,152.9,152.9001,151.755 - 152.9001,151.755,995,152.894,100,400,us_market,finmb_576208315,NYSEArca,MicroSectors FANG+ Index 2X Leveraged ETN,151.755,4539,1940,[],73.84499,0.93409646,79.055 - 157.499,-4.598999,-0.029200181,18.32534,0.0,27.737823,0.0,30.61651,0.52548,0.52548,761581760.0,PRE,5.5123286,,,143.24297,9.657028,0.06741712,122.40174,30.498253,0.24916519,,15,0,America/New_York,EDT,-14400000,False,False,False,FNGO,,,1756125000.0,1756470600.0,1748433600.0,1748433600.0,False,,,
Technology,technology,76,QQH,HCM Defender 100 Index ETF,https://finance.yahoo.com/research-hub/screener/sec-ind_sec-top-etfs_technology/,2026-09-21T11:41:36+00:00,en-US,US,ETF,ETF,Delayed Quote,False,LOW,0.19,29.112082,,,USD,0.60476,86.3,34.04,PCX,89.64,68.57,0.19,,HCM Defender 100 Index ETF,85.65,0.509995,0.60476,0.98,True,1570714200000,2,0.8100052,0.95474446,1789982061.0,85.65,0.509995,1789761591,84.84,84.84,84.215 - 84.84,84.215,18582,84.33,2400,500,us_market,finmb_636702713,NYSEArca,HCM Defender 100 Index ETF,84.69,68000,40940,[],16.269997,0.23727573,68.57 - 89.64,-4.800003,-0.053547557,10.526312,0.0,29.354279,0.0,8.80641,-4.66803,-4.66803,753061120.0,PRE,2.890209,,,83.10276,1.737236,0.020904673,79.45012,5.3898773,0.067839764,,15,0,America/New_York,EDT,-14400000,False,False,False,QQH,,,,,,,,,,
Technology,technology,77,QJUN,FT Vest Nasdaq-100 Buffer ETF - June,https://finance.yahoo.com/research-hub/screener/sec-ind_sec-top-etfs_technology/,2026-09-21T11:41:36+00:00,en-US,US,ETF,ETF,Delayed Quote,False,LOW,0.0,29.137529,,,USD,0.50179,52.5,0.0,BTS,34.05,30.49,0.0,,FT Vest Nasdaq-100 Buffer ETF -,33.648,0.167999,0.50179,0.9,True,1624282200000,2,,,,,0.167999,1789761523,33.648,33.648,33.459 - 33.648,33.459,64651,33.48,200,500,us_market,finmb_711539882,Cboe US,FT Vest Nasdaq-100 Buffer ETF - June,33.52,77403,35740,[],3.157999,0.10357491,30.49 - 34.05,-0.40200043,-0.01180618,8.158148,0.0,29.266256,0.0,5.21357,-0.65243,-0.65243,715204350.0,PRE,1.14972,,,33.17356,0.4744377,0.014301682,32.642696,1.0053024,0.030797163,,15,0,America/New_York,EDT,-14400000,False,False,False,QJUN,,,,,,,,,,
Technology,technology,78,WTAI,WisdomTree Artificial Intelligence and Innovation Fund,https://finance.yahoo.com/research-hub/screener/sec-ind_sec-top-etfs_technology/,2026-09-21T11:41:36+00:00,en-US,US,ETF,ETF,Delayed Quote,False,LOW,1.29,22.58866,,,USD,1.75037,44.95,39.86,BTS,48.89,26.55,1.29,,WisdomTree Artificial Intellige,42.145,0.725002,1.75037,0.45,True,1639060200000,2,,,,,0.725002,1789761586,42.145,42.21,41.52 - 42.21,41.52,65619,41.42,800,1000,us_market,finmb_1685016160,Cboe US,WisdomTree Artificial Intelligence and Innovation Fund,41.75,331350,374800,[],15.595001,0.5873824,26.55 - 48.89,-6.744999,-0.13796276,44.977642,0.0,23.311598,0.0,39.97121,-7.54567,-7.54567,714667390.0,PRE,1.8078984,,,40.8521,1.2929001,0.031648315,35.94009,6.2049103,0.17264593,,15,0,America/New_York,EDT,-14400000,False,False,False,WTAI,,,,,,,,,,
Technology,technology,79,GTOP,Goldman Sachs Technology Opportunities ETF,https://finance.yahoo.com/research-hub/screener/sec-ind_sec-top-etfs_technology/,2026-09-21T11:41:36+00:00,en-US,US,ETF,ETF,Delayed Quote,False,LOW,0.0,30.911901,58.26423,21.70426,USD,0.698501,64.83,35.95,NGM,50.59,34.43,0.0,,Goldman Sachs Technology Opport,49.8659,0.13179779,0.26615062,0.65,True,1765204200000,2,,,,,0.34589767,1789761600,49.8659,49.8659,49.52 - 49.8659,49.52,11893,49.52,2,2,us_market,finmb_1958734165,NasdaqGM,Goldman Sachs Technology Opportunities ETF,49.79,13992,7040,[],15.435898,0.44832698,34.43 - 50.59,-0.724102,-0.014313146,24.668121,0.0,31.734442,0.0,22.9504,-1.11925,-1.11925,710450050.0,PRE,1.5713495,,,48.38836,1.4775391,0.03053501,43.51985,6.3460464,0.14581957,,15,0,America/New_York,EDT,-14400000,False,False,False,GTOP,,2025-12-08,,,,,,,,
Technology,technology,80,QDEC,FT Vest Nasdaq-100 Buffer ETF – December,https://finance.yahoo.com/research-hub/screener/sec-ind_sec-top-etfs_technology/,2026-09-21T11:41:36+00:00,en-US,US,ETF,ETF,Delayed Quote,False,LOW,0.0,29.137529,,,USD,-0.989558,0.0,34.52,BTS,36.45,30.513,0.0,,FT Vest Nasdaq-100 Buffer ETF -,36.01,-0.359901,-0.989558,0.9,True,1608561000000,2,,,,,-0.359901,1789761600,36.01,36.45,36.01 - 36.45,36.01,823164,36.3699,5800,500,us_market,finmb_689768902,Cboe US,FT Vest Nasdaq-100 Buffer ETF – December,36.37,39552,92970,[],5.496998,0.18015265,30.513 - 36.45,-0.44000244,-0.012071397,15.676201,0.0,28.960596,0.0,11.47692,1.62693,1.62693,702812350.0,PRE,1.2434136,,,35.7728,0.23719788,0.006630677,33.97862,2.0313797,0.05978406,,15,0,America/New_York,EDT,-14400000,False,False,False,QDEC,,,,,,,,,,
Technology,technology,81,IETC,iShares U.S. Tech Independence Focused ETF,https://finance.yahoo.com/research-hub/screener/sec-ind_sec-top-etfs_technology/,2026-09-21T11:41:36+00:00,en-US,US,ETF,ETF,Delayed Quote,False,LOW,0.38,31.786395,54.24748,29.78029,USD,1.23929,176.64,44.66,BTS,118.7,84.32,0.38,,iShares U.S. Tech Independence ,111.1,1.3600006,1.2392935,0.18,True,1521811800000,2,,,,,1.36,1789761599,111.1,111.1,110.055 - 111.1,110.055,11749,109.74,700,100,us_market,finmb_546021443,Cboe US,iShares U.S. Tech Independence Focused ETF,110.34,33531,15940,[],26.779999,0.3175996,84.32 - 118.7,-7.5999985,-0.064026944,7.1876526,0.0,32.341347,0.0,7.71931,-4.93913,-4.93913,698839170.0,PRE,3.435231,,,107.02188,4.0781174,0.038105454,101.929184,9.1708145,0.089972414,,15,0,America/New_York,EDT,-14400000,False,False,False,IETC,1530489600.0,,,,,,,,,
Technology,technology,82,FEPI,REX FANG & Innovation Equity Premium Income ETF,https://finance.yahoo.com/research-hub/screener/sec-ind_sec-top-etfs_technology/,2026-09-21T11:41:36+00:00,en-US,US,ETF,ETF,Delayed Quote,False,LOW,5.33,28.702641,,,USD,0.37620467,41.58,41.33,NGM,49.68,37.9,5.33,,REX FANG & Innovation Equity Pr,42.96,0.15999985,0.37620467,0.65,True,1697031000000,2,0.27000046,0.6324677,1789989936.0,42.96,0.15999985,1789761601,42.69,42.715,42.4482 - 42.715,42.4482,153352,42.53,2,1,us_market,finmb_1843173608,NasdaqGM,REX FANG & Innovation Equity Premium Income ETF,42.52,184057,168220,[],4.789997,0.12638514,37.9 - 49.68,-6.9900017,-0.14070052,-10.559398,0.0,28.967276,0.0,8.27529,-3.41482,-3.41482,697958140.0,PRE,1.4737319,,,41.54612,1.1438789,0.02753275,43.059246,-0.36924744,-0.008575334,,15,0,America/New_York,EDT,-14400000,False,False,False,FEPI,,2023-10-11,,,,,,,,
Technology,technology,83,EMEQ,Nomura Focused Emerging Markets Equity ETF,https://finance.yahoo.com/research-hub/screener/sec-ind_sec-top-etfs_technology/,2026-09-21T11:41:36+00:00,en-US,US,ETF,ETF,Delayed Quote,False,LOW,1.71,10.548523,,,USD,0.10484985,64.29,59.53,NGM,78.71,35.016,1.71,,Nomura Focused Emerging Markets,65.0181,0.12000275,0.18476175,0.85,True,1725543000000,2,,,,,0.068099976,1789761600,65.0181,65.08,64.39 - 65.08,64.39,67091,64.95,2,1,us_market,finmb_1884277054,NasdaqGM,Nomura Focused Emerging Markets Equity ETF,64.73,118026,101710,[],30.002098,0.85681117,35.016 - 78.71,-13.691902,-0.17395379,81.36629,0.0,10.592199,0.0,60.70985,-4.38571,-4.38571,624844990.0,PRE,6.1383,,,64.17976,0.83833313,0.013062266,55.585045,9.433052,0.16970485,,15,0,America/New_York,EDT,-14400000,False,False,False,EMEQ,,2024-09-05,,,,,,,,
Technology,technology,84,FNGS,MicroSectors FANG+ ETN,https://finance.yahoo.com/research-hub/screener/sec-ind_sec-top-etfs_technology/,2026-09-21T11:41:36+00:00,en-US,US,ETF,ETF,Delayed Quote,False,LOW,0.0,27.631943,,,USD,0.277679,82.0,0.0,PCX,81.81,56.7,0.0,,MicroSectors FANG  ETNs due Jan,81.11,0.224602,0.277679,0.58,True,1573655400000,2,,,,,0.224602,1789761600,81.11,81.11,80.38 - 81.11,80.38,6055,80.8854,200,900,us_market,finmb_644168140,NYSEArca,MicroSectors FANG+ ETN,80.7,25169,13650,[],24.41,0.43051144,56.7 - 81.81,-0.69999695,-0.008556374,13.886547,0.0,27.782658,0.0,18.27002,1.7789,1.7789,604311680.0,PRE,2.9194472,,,77.94916,3.160843,0.040550057,70.76222,10.347778,0.14623308,,15,0,America/New_York,EDT,-14400000,False,False,False,FNGS,,,1756125000.0,1756470600.0,1748433600.0,1748433600.0,False,,,
Technology,technology,85,XTL,State Street SPDR S&P Telecom ETF,https://finance.yahoo.com/research-hub/screener/sec-ind_sec-top-etfs_technology/,2026-09-21T11:41:36+00:00,en-US,US,ETF,ETF,Delayed Quote,False,LOW,1.26,15.857913,-1.09966,21.34666,USD,-0.271791,0.0,0.0,PCX,247.62,131.25,1.26,,State Street SPDR S&P Telecom E,205.48,-0.559998,-0.271791,0.35,True,1296138600000,2,,,,,-0.559998,1789761600,205.48,205.925,203.76 - 205.925,203.76,17762,206.04,100,100,us_market,finmb_118789342,NYSEArca,State Street SPDR S&P Telecom ETF,206.0,65111,24270,[],74.229996,0.5655619,131.25 - 247.62,-42.14,-0.17018011,44.85724,,15.509205,,38.09891,-11.57782,-11.57782,598791740.0,PRE,13.248906,,,211.5602,-6.0802,-0.028739812,197.8366,7.643402,0.038634926,,15,0,America/New_York,EDT,-14400000,False,False,False,XTL,,,,,,,,,,
Technology,technology,86,MSFU,Direxion Daily MSFT Bull 2X Shares,https://finance.yahoo.com/research-hub/screener/sec-ind_sec-top-etfs_technology/,2026-09-21T11:41:36+00:00,en-US,US,ETF,ETF,Delayed Quote,False,LOW,1.76,28.248588,,,USD,-1.8918176,36.78,36.34,NGM,58.89,19.47,1.76,,Direxion Daily MSFT Bull 2X ETF,37.2007,0.36849976,1.0008141,0.98,True,1662557400000,2,0.38069916,1.0339466,1789990833.0,37.2007,-0.7099991,1789761602,36.82,37.59,36.51 - 37.59,36.51,1465496,37.53,1,1,us_market,finmb_1796978555,NasdaqGM,Direxion Daily MSFT Bull 2X Shares,37.525,5751319,2064720,[],17.35,0.8911146,19.47 - 58.89,-22.07,-0.3747665,-28.86399,0.0,26.519966,0.0,-4.24037,19.0456,19.0456,597505860.0,PRE,1.3883879,,,33.49,3.329998,0.0994326,31.21325,5.6067505,0.17962725,,15,0,America/New_York,EDT,-14400000,False,False,False,MSFU,,,,,,,,,,
Technology,technology,87,QMAR,FT Vest Nasdaq-100 Buffer ETF – March,https://finance.yahoo.com/research-hub/screener/sec-ind_sec-top-etfs_technology/,2026-09-21T11:41:36+00:00,en-US,US,ETF,ETF,Delayed Quote,False,LOW,0.0,29.137529,,,USD,0.208986,59.48,0.0,BTS,38.12,31.91,0.0,,FT Vest Nasdaq-100 Buffer ETF -,38.1195,0.0794983,0.208986,0.9,True,1616419800000,2,,,,,0.0794983,1789760874,38.1195,38.1195,37.99 - 38.1195,37.99,2141,38.04,100,100,us_market,finmb_701684882,Cboe US,FT Vest Nasdaq-100 Buffer ETF – March,37.99,7579,3510,[],6.2094994,0.19459414,31.91 - 38.12,-0.00049972534,-1.3109269e-05,18.48445,0.0,29.321754,0.0,14.90909,1.60772,1.60772,593375420.0,PRE,1.3000416,,,37.46204,0.65745926,0.017550012,35.353664,2.7658348,0.078233324,,15,0,America/New_York,EDT,-14400000,False,False,False,QMAR,,,,,,,,,,
Technology,technology,88,TDVI,FT Vest Technology Dividend Target Income ETF,https://finance.yahoo.com/research-hub/screener/sec-ind_sec-top-etfs_technology/,2026-09-21T11:41:36+00:00,en-US,US,ETF,ETF,Nasdaq Real Time Price,False,LOW,6.09,22.168034,,,USD,-0.128208,0.0,0.0,BTS,35.567,25.63,6.09,,FT Vest Technology Dividend Tar,31.16,0.69999886,2.243586,0.75,True,1691674200000,2,,,,,-0.0400009,1789761600,31.16,31.28,30.95 - 31.28,30.95,140105,31.2,600,2700,us_market,finmb_1839866119,Cboe US,FT Vest Technology Dividend Target Income ETF,31.28,143958,229880,[],5.5300007,0.21576281,25.63 - 35.567,-4.4070015,-0.12390703,6.6757917,0.0,21.935724,0.0,19.76816,-5.88707,-5.88707,573877760.0,PRE,1.4205139,,,31.0598,0.10020065,0.003226056,29.729525,1.4304752,0.04811632,,15,0,America/New_York,EDT,-14400000,False,False,False,TDVI,,,,,,,,,,
Technology,technology,89,NXTG,First Trust IndXX NextG ETF,https://finance.yahoo.com/research-hub/screener/sec-ind_sec-top-etfs_technology/,2026-09-21T11:41:36+00:00,en-US,US,ETF,ETF,Delayed Quote,False,LOW,1.21,22.583559,28.35341,21.92018,USD,-0.5012831,150.19,149.8,NGM,167.58,101.01,1.21,,First Trust Indxx NextG ETF,154.7205,-0.7299957,-0.4694506,0.7,True,1298039400000,2,,,,,-0.77949524,1789761600,154.7205,154.77,153.9138 - 154.77,153.9138,2504,155.5,3,5,us_market,finmb_127365792,NasdaqGM,First Trust IndXX NextG ETF,154.26,8574,5340,[],53.710503,0.5317345,101.01 - 167.58,-12.859497,-0.076736465,47.43663,,22.910002,,42.59228,-3.53962,-3.53962,566284420.0,PRE,6.753404,,,150.5368,4.1837006,0.027791878,132.4015,22.319,0.1685706,,15,0,America/New_York,EDT,-14400000,False,False,False,NXTG,,,,,,,,,,
Technology,technology,90,TSMX,Direxion Daily TSM Bull 2X Shares,https://finance.yahoo.com/research-hub/screener/sec-ind_sec-top-etfs_technology/,2026-09-21T11:41:36+00:00,en-US,US,ETF,ETF,Delayed Quote,False,LOW,1.33,30.769231,,,USD,1.5700387,76.87,76.66,NGM,106.32,40.92,1.33,,Direxion Daily TSM Bull 2X ETF,84.4601,1.340004,1.6565754,0.99,True,1727962200000,2,2.230095,2.7120209,1789990713.0,84.4601,1.2700043,1789761600,82.16,82.5117,80.4 - 82.5117,80.4,278283,80.89,1,1,us_market,finmb_1891987499,NasdaqGM,Direxion Daily TSM Bull 2X Shares,80.56,687055,445310,[],41.240005,1.0078204,40.92 - 106.32,-24.159996,-0.22723849,81.60919,0.0,33.351807,0.0,54.84407,-9.32737,-9.32737,562800320.0,PRE,2.463435,,,77.43488,4.7251205,0.061020568,70.53172,11.628281,0.16486597,,15,0,America/New_York,EDT,-14400000,False,False,False,TSMX,,,,,,,,,,
Technology,technology,91,PTF,Invesco Dorsey Wright Technology Momentum ETF,https://finance.yahoo.com/research-hub/screener/sec-ind_sec-top-etfs_technology/,2026-09-21T11:41:36+00:00,en-US,US,ETF,ETF,Delayed Quote,False,LOW,0.01,36.751194,33.80513,18.03325,USD,3.4468884,105.96,105.24,NGM,139.65,66.48,0.01,,Invesco Dorsey Wright Technolog,105.07,3.4899979,3.4969919,0.6,True,1160659800000,2,1.7799988,1.7233021,1789989071.0,105.07,3.4399948,1789761600,103.24,103.34,100.555 - 103.34,100.555,93227,99.8,1,1,us_market,finmb_29597298,NasdaqGM,Invesco Dorsey Wright Technology Momentum ETF,100.84,140315,82240,[],36.759995,0.5529481,66.48 - 139.65,-36.409996,-0.26072323,34.357105,0.0,39.09927,0.0,26.89944,-24.69931,-24.69931,558932800.0,PRE,2.6404583,,,102.7512,0.48880005,0.0047571226,100.68455,2.5554504,0.02538076,,15,0,America/New_York,EDT,-14400000,False,False,False,PTF,1506643200.0,,,,,,,,,
Technology,technology,92,MSTU,T-Rex 2X Long MSTR Daily Target ETF,https://finance.yahoo.com/research-hub/screener/sec-ind_sec-top-etfs_technology/,2026-09-21T11:41:36+00:00,en-US,US,ETF,ETF,Nasdaq Real Time Price,False,LOW,0.0,6.146281499692686,,,USD,32.4104,0.0,45.26,BTS,591.0,14.6,0.88,,T-Rex 2X Long MSTR Daily Target,45.79,5.080002,12.478511,1.05,True,1726666200000,2,5.080002,12.478511,1789990888.0,45.79,9.95,1789761600,40.65,40.8,32.61 - 40.8,32.61,8272286,30.7,500,500,us_market,finmb_1889178620,Cboe US,T-Rex 2X Long MSTR Daily Target ETF,32.61,9562733,4986890,[],26.050001,1.7842466,14.6 - 591.0,-550.35,-0.9312182,-92.1068,0.0,51.40872,0.0,-60.42083,-46.15166,-46.15166,550507520.0,PRE,0.79072195,,,24.0406,16.609402,0.69088966,54.7729,-14.122898,-0.25784463,,15,0,America/New_York,EDT,-14400000,False,False,False,MSTU,,2024-09-18,,,,,,,,
Technology,technology,93,NVDU,Direxion Daily Nvda Bull 2X Shares,https://finance.yahoo.com/research-hub/screener/sec-ind_sec-top-etfs_technology/,2026-09-21T11:41:36+00:00,en-US,US,ETF,ETF,Nasdaq Real Time Price,False,LOW,1.71,27.932961,,,USD,2.2191052,174.64,102.22,NGM,172.89,86.02,1.71,,Direxion Daily NVDA Bull 2X ETF,141.5757,3.0099945,2.2191052,0.92,True,1694611800000,2,2.925705,2.110137,1789990327.0,141.5757,3.0099945,1789761601,138.65,139.38,134.16 - 139.38,134.16,180611,135.64,2,2,us_market,finmb_1791146321,NasdaqGM,Direxion Daily Nvda Bull 2X Shares,135.29,342584,242960,[],52.629997,0.61183447,86.02 - 172.89,-34.240005,-0.19804503,8.261108,0.0,27.999199,0.0,18.68512,1.79908,1.79908,532541472.0,PRE,4.951927,,,132.4202,6.2297974,0.047045674,123.16958,15.480415,0.12568375,,15,0,America/New_York,EDT,-14400000,False,False,False,NVDU,,2023-09-13,,,,,,,,
Technology,technology,94,IDGT,iShares U.S. Digital Infrastructure and Real Estate ETF,https://finance.yahoo.com/research-hub/screener/sec-ind_sec-top-etfs_technology/,2026-09-21T11:41:36+00:00,en-US,US,ETF,ETF,Delayed Quote,False,LOW,0.78,17.565431,-6.04611,41.83731,USD,-0.893476,120.99,0.0,PCX,133.05,82.45,0.78,USD,iShares U.S. Digital Infrastruc,114.25,-1.0299988,-0.89347565,0.37,True,998919000000,2,,,,,-1.03,1789761570,114.25,114.25,113.5423 - 114.25,113.5423,21411,115.28,200,200,us_market,finmb_8796617,NYSEArca,iShares U.S. Digital Infrastructure and Real Estate ETF,115.24,37274,20170,[],31.800003,0.38568833,82.45 - 133.05,-18.800003,-0.14130028,29.505777,0.88,17.30342,0.007633588,36.89294,-9.83719,-9.83719,516230560.0,PRE,6.6027412,,86.776,115.8728,-1.6228027,-0.014005036,106.7277,7.5223007,0.07048124,1.3166083,15,0,America/New_York,EDT,-14400000,False,False,False,IDGT,,,,,,,,,,
Technology,technology,95,XSW,State Street SPDR S&P Software & Services ETF,https://finance.yahoo.com/research-hub/screener/sec-ind_sec-top-etfs_technology/,2026-09-21T11:41:36+00:00,en-US,US,ETF,ETF,Delayed Quote,False,LOW,0.01,27.107617,38.9012,7.62797,USD,-1.32646,0.0,0.0,PCX,211.34,135.19,0.01,,State Street SPDR S&P Software ,197.13,-2.64999,-1.32646,0.35,True,1317303000000,2,,,,,-2.64999,1789761600,197.13,197.68,196.605 - 197.68,196.605,21065,199.78,100,100,us_market,finmb_141049102,NYSEArca,State Street SPDR S&P Software & Services ETF,200.27,48722,47880,[],61.940002,0.45817,135.19 - 211.34,-14.209991,-0.067237586,-3.951472,,25.463284,,11.95155,18.39263,18.39263,509260864.0,PRE,7.7417355,,,192.2362,4.893799,0.025457216,171.93645,25.193558,0.14652832,,15,0,America/New_York,EDT,-14400000,False,False,False,XSW,,,,,,,,,,
Technology,technology,96,QFLR,Innovator Nasdaq-100 Managed Floor ETF,https://finance.yahoo.com/research-hub/screener/sec-ind_sec-top-etfs_technology/,2026-09-21T11:41:36+00:00,en-US,US,ETF,ETF,Delayed Quote,False,LOW,0.0,28.328612,,,USD,0.355377,0.0,34.18,PCX,36.95,32.38,0.0,,Innovator Nasdaq-100 Managed Fl,35.6663,0.126301,0.355377,0.89,True,1706193000000,2,,,,,0.126301,1789760855,35.6663,35.6663,35.457 - 35.6663,35.457,29663,35.54,200,1000,us_market,finmb_1790584673,NYSEArca,Innovator Nasdaq-100 Managed Floor ETF,35.625,68895,55650,[],3.2863007,0.10149168,32.38 - 36.95,-1.283699,-0.034741517,8.509541,0.0,28.768534,0.0,2.67408,-4.18184,-4.18184,505740768.0,PRE,1.2397678,,,35.275,0.3913002,0.011092847,34.978813,0.68748856,0.019654429,,15,0,America/New_York,EDT,-14400000,False,False,False,QFLR,,,,,,,,,,
Technology,technology,97,PLTU,Direxion Daily PLTR Bull 2X Shares,https://finance.yahoo.com/research-hub/screener/sec-ind_sec-top-etfs_technology/,2026-09-21T11:41:36+00:00,en-US,US,ETF,ETF,Delayed Quote,False,LOW,2.04,59.988002,,,USD,1.3478698,43.78,33.34,NGM,128.035,21.04,2.04,,Direxion Daily PLTR Bull 2X ETF,52.28,0.6800003,1.3478698,0.97,True,1733927400000,2,1.1499977,2.2491643,1789990877.0,52.28,0.6800003,1789761601,51.13,51.25,47.971 - 51.25,47.971,767275,50.45,2,1,us_market,finmb_1901306127,NasdaqGM,Direxion Daily PLTR Bull 2X Shares,50.87,2331147,730220,[],30.09,1.430133,21.04 - 128.035,-76.905,-0.60065603,-48.468052,0.0,53.407394,0.0,-20.50647,21.97049,21.97049,505044480.0,PRE,0.9573581,,,43.1636,7.9664,0.18456292,48.0012,3.1287994,0.06518169,,15,0,America/New_York,EDT,-14400000,False,False,False,PLTU,,2024-12-11,,,,,,,,
Technology,technology,98,TECB,iShares U.S. Tech Breakthrough Multisector ETF,https://finance.yahoo.com/research-hub/screener/sec-ind_sec-top-etfs_technology/,2026-09-21T11:41:36+00:00,en-US,US,ETF,ETF,Delayed Quote,False,LOW,0.28,29.612082,,,USD,-0.453131,119.98,0.0,PCX,77.38,53.33,0.28,,iShares U.S. Tech Breakthrough ,76.89,-0.349998,-0.453131,0.3,True,1578925800000,2,,,,,-0.349998,1789761591,76.89,76.89,76.52 - 76.89,76.52,8339,77.24,400,100,us_market,finmb_640022235,NYSEArca,iShares U.S. Tech Breakthrough Multisector ETF,76.71,8509,6280,[],23.559998,0.44177756,53.33 - 77.38,-0.48999786,-0.0063323583,25.065063,0.0,29.766937,0.0,25.7637,4.32955,4.32955,504843008.0,PRE,2.5830672,,,73.51616,3.3738403,0.0458925,65.38328,11.5067215,0.17598875,,15,0,America/New_York,EDT,-14400000,False,False,False,TECB,,,,,,,,,,
Technology,technology,99,PSCT,Invesco S&P SmallCap Information Technology ETF,https://finance.yahoo.com/research-hub/screener/sec-ind_sec-top-etfs_technology/,2026-09-21T11:41:36+00:00,en-US,US,ETF,ETF,Delayed Quote,False,LOW,0.01,29.282577,20.70947,26.49565,USD,0.6000271,82.5,82.23,NGM,92.45,51.14,0.01,,Invesco S&P SmallCap Informatio,78.8,0.47000122,0.6000271,0.29,True,1270647000000,2,,,,,0.47000122,1789761601,78.8,78.82,78.06 - 78.82,78.06,9500,78.33,2,2,us_market,finmb_100588928,NasdaqGM,Invesco S&P SmallCap Information Technology ETF,78.51,41892,60250,[],27.660004,0.5408683,51.14 - 92.45,-13.649994,-0.14764732,46.278072,0.0,29.943771,0.0,36.17247,-9.42642,-9.42642,483967808.0,PRE,2.6315992,,,79.6548,-0.85479736,-0.010731272,71.3443,7.4557037,0.10450315,,15,0,America/New_York,EDT,-14400000,False,False,False,PSCT,1506643200.0,,,,,,,,,
Technology,technology,100,THNQ,Robo Global Artificial Intelligence ETF,https://finance.yahoo.com/research-hub/screener/sec-ind_sec-top-etfs_technology/,2026-09-21T11:41:36+00:00,en-US,US,ETF,ETF,Delayed Quote,False,LOW,0.14,34.258308,,,USD,-0.0550818,143.54,40.43,PCX,94.58,55.58,0.14,,ROBO Global Artificial Intellig,92.0,-0.0506973,-0.0550818,0.68,True,1589808600000,2,0.010696411,0.0116278855,1789988418.0,92.0,-0.0506973,1789761496,91.9893,91.99,91.19 - 91.99,91.19,28482,92.04,600,100,us_market,finmb_612287406,NYSEArca,Robo Global Artificial Intelligence ETF,92.62,23834,21280,[],36.4093,0.6550792,55.58 - 94.58,-2.5906982,-0.027391607,40.398346,0.0,34.609524,0.0,43.10887,1.89313,1.89313,447954656.0,PRE,2.6579187,,,88.47078,3.5185242,0.039770465,75.030106,16.959198,0.22603191,,15,0,America/New_York,EDT,-14400000,False,False,False,THNQ,,,,,,,,,,
Technology,technology,101,TTEQ,T. Rowe Price Technology ETF,https://finance.yahoo.com/research-hub/screener/sec-ind_sec-top-etfs_technology/,2026-09-21T11:41:36+00:00,en-US,US,ETF,ETF,Delayed Quote,False,LOW,0.0,33.795201,,,USD,1.0285461,45.03,38.83,NGM,45.76,28.69,0.0,,T. Rowe Price Technology ETF,42.8159,0.3600006,0.8494587,0.63,True,1729776600000,2,,,,,0.43589783,1789761600,42.8159,42.8159,42.33 - 42.8159,42.33,54018,42.38,2,2,us_market,finmb_1883267023,NasdaqGM,T. Rowe Price Technology ETF,42.62,102911,72300,[],14.125898,0.49236313,28.69 - 45.76,-2.9440994,-0.06433784,31.786144,0.0,34.942574,0.0,27.85318,-5.83826,-5.83826,447695168.0,PRE,1.2253219,,,41.2316,1.5842972,0.038424343,37.1223,5.6935997,0.1533741,,15,0,America/New_York,EDT,-14400000,False,False,False,TTEQ,,2024-10-24,,,,,,,,
Technology,technology,102,LRND,NYLI U.S. Large Cap R&D Leaders ETF,https://finance.yahoo.com/research-hub/screener/sec-ind_sec-top-etfs_technology/,2026-09-21T11:41:36+00:00,en-US,US,ETF,ETF,Nasdaq Real Time Price,False,LOW,0.4,28.595939,,,USD,0.8890357,57.15,37.61,NGM,47.63,35.87,0.4,,NYLI U.S. Large Cap R&D Leaders,46.8226,0.29999924,0.64641076,0.14,True,1644330600000,2,,,,,0.41260147,1789761600,46.8226,46.8226,46.61 - 46.8226,46.61,3185,46.41,2,2,us_market,finmb_1686804534,NasdaqGM,NYLI U.S. Large Cap R&D Leaders ETF,46.615,38392,71190,[],10.952602,0.3053416,35.87 - 47.63,-0.80739975,-0.016951496,16.278435,0.0,28.845818,0.0,14.1504,1.58734,1.58734,446762880.0,PRE,1.6232024,,,45.81476,1.007843,0.021998217,42.437317,4.3852844,0.103335574,,15,0,America/New_York,EDT,-14400000,False,False,False,LRND,,2022-10-18,,,,,,,,
Technology,technology,103,AIPI,REX AI Equity Premium Income ETF,https://finance.yahoo.com/research-hub/screener/sec-ind_sec-top-etfs_technology/,2026-09-21T11:41:36+00:00,en-US,US,ETF,ETF,Delayed Quote,False,LOW,8.52,31.908105,,,USD,0.17847997,36.99,36.71,NGM,45.08,32.21,8.52,,REX AI Equity Premium Income ET,37.1754,0.06600189,0.17847997,0.65,True,1717507800000,2,0.12939835,0.349291,1789990321.0,37.1754,0.06600189,1789761600,37.046,37.14,36.8346 - 37.14,36.8346,142780,36.98,2,2,us_market,finmb_1875508987,NasdaqGM,REX AI Equity Premium Income ETF,37.1,156765,187260,[],4.8360023,0.15013978,32.21 - 45.08,-8.034,-0.1782165,-14.381504,0.0,31.547045,0.0,15.64632,4.3585,4.3585,441253024.0,PRE,1.1743097,,,36.34318,0.7028198,0.019338423,37.19265,-0.1466484,-0.0039429404,,15,0,America/New_York,EDT,-14400000,False,False,False,AIPI,,2024-06-04,,,,,,,,
Technology,technology,104,NVDX,T-Rex 2X Long NVIDIA Daily Target ETF,https://finance.yahoo.com/research-hub/screener/sec-ind_sec-top-etfs_technology/,2026-09-21T11:41:36+00:00,en-US,US,ETF,ETF,Nasdaq Real Time Price,False,LOW,0.0,27.932961,,,USD,2.39459,0.0,0.0,BTS,24.72,12.41,0.0,,T-Rex 2X Long NVIDIA Daily Targ,20.0,0.35000038,1.7811725,1.05,True,1697722200000,2,0.35000038,1.7811725,1789990891.0,20.0,0.460001,1789761600,19.67,19.76,18.96 - 19.76,18.96,4151646,19.21,3600,1900,us_market,finmb_1837428537,Cboe US,T-Rex 2X Long NVIDIA Daily Target ETF,19.16,6203866,4535680,[],7.26,0.58501214,12.41 - 24.72,-5.049999,-0.204288,5.6958675,0.0,28.018427,0.0,14.41074,0.6157,0.6157,431289024.0,PRE,0.702038,,,18.8138,0.85619926,0.045509107,17.69165,1.9783497,0.11182392,,15,0,America/New_York,EDT,-14400000,False,False,False,NVDX,,,,,,,,,,
Technology,technology,105,EUV,Corgi Lithography & Semiconductor Photonics ETF,https://finance.yahoo.com/research-hub/screener/sec-ind_sec-top-etfs_technology/,2026-09-21T11:41:36+00:00,en-US,US,ETF,ETF,Nasdaq Real Time Price,False,LOW,,,,,USD,3.19195,0.0,24.2,BTS,32.0,20.61,,,Corgi Lithography & Semiconduct,24.2,0.6150017,2.6075969,0.35,True,1778074200000,2,0.6150017,2.6075969,1789989873.0,24.2,0.73,1789761600,23.6,23.6,23.05 - 23.6,23.05,418824,22.87,1300,100,us_market,finmb_1992790722,Cboe US,Corgi Lithography & Semiconductor Photonics ETF,23.12,953520,479130,[],2.9899998,0.14507519,20.61 - 32.0,-8.4,-0.2625,-10.909778,,46.19587,,,-13.38384,-13.38384,425545664.0,PRE,0.5108682,,,24.435,-0.8349991,-0.034172256,26.03734,-2.4373398,-0.0936094,,15,0,America/New_York,EDT,-14400000,False,False,False,EUV,,,,,,,,,,
Technology,technology,106,KSTR,KraneShares China Technology & Semiconductor STAR 50 Index ETF,https://finance.yahoo.com/research-hub/screener/sec-ind_sec-top-etfs_technology/,2026-09-21T11:41:36+00:00,en-US,US,ETF,ETF,Delayed Quote,False,LOW,0.0,44.722719,,,USD,2.54021,24.34,0.0,PCX,32.54,17.23,0.0,,KraneShares China Technology & ,24.3,0.074998856,0.30959278,0.89,True,1612189800000,2,0.07999992,0.33030522,1789989491.0,24.3,0.599998,1789761600,24.22,24.29,24.02 - 24.29,24.02,581959,23.62,600,1000,us_market,finmb_694622031,NYSEArca,KraneShares China Technology & Semiconductor STAR 50 Index ETF,24.1,961676,938940,[],6.99,0.40568775,17.23 - 32.54,-8.320002,-0.25568536,29.865955,0.0,44.685814,0.0,31.5903,-3.09647,-3.09647,419909824.0,PRE,0.54200643,,,24.5602,-0.34020042,-0.013851696,22.482695,1.7373047,0.077272974,,15,0,America/New_York,EDT,-14400000,False,False,False,KSTR,,,,,,,,,,
Technology,technology,107,IQQQ,ProShares Nasdaq-100 High Income ETF,https://finance.yahoo.com/research-hub/screener/sec-ind_sec-top-etfs_technology/,2026-09-21T11:41:36+00:00,en-US,US,ETF,ETF,Delayed Quote,False,LOW,1.75,29.21414,,,USD,0.48122656,52.9,44.9,NGM,51.66,40.43,1.75,,ProShares Nasdaq-100 High Incom,48.45,0.2650032,0.5499133,0.55,True,1710941400000,2,-0.005001068,-0.0103210565,1789988412.0,48.45,0.23190308,1789761600,48.4219,48.455,47.79 - 48.455,47.79,34588,48.19,2,2,us_market,finmb_1871400366,NasdaqGM,ProShares Nasdaq-100 High Income ETF,47.79,47553,38580,[],7.9919014,0.19767256,40.43 - 51.66,-3.2380981,-0.06268095,9.452987,0.0,29.275747,0.0,13.59205,-3.64884,-3.64884,406803456.0,PRE,1.6539937,,,48.0638,0.3581009,0.007450532,46.465816,1.9560852,0.042097297,,15,0,America/New_York,EDT,-14400000,False,False,False,IQQQ,,2024-03-20,,,,,,,,
Technology,technology,108,YMAX,YieldMax Universe Fund of Option Income ETFs,https://finance.yahoo.com/research-hub/screener/sec-ind_sec-top-etfs_technology/,2026-09-21T11:41:36+00:00,en-US,US,ETF,ETF,Nasdaq Real Time Price,False,LOW,44.58,33.211558,,,USD,2.27882,0.0,7.63,PCX,13.15,7.19,37.74,,YieldMax Universe Fund of Optio,7.67,0.055000305,0.72226274,1.33,True,1705501800000,2,0.055000305,0.72226274,1789990809.0,7.67,0.17,1789761600,7.63,7.63,7.45 - 7.63,7.45,1215321,7.46,1800,4000,us_market,finmb_1864182167,NYSEArca,YieldMax Universe Fund of Option Income ETFs,7.45,1285457,999510,[],0.44000006,0.061196115,7.19 - 13.15,-5.5199995,-0.41977185,-41.26251,0.0,31.361906,0.0,5.32781,-1.79789,-1.79789,384902016.0,PRE,0.24328879,,,7.5812,0.04879999,0.0064369743,8.52005,-0.89004993,-0.10446534,,15,0,America/New_York,EDT,-14400000,False,False,False,YMAX,,,,,,,,,,
Technology,technology,109,CLOU,Global X Cloud Computing ETF,https://finance.yahoo.com/research-hub/screener/sec-ind_sec-top-etfs_technology/,2026-09-21T11:41:36+00:00,en-US,US,ETF,ETF,Delayed Quote,False,LOW,0.0,32.289312,,,USD,-1.834864,27.21,27.12,NGM,29.29,17.52,0.0,,Global X Cloud Computing ETF,27.82,-0.52000046,-1.834864,0.68,True,1555421400000,2,0.0,0.0,1789988724.0,27.82,-0.52000046,1789761601,27.82,28.4,27.72 - 28.4,27.72,127027,28.34,1,1,us_market,finmb_605361338,NasdaqGM,Global X Cloud Computing ETF,28.4,395814,237390,[],10.299999,0.5878995,17.52 - 29.29,-1.4700012,-0.05018782,16.013348,,31.168934,,27.43363,18.51852,18.51852,382466336.0,PRE,0.89255536,,,26.5677,1.2523003,0.047136195,22.61768,5.20232,0.23001122,,15,0,America/New_York,EDT,-14400000,False,False,False,CLOU,,,,,,,,,,
Technology,technology,110,PTIR,GraniteShares 2x Long PLTR Daily ETF,https://finance.yahoo.com/research-hub/screener/sec-ind_sec-top-etfs_technology/,2026-09-21T11:41:36+00:00,en-US,US,ETF,ETF,Delayed Quote,False,LOW,,,,,USD,1.38298,20.46,15.82,NGM,40.78,7.845,0.0,,GraniteShares 2x Long PLTR Dail,19.45,0.31000137,1.6264501,1.04,True,1725456600000,2,0.3900013,2.046177,1789990863.0,19.45,0.26000023,1789761601,19.06,19.1,17.8899 - 19.1,17.8899,2791021,18.8,1,2,us_market,finmb_1788295145,NasdaqGM,GraniteShares 2x Long PLTR Daily ETF,18.9,4701626,2968430,[],11.215,1.429573,7.845 - 40.78,-21.72,-0.53261405,-39.39587,0.0,4.0361876,0.0,-19.7979,21.89989,21.89989,380889248.0,PRE,4.7222776,,,16.0894,2.9706001,0.18463089,17.60905,1.4509487,0.08239789,,15,0,America/New_York,EDT,-14400000,False,False,False,PTIR,,2024-09-04,,,,,,,,
Technology,technology,111,QQQH,NEOS Nasdaq-100 Hedged Equity Income ETF,https://finance.yahoo.com/research-hub/screener/sec-ind_sec-top-etfs_technology/,2026-09-21T11:41:36+00:00,en-US,US,ETF,ETF,Nasdaq Real Time Price,False,LOW,8.98,29.265438,,,USD,0.29197052,70.52,39.39,NGM,56.76,50.08,8.98,,NEOS Nasdaq-100 Hedged Equity I,54.96,0.2800026,0.51095366,0.68,True,1576852200000,2,,,,,0.15999985,1789761600,54.96,55.08,54.69 - 55.08,54.69,48996,54.8,2,2,us_market,finmb_640430391,NasdaqGM,NEOS Nasdaq-100 Hedged Equity Income ETF,54.75,30182,26820,[],4.8799973,0.09744403,50.08 - 56.76,-1.7999992,-0.03171246,0.4294157,0.0,29.517864,0.0,7.13655,-0.47891,-0.47891,380480480.0,PRE,1.8619233,,,54.55744,0.40255737,0.007378597,54.330154,0.62984467,0.011592912,,15,0,America/New_York,EDT,-14400000,False,False,False,QQQH,,,,,,,,,,
Technology,technology,112,WCLD,WisdomTree Cloud Computing Fund,https://finance.yahoo.com/research-hub/screener/sec-ind_sec-top-etfs_technology/,2026-09-21T11:41:36+00:00,en-US,US,ETF,ETF,Delayed Quote,False,LOW,0.0,36.114121,,,USD,-1.9970767,38.29,38.15,NGM,43.54,23.89,0.0,,WisdomTree Cloud Computing Fund,40.1,-0.8199997,-1.9970767,0.45,True,1567776600000,2,-0.1400032,-0.34792048,1789989434.0,40.1,-0.8199997,1789761600,40.24,41.11,40.115 - 41.11,40.115,516951,41.06,2,2,us_market,finmb_626854199,NasdaqGM,WisdomTree Cloud Computing Fund,41.11,840500,724880,[],16.350002,0.6843869,23.89 - 43.54,-3.2999992,-0.07579236,9.11063,,33.659893,,23.26976,31.02088,31.02088,366981408.0,PRE,1.1954881,,,38.31048,1.9295235,0.050365422,32.385014,7.854988,0.24255009,,15,0,America/New_York,EDT,-14400000,False,False,False,WCLD,,,,,,,,,,
Technology,technology,113,NJAN,Innovator Growth-100 Power Buffer ETF - January,https://finance.yahoo.com/research-hub/screener/sec-ind_sec-top-etfs_technology/,2026-09-21T11:41:36+00:00,en-US,US,ETF,ETF,Nasdaq Real Time Price,False,LOW,0.0,29.137529,,,USD,0.180209,95.81,24.23,BTS,60.26,52.21,0.0,,Innovator Growth-100 Power Buff,60.26,0.108398,0.180209,0.79,True,1577975400000,2,,,,,0.108398,1789761303,60.26,60.26,60.12 - 60.26,60.12,8340,60.1516,200,200,us_market,finmb_645531615,Cboe US,Innovator Growth-100 Power Buffer ETF - January,60.01,13228,13090,[],8.049999,0.15418501,52.21 - 60.26,0.0,0.0,13.473309,0.0,29.276821,0.0,9.30808,1.705,1.705,353842240.0,PRE,2.0582836,,,59.32336,0.9366379,0.015788686,56.8471,3.412899,0.060036466,,15,0,America/New_York,EDT,-14400000,False,False,False,NJAN,,,,,,,,,,
Technology,technology,114,FFUT,Fidelity Managed Futures ETF,https://finance.yahoo.com/research-hub/screener/sec-ind_sec-top-etfs_technology/,2026-09-21T11:41:36+00:00,en-US,US,ETF,ETF,Nasdaq Real Time Price,False,LOW,0.7,26.034887,,,USD,0.5419611,76.54,42.48,NGM,66.61,51.68,0.7,,Fidelity Managed Futures ETF,64.93,0.41999817,0.6503533,0.8,True,1749130200000,2,,,,,0.34999847,1789761600,64.93,65.0,64.565 - 65.0,64.565,18827,64.58,2,1,us_market,finmb_1939182838,NasdaqGM,Fidelity Managed Futures ETF,64.565,37579,27130,[],13.25,0.25638545,51.68 - 66.61,-1.6800003,-0.025221443,24.458504,0.0,27.324875,0.0,15.27904,3.74686,3.74686,352098560.0,PRE,2.376223,,,61.56796,3.3620415,0.054607,58.01046,6.9195404,0.11928091,,15,0,America/New_York,EDT,-14400000,False,False,False,FFUT,,,,,,,,,,
Technology,technology,115,QNDX,State Street SPDR Portfolio Nasdaq 100 ETF,https://finance.yahoo.com/research-hub/screener/sec-ind_sec-top-etfs_technology/,2026-09-21T11:41:36+00:00,en-US,US,EQUITY,Equity,Delayed Quote,False,LOW,,,,,USD,0.6175365,24.31,24.26,NGM,24.98,22.4,,,State Street SPDR Portfolio Nas,24.6792,0.14999962,0.6175365,,True,1782307800000,2,0.23919868,0.978718,1789990471.0,24.6792,0.14999962,1789761601,24.44,24.44,24.234 - 24.44,24.234,287766,24.29,1,1,us_market,finmb_1996249462,NasdaqGM,State Street SPDR Portfolio Nasdaq 100 ETF,24.355,511544,354380,[],2.040001,0.09107147,22.4 - 24.98,-0.539999,-0.021617254,1.6638994,,29.401518,,,,,,PRE,0.8312496,,,24.049,0.39100075,0.016258504,24.098032,0.34196854,0.014190725,,15,0,America/New_York,EDT,-14400000,False,False,False,QNDX,,2026-06-24,,,,,,SPDR Series Trust - State Street SPDR Nasdaq 100 ETF,2026-09-21,
Technology,technology,116,WQTM,WisdomTree Quantum Computing Fund,https://finance.yahoo.com/research-hub/screener/sec-ind_sec-top-etfs_technology/,2026-09-21T11:41:36+00:00,en-US,US,ETF,ETF,Delayed Quote,False,LOW,,,,,USD,-0.902299,0.0,31.8,BTS,41.375,23.18,,,WisdomTree Quantum Computing Fu,31.85,0.0,0.0,0.45,True,1760016600000,2,,,,,-0.289999,1789761600,31.85,32.34,31.4 - 32.34,31.4,123178,32.14,300,600,us_market,finmb_1954599363,Cboe US,WisdomTree Quantum Computing Fund,32.34,242919,177950,[],8.67,0.37402934,23.18 - 41.375,-9.525,-0.23021147,5.150211,0.0,27.234795,0.0,24.02057,-18.43939,-18.43939,336713376.0,PRE,1.1694599,,,32.5061,-0.6560993,-0.020183884,30.655754,1.1942463,0.038956676,,15,0,America/New_York,EDT,-14400000,False,False,False,WQTM,,,,,,,,,,
Technology,technology,117,TDAQ,TappAlpha Innovation 100 Growth & Daily Income ETF,https://finance.yahoo.com/research-hub/screener/sec-ind_sec-top-etfs_technology/,2026-09-21T11:41:36+00:00,en-US,US,ETF,ETF,Delayed Quote,False,LOW,,,,,USD,0.676693,0.0,26.92,BTS,29.51,22.701,,,TappAlpha Innovation 100 Growth,26.93,0.16320038,0.609933,0.83,True,1756992600000,2,0.14999962,0.5601181,1789982528.0,26.93,0.18,1789761600,26.78,26.78,26.53 - 26.78,26.53,366105,26.6,300,800,us_market,finmb_1861876258,Cboe US,TappAlpha Innovation 100 Growth & Daily Income ETF,26.6,316720,447110,[],4.0790005,0.17968373,22.701 - 29.51,-2.7299995,-0.092511,2.0968318,0.0,28.964478,0.0,15.78814,-2.73249,-2.73249,328553568.0,PRE,0.9245808,,,26.8159,-0.035900116,-0.0013387622,26.3973,0.38269997,0.014497694,,15,0,America/New_York,EDT,-14400000,False,False,False,TDAQ,,,,,,,,,,
Technology,technology,118,LYTE,Roundhill Photonics & Optics ETF,https://finance.yahoo.com/research-hub/screener/sec-ind_sec-top-etfs_technology/,2026-09-21T11:41:36+00:00,en-US,US,ETF,ETF,Delayed Quote,False,LOW,,,,,USD,4.08406,26.67,26.8,BTS,28.91,22.57,,,Roundhill Photonics & Optics ET,26.87,0.62999916,2.3999968,0.65,True,1786023000000,2,0.62000084,2.361908,1789989919.0,26.87,1.03,1789761600,26.25,26.29,25.69 - 26.29,25.69,942042,25.22,1000,1400,us_market,finmb_2002849447,Cboe US,Roundhill Photonics & Optics ETF,25.94,2331619,1982520,[],3.6800003,0.16304831,22.57 - 28.91,-2.6599998,-0.09200968,3.591156,0.0,56.69508,0.0,,,,317558816.0,PRE,0.46300313,,,25.056452,1.1935482,0.047634367,25.056452,1.1935482,0.047634367,,15,0,America/New_York,EDT,-14400000,False,False,False,LYTE,,,,,,,,,,
Technology,technology,119,XQQI,NEOS Boosted Nasdaq-100 High Income ETF,https://finance.yahoo.com/research-hub/screener/sec-ind_sec-top-etfs_technology/,2026-09-21T11:41:36+00:00,en-US,US,ETF,ETF,Delayed Quote,False,LOW,,,,,USD,0.7871216,63.73,35.77,NGM,54.7,41.68,,,NEOS Boosted Nasdaq-100 High In,49.11,0.40999985,0.84085286,0.98,True,1770129000000,2,-0.05999756,-0.12202066,1789990030.0,49.11,0.3838005,1789761600,49.1438,49.2,48.615 - 49.2,48.615,251603,48.76,2,2,us_market,finmb_1965564625,NasdaqGM,NEOS Boosted Nasdaq-100 High Income ETF,48.98,275877,268760,[],7.4637985,0.17907386,41.68 - 54.7,-5.556202,-0.1015759,-0.26385188,0.0,29.089123,0.0,,-3.47652,-3.47652,314357056.0,PRE,1.6894218,,,48.7524,0.39139938,0.00802831,49.045887,0.097911835,0.0019963311,,15,0,America/New_York,EDT,-14400000,False,False,False,XQQI,,2026-02-03,,,,,,,,
Technology,technology,120,GARY,Mango Growth ETF,https://finance.yahoo.com/research-hub/screener/sec-ind_sec-top-etfs_technology/,2026-09-21T11:41:36+00:00,en-US,US,ETF,ETF,Delayed Quote,False,LOW,,,,,USD,0.6079847,34.39,19.39,NGM,28.04,20.133,,,Mango Growth ETF,26.9729,-0.019899368,-0.07422395,0.77,True,1766413800000,2,,,,,0.1630001,1789761600,26.9729,26.9729,26.74 - 26.9729,26.74,5299,26.8099,2,2,us_market,finmb_1964319675,NasdaqGM,Mango Growth ETF,26.74,9682,2990,[],6.839901,0.3397358,20.133 - 28.04,-1.0671005,-0.038056366,33.65542,0.0,34.726143,0.0,33.94359,3.47859,3.47859,298723840.0,PRE,0.77673185,,,26.52488,0.44802094,0.016890593,24.125,2.8479004,0.118047684,,15,0,America/New_York,EDT,-14400000,False,False,False,GARY,,2025-12-22,,,,,,,,
Technology,technology,121,FDTX,Fidelity Disruptive Technology ETF,https://finance.yahoo.com/research-hub/screener/sec-ind_sec-top-etfs_technology/,2026-09-21T11:41:36+00:00,en-US,US,ETF,ETF,Delayed Quote,False,LOW,0.0,34.00204,,,USD,1.0785586,69.83,39.67,NGM,62.47,34.84,0.0,,Fidelity Disruptive Technology ,55.7145,0.5699997,1.0341069,0.5,True,1686576600000,2,,,,,0.5945015,1789761600,55.7145,55.7145,55.0493 - 55.7145,55.0493,34276,55.12,2,2,us_market,finmb_647865789,NasdaqGM,Fidelity Disruptive Technology ETF,55.63,45682,28630,[],20.8745,0.5991533,34.84 - 62.47,-6.755501,-0.10813992,35.2273,0.0,34.771305,0.0,33.68045,1.0995,1.0995,287904800.0,PRE,1.6023127,,,53.47778,2.236721,0.041825242,46.573013,9.141487,0.19628292,,15,0,America/New_York,EDT,-14400000,False,False,False,FDTX,,2023-06-12,,,,,,,,
Technology,technology,122,QTOP,iShares Nasdaq Top 30 Stocks ETF,https://finance.yahoo.com/research-hub/screener/sec-ind_sec-top-etfs_technology/,2026-09-21T11:41:36+00:00,en-US,US,ETF,ETF,Delayed Quote,False,LOW,0.34,29.559563,,,USD,0.765484,37.55,37.45,NGM,39.415,28.71,0.34,,iShares Nasdaq Top 30 Stocks ET,38.58,0.29000092,0.76760435,0.2,True,1729776600000,2,0.51000214,1.3396431,1789988916.0,38.58,0.28919983,1789761600,38.0692,38.08,37.72 - 38.08,37.72,72099,37.78,1,1,us_market,finmb_1893492802,NasdaqGM,iShares Nasdaq Top 30 Stocks ETF,37.9369,128560,116140,[],9.3592,0.32599095,28.71 - 39.415,-1.3458023,-0.03414442,21.898819,0.0,30.16914,0.0,16.87281,-4.4497,-4.4497,281859904.0,PRE,1.2618589,,,37.07508,0.99411774,0.026813636,34.587494,3.4817047,0.10066369,,15,0,America/New_York,EDT,-14400000,False,False,False,QTOP,,2024-10-24,,,,,,,,
Technology,technology,123,TDV,ProShares S&P Technology Dividend Aristocrats ETF,https://finance.yahoo.com/research-hub/screener/sec-ind_sec-top-etfs_technology/,2026-09-21T11:41:36+00:00,en-US,US,ETF,ETF,Nasdaq Real Time Price,False,LOW,1.03,25.28445,,,USD,0.131014,158.09,39.97,BTS,106.7,81.52,1.03,,ProShares S&P Technology Divide,99.4301,0.130096,0.131014,0.45,True,1573137000000,2,,,,,0.130096,1789761561,99.4301,99.4301,99.0 - 99.4301,99.0,5839,99.3,400,500,us_market,finmb_638219916,Cboe US,ProShares S&P Technology Dividend Aristocrats ETF,99.24,5544,5080,[],17.910103,0.21970196,81.52 - 106.7,-7.2698975,-0.068134,12.834776,0.0,24.652674,0.0,18.49257,-1.88886,-1.88886,277380800.0,PRE,4.033238,,,100.5402,-1.1100998,-0.0110413525,94.69227,4.737831,0.05003398,,15,0,America/New_York,EDT,-14400000,False,False,False,TDV,,,,,,,,,,
Technology,technology,124,FRWD,Nomura Transformational Technologies ETF,https://finance.yahoo.com/research-hub/screener/sec-ind_sec-top-etfs_technology/,2026-09-21T11:41:36+00:00,en-US,US,ETF,ETF,Nasdaq Real Time Price,False,LOW,,,,,USD,1.471997,34.84,30.03,NGM,34.75,21.568,,,Nomura Transformational Technol,31.71,0.45999908,1.471997,0.65,True,1768314600000,2,,,,,0.45999908,1789761602,31.71,31.71,31.36 - 31.71,31.36,7291,31.25,2,2,us_market,finmb_1970063216,NasdaqGM,Nomura Transformational Technologies ETF,31.36,49904,20100,[],10.141998,0.4702336,21.568 - 34.75,-3.040001,-0.08748204,27.298271,0.0,31.640589,0.0,,-1.96379,-1.96379,276454976.0,PRE,1.0021937,,,31.6122,0.0977993,0.0030937202,28.651482,3.0585175,0.10674901,,15,0,America/New_York,EDT,-14400000,False,False,False,FRWD,,2026-01-13,,,,,,,,
Technology,technology,125,NJUL,Innovator Nasdaq-100 Power Buffer ETF - July,https://finance.yahoo.com/research-hub/screener/sec-ind_sec-top-etfs_technology/,2026-09-21T11:41:36+00:00,en-US,US,ETF,ETF,Delayed Quote,False,LOW,0.0,29.137529,,,USD,0.3163,120.76,0.0,BTS,84.73,69.85,0.0,,Innovator Growth-100 Power Buff,77.3871,0.244003,0.3163,0.79,True,1593696600000,2,,,,,0.244003,1789760102,77.3871,77.3871,77.145 - 77.3871,77.145,1910,77.1431,300,500,us_market,finmb_667862448,Cboe US,Innovator Nasdaq-100 Power Buffer ETF - July,77.24,26231,5410,[],7.5371017,0.10790411,69.85 - 84.73,-7.342903,-0.086662374,8.720148,0.0,29.25362,0.0,5.99647,0.02089,0.02089,273633856.0,PRE,2.6453855,,,76.43148,0.9556198,0.012502961,74.74577,2.641327,0.035337474,,15,0,America/New_York,EDT,-14400000,False,False,False,NJUL,,,,,,,,,,
Technology,technology,126,TRFM,AAM Transformers ETF,https://finance.yahoo.com/research-hub/screener/sec-ind_sec-top-etfs_technology/,2026-09-21T11:41:36+00:00,en-US,US,ETF,ETF,Delayed Quote,False,LOW,0.14,30.330604,,,USD,0.0,90.47,0.0,PCX,64.5,43.76,0.14,,AAM Transformers ETF,57.98,0.0,0.0,0.49,True,1657632600000,2,,,,,0.0,1789761586,57.98,57.98,57.67 - 57.98,57.67,60612,57.98,1700,800,us_market,finmb_1785209264,NYSEArca,AAM Transformers ETF,58.17,32338,37640,[],14.220001,0.32495433,43.76 - 64.5,-6.5200005,-0.101085275,17.828762,0.0,29.650452,0.0,24.63571,-2.39953,-2.39953,271222336.0,PRE,1.9554508,,,59.2321,-1.2521019,-0.021138906,54.178276,3.8017235,0.070170626,,15,0,America/New_York,EDT,-14400000,False,False,False,TRFM,,,,,,,,,,
Technology,technology,127,FCTE,SMI 3Fourteen Full-Cycle Trend ETF,https://finance.yahoo.com/research-hub/screener/sec-ind_sec-top-etfs_technology/,2026-09-21T11:41:36+00:00,en-US,US,ETF,ETF,Delayed Quote,False,LOW,0.08,30.506406,,,USD,1.0241584,30.23,21.81,NGM,30.75,23.893,0.08,,SMI 3Fourteen Full-Cycle Trend ,28.4382,0.27009964,0.9595048,0.85,True,1719927000000,2,,,,,0.28829956,1789761600,28.4382,28.4382,28.24 - 28.4382,28.24,15149,28.1499,2,3,us_market,finmb_1878289125,NasdaqGM,SMI 3Fourteen Full-Cycle Trend ETF,28.35,21806,17820,[],4.5452003,0.19023147,23.893 - 30.75,-2.3118,-0.075180486,6.1119437,0.0,30.01416,0.0,15.92459,7.43494,7.43494,260539168.0,PRE,0.9474928,,,29.14226,-0.7040596,-0.024159404,27.15977,1.2784309,0.04707076,,15,0,America/New_York,EDT,-14400000,False,False,False,FCTE,,2024-07-02,,,,,,,,
Technology,technology,128,SMHX,VanEck Fabless Semiconductor ETF,https://finance.yahoo.com/research-hub/screener/sec-ind_sec-top-etfs_technology/,2026-09-21T11:41:36+00:00,en-US,US,ETF,ETF,Delayed Quote,False,LOW,0.02,40.209087,,,USD,1.8512826,58.67,58.5,NGM,68.36,34.535,0.02,,VanEck Fabless Semiconductor ET,57.96,1.0700035,1.9103795,0.35,True,1724851800000,2,0.87999725,1.541691,1789988416.0,57.96,1.0369034,1789761600,57.0469,57.088,56.255 - 57.088,56.255,20636,56.01,1,1,us_market,finmb_1885852102,NasdaqGM,VanEck Fabless Semiconductor ETF,56.4,77773,35730,[],22.511902,0.6518576,34.535 - 68.36,-11.313099,-0.16549297,46.801342,0.0,41.607178,0.0,46.31773,-10.74924,-10.74924,250329968.0,PRE,1.3710831,,,56.40928,0.63762283,0.01130351,48.79757,8.249332,0.16905212,,15,0,America/New_York,EDT,-14400000,False,False,False,SMHX,,2024-08-28,,,,,,,,
Technology,technology,129,GTEK,Goldman Sachs Future Tech Leaders Equity ETF,https://finance.yahoo.com/research-hub/screener/sec-ind_sec-top-etfs_technology/,2026-09-21T11:41:36+00:00,en-US,US,ETF,ETF,Delayed Quote,False,LOW,0.0,34.940601,,,USD,0.71759,0.0,0.0,PCX,63.22,36.15,0.0,,Goldman Sachs Future Tech Leade,56.7875,0.404598,0.71759,0.75,True,1631799000000,2,,,,,0.404598,1789757515,56.7875,56.7875,56.37 - 56.7875,56.37,5554,56.3829,200,100,us_market,finmb_703854157,NYSEArca,Goldman Sachs Future Tech Leaders Equity ETF,56.88,18279,6880,[],20.637497,0.5708851,36.15 - 63.22,-6.4325027,-0.10174791,43.585335,0.0,34.957527,0.0,42.27602,-3.95889,-3.95889,238017536.0,PRE,1.6244712,,,56.4453,0.34219742,0.0060624606,49.646187,7.1413116,0.14384411,,15,0,America/New_York,EDT,-14400000,False,False,False,GTEK,,,,,,,,,,
Technology,technology,130,ORCX,Defiance Daily Target 2X Long ORCL ETF,https://finance.yahoo.com/research-hub/screener/sec-ind_sec-top-etfs_technology/,2026-09-21T11:41:36+00:00,en-US,US,ETF,ETF,Nasdaq Real Time Price,False,LOW,,,,,USD,-4.07706,26.84,15.57,NGM,165.51,13.71,0.0,,Defiance Daily Target 2X Long O,21.82,0.40999985,1.9149923,1.31,True,1738938600000,2,0.40999985,1.9149923,1789990709.0,21.82,-0.90999985,1789761601,21.41,22.3538,20.48 - 22.3538,20.48,1714710,22.32,2,2,us_market,finmb_1906029095,NasdaqGM,Defiance Daily Target 2X Long ORCL ETF,22.18,2971160,3362300,[],7.7,0.5616338,13.71 - 165.51,-144.09999,-0.87064224,-86.97688,0.0,33.773014,0.0,-56.65686,-61.6635,-61.6635,236825264.0,PRE,0.6339381,,,20.4468,0.9631996,0.047107596,34.2861,-12.876099,-0.37554866,,15,0,America/New_York,EDT,-14400000,False,False,False,ORCX,,2025-02-07,,,,,,,,
Technology,technology,131,BCTK,Baron Technology ETF,https://finance.yahoo.com/research-hub/screener/sec-ind_sec-top-etfs_technology/,2026-09-21T11:41:36+00:00,en-US,US,ETF,ETF,Delayed Quote,False,LOW,0.0,35.34818,,,USD,1.1665316,30.17,29.8,NGM,32.62,22.059,0.0,,Baron Technology ETF,30.2842,0.31000137,1.0355817,0.75,True,1765809000000,2,,,,,0.3492012,1789761600,30.2842,30.2842,29.96 - 30.2842,29.96,38742,29.935,1,1,us_market,finmb_1685647697,NasdaqGM,Baron Technology ETF,30.02,44241,29470,[],8.225201,0.37287277,22.059 - 32.62,-2.3357983,-0.07160632,22.731506,0.0,35.92212,0.0,19.02827,-3.45928,-3.45928,235082720.0,PRE,0.8430516,,,29.6411,0.64310074,0.02169625,27.5009,2.7833004,0.101207614,,15,0,America/New_York,EDT,-14400000,False,False,False,BCTK,,2025-12-15,,,,,,,,
Technology,technology,132,SPTE,SP Funds S&P Global Technology ETF,https://finance.yahoo.com/research-hub/screener/sec-ind_sec-top-etfs_technology/,2026-09-21T11:41:36+00:00,en-US,US,ETF,ETF,Nasdaq Real Time Price,False,LOW,0.71,34.423408,,,USD,1.11064,48.5,0.0,PCX,50.75,32.736,0.71,,SP Funds S&P Global Technology ,48.25,0.5399971,1.1315949,0.55,True,1701441000000,2,,,,,0.529999,1789761600,48.25,48.25,47.74 - 48.25,47.74,39278,47.72,400,100,us_market,finmb_1861682537,NYSEArca,SP Funds S&P Global Technology ETF,47.84,54304,55530,[],15.514,0.4739125,32.736 - 50.75,-2.5,-0.049261082,38.21255,0.0,35.156113,0.0,34.77628,-2.2394,-2.2394,232678448.0,PRE,1.3724498,,,46.7752,1.4748001,0.03152953,41.551994,6.6980057,0.16119577,,15,0,America/New_York,EDT,-14400000,False,False,False,SPTE,,,,,,,,,,
Technology,technology,133,SHOC,Strive U.S. Semiconductor ETF,https://finance.yahoo.com/research-hub/screener/sec-ind_sec-top-etfs_technology/,2026-09-21T11:41:36+00:00,en-US,US,ETF,ETF,Delayed Quote,False,LOW,0.13,35.410765,,,USD,2.45305,0.0,0.0,NYQ,124.68,60.396,0.13,,Strive U.S. Semiconductor ETF,105.629,2.5291,2.45305,0.4,True,1665063000000,2,,,,,2.5291,1789759079,105.629,105.6291,104.045 - 105.6291,104.045,3737,103.1,500,100,us_market,finmb_1792510337,NYSE,Strive U.S. Semiconductor ETF,102.95,13876,5840,[],45.232998,0.7489403,60.396 - 124.68,-19.051003,-0.15279919,69.51358,0.0,36.178104,0.0,51.06576,-7.27929,-7.27929,228488704.0,PRE,2.9196942,,,104.86412,0.7648773,0.0072939848,91.33116,14.297836,0.15654938,,15,0,America/New_York,EDT,-14400000,False,False,False,SHOC,,,,,,,,,,
Technology,technology,134,AVL,Direxion Daily AVGO Bull 2X Shares,https://finance.yahoo.com/research-hub/screener/sec-ind_sec-top-etfs_technology/,2026-09-21T11:41:36+00:00,en-US,US,ETF,ETF,Delayed Quote,False,LOW,1.44,59.988002,,,USD,5.67698,53.8,39.2,NGM,80.21,28.95,1.44,,Direxion Daily AVGO Bull 2X ETF,38.47,1.2400017,3.3306518,1.0,True,1728567000000,2,1.2400017,3.3306518,1789990877.0,38.47,2.0,1789761601,37.23,38.44,36.09 - 38.44,36.09,1862272,35.23,2,1,us_market,finmb_1892178687,NasdaqGM,Direxion Daily AVGO Bull 2X Shares,36.34,732384,1249660,[],8.279999,0.28601032,28.95 - 80.21,-42.98,-0.53584343,-32.991364,,55.02225,,-7.09437,-38.0568,-38.0568,215487904.0,PRE,0.6766353,,,43.2926,-6.062599,-0.14003778,45.98693,-8.756931,-0.19042218,,15,0,America/New_York,EDT,-14400000,False,False,False,AVL,,,,,,,,,,
Technology,technology,135,SPRX,Spear Alpha ETF,https://finance.yahoo.com/research-hub/screener/sec-ind_sec-top-etfs_technology/,2026-09-21T11:41:36+00:00,en-US,US,ETF,ETF,Delayed Quote,False,LOW,0.0,52.029136,,,USD,2.822723,51.13,44.71,NGM,59.1,32.75,0.0,,Spear Alpha ETF,48.0,1.2650032,2.822723,0.75,True,1628083800000,2,1.9199982,4.1666627,1789988506.0,48.0,1.2650032,1789761601,46.08,46.125,44.9405 - 46.125,44.9405,22354,44.815,2,2,us_market,finmb_717735494,NasdaqGM,Spear Alpha ETF,45.46,93823,34800,[],13.330002,0.40702295,32.75 - 59.1,-13.019997,-0.22030452,14.638269,0.0,53.735786,0.0,15.90116,-18.70527,-18.70527,214159024.0,PRE,0.8575291,,,45.51224,0.56776047,0.012474895,44.206,1.8740005,0.042392448,,15,0,America/New_York,EDT,-14400000,False,False,False,SPRX,,2021-08-04,,,,,,,,
Technology,technology,136,LOUP,Innovator Deepwater Frontier Tech ETF,https://finance.yahoo.com/research-hub/screener/sec-ind_sec-top-etfs_technology/,2026-09-21T11:41:36+00:00,en-US,US,ETF,ETF,Delayed Quote,False,LOW,0.0,43.290043,50.7298,7.67061,USD,1.45422,137.93,34.87,PCX,100.305,64.87,0.0,,Innovator Deepwater Frontier Te,86.7535,1.2435,1.45422,0.7,True,1533216600000,2,,,,,1.2435,1789761304,86.7535,86.79,86.07 - 86.79,86.07,10449,85.51,200,100,us_market,finmb_571432025,NYSEArca,Innovator Deepwater Frontier Tech ETF,86.41,12088,13390,[],21.8835,0.3373439,64.87 - 100.305,-13.551498,-0.13510291,14.950109,0.0,42.28723,0.0,16.14705,-8.95178,-8.95178,213145920.0,PRE,2.0515294,,,89.2587,-2.5051956,-0.028066684,83.28967,3.463829,0.041587736,,15,0,America/New_York,EDT,-14400000,False,False,False,LOUP,,,,,,,,,,
Technology,technology,137,SNSR,Global X Internet of Things ETF,https://finance.yahoo.com/research-hub/screener/sec-ind_sec-top-etfs_technology/,2026-09-21T11:41:36+00:00,en-US,US,ETF,ETF,Delayed Quote,False,LOW,0.49,31.806616,22.81086,23.80001,USD,0.41939685,48.74,48.16,NGM,53.8,34.2,0.49,,Global X Internet of Things ETF,47.6,0.12879944,0.2717219,0.68,True,1474032600000,2,,,,,0.19879913,1789761600,47.6,47.61,47.355 - 47.61,47.355,3278,47.4012,3,3,us_market,finmb_316402721,NasdaqGM,Global X Internet of Things ETF,47.61,17325,12260,[],13.399998,0.3918128,34.2 - 53.8,-6.200001,-0.115241654,19.343113,,32.096493,,27.70262,-7.93764,-7.93764,207041360.0,PRE,1.483028,,,47.26474,0.33525848,0.0070932047,43.42331,4.176689,0.096185416,,15,0,America/New_York,EDT,-14400000,False,False,False,SNSR,1515456000.0,,,,,,,,,
Technology,technology,138,TRUT,Vaneck Technology Trusector ETF,https://finance.yahoo.com/research-hub/screener/sec-ind_sec-top-etfs_technology/,2026-09-21T11:41:36+00:00,en-US,US,ETF,ETF,Delayed Quote,False,LOW,0.19,32.509753,,,USD,0.88014483,32.0,31.93,NGM,33.67,22.83,0.19,,VanEck Technology TruSector ETF,32.5742,0.27199936,0.842364,0.14,True,1755783000000,2,,,,,0.28419876,1789761600,32.5742,32.58,32.2601 - 32.58,32.2601,98775,32.29,1,13,us_market,finmb_1956248021,NasdaqGM,Vaneck Technology Trusector ETF,32.37,189615,119740,[],9.7442,0.42681557,22.83 - 33.67,-1.0957985,-0.03254525,24.49931,0.0,33.128403,0.0,21.26558,-1.44571,-1.44571,205350864.0,PRE,0.98327106,,,31.40462,1.1695805,0.03724231,28.46261,4.1115894,0.1444558,,15,0,America/New_York,EDT,-14400000,False,False,False,TRUT,,2025-08-21,,,,,,,,
Technology,technology,139,QQMG,Invesco ESG NASDAQ 100 ETF,https://finance.yahoo.com/research-hub/screener/sec-ind_sec-top-etfs_technology/,2026-09-21T11:41:36+00:00,en-US,US,ETF,ETF,Nasdaq Real Time Price,False,LOW,0.36,29.895366,,,USD,0.635198,64.16,36.43,NGM,51.93,38.053,0.36,,Invesco ESG NASDAQ 100 ETF,50.69,0.309803,0.6196036,0.2,True,1635427800000,2,0.42207718,0.8396551,1789988409.0,50.69,0.31760025,1789761600,50.3178,50.345,49.92 - 50.345,49.92,17519,50.0002,2,2,us_market,finmb_1675401748,NasdaqGM,Invesco ESG NASDAQ 100 ETF,50.08,19477,12380,[],12.264797,0.32230827,38.053 - 51.93,-1.6122017,-0.031045672,21.690977,0.0,30.091398,0.0,18.25668,-2.05621,-2.05621,199729328.0,PRE,1.6721655,,,49.45052,0.86727905,0.01753832,45.770386,4.547413,0.09935273,,15,0,America/New_York,EDT,-14400000,False,False,False,QQMG,,2021-10-27,,,,,,,,
Technology,technology,140,QQQY,Defiance Nasdaq 100 Target 30 Weekly Distribution ETF,https://finance.yahoo.com/research-hub/screener/sec-ind_sec-top-etfs_technology/,2026-09-21T11:41:36+00:00,en-US,US,ETF,ETF,Nasdaq Real Time Price,False,LOW,22.37,32.679739,,,USD,0.5882315,22.91,21.31,NGM,25.9,19.915,24.97,,Defiance Nasdaq 100 Weekly Dist,22.4,0.17000008,0.7647327,1.01,True,1694698200000,2,0.17000008,0.7647327,1789990767.0,22.4,0.12999916,1789761600,22.23,22.23,22.06 - 22.23,22.06,86750,22.1,2,3,us_market,finmb_1852944783,NasdaqGM,Defiance Nasdaq 100 Target 30 Weekly Distribution ETF,22.18,96873,86340,[],2.3149986,0.116243966,19.915 - 25.9,-3.67,-0.14169885,-14.003867,0.0,30.188976,0.0,15.39112,-2.0679,-2.0679,189160624.0,PRE,0.7363615,,,22.46556,-0.23556137,-0.010485443,22.937904,-0.7079048,-0.030861791,,15,0,America/New_York,EDT,-14400000,False,False,False,QQQY,,2023-09-14,,,,,,,,
Technology,technology,141,NBDS,Neuberger Disrupters ETF,https://finance.yahoo.com/research-hub/screener/sec-ind_sec-top-etfs_technology/,2026-09-21T11:41:36+00:00,en-US,US,ETF,ETF,Delayed Quote,False,LOW,0.0,38.910506,,,USD,0.688322,63.47,16.05,PCX,42.86,29.42,0.0,,Neuberger Disrupters ETF,39.92,0.2729,0.688322,0.4,True,1649338200000,2,,,,,0.2729,1789761548,39.92,39.92,39.68 - 39.92,39.68,2492,39.6471,1800,1700,us_market,finmb_1761865410,NYSEArca,Neuberger Disrupters ETF,39.68,26225,11590,[],10.499998,0.3569,29.42 - 42.86,-2.9400024,-0.068595484,9.118736,0.0,38.158146,0.0,14.75117,-1.10797,-1.10797,184088816.0,PRE,1.0461724,,,40.3882,-0.46820068,-0.011592512,36.861145,3.0588531,0.08298313,,15,0,America/New_York,EDT,-14400000,False,False,False,NBDS,,,,,,,,,,
Technology,technology,142,VEGN,US Vegan Climate ETF,https://finance.yahoo.com/research-hub/screener/sec-ind_sec-top-etfs_technology/,2026-09-21T11:41:36+00:00,en-US,US,ETF,ETF,Delayed Quote,False,LOW,0.5,26.888949,,,USD,0.822712,0.0,65.62,BTS,82.355,54.615,0.5,,US Vegan Climate ETF,77.6479,0.633606,0.822712,0.6,True,1568122200000,2,,,,,0.633606,1789759334,77.6479,77.6479,77.09 - 77.6479,77.09,4895,77.0143,800,800,us_market,finmb_594520602,Cboe US,US Vegan Climate ETF,77.12,5579,5000,[],23.032902,0.42173216,54.615 - 82.355,-4.7071,-0.05715621,29.39824,0.0,26.968868,0.0,27.73038,-0.82496,-0.82496,183834304.0,PRE,2.879168,,,76.93082,0.7170868,0.00932119,68.38454,9.263367,0.13545996,,15,0,America/New_York,EDT,-14400000,False,False,False,VEGN,,,,,,,,,,
Technology,technology,143,IPAY,Amplify Digital Payments ETF,https://finance.yahoo.com/research-hub/screener/sec-ind_sec-top-etfs_technology/,2026-09-21T11:41:36+00:00,en-US,US,ETF,ETF,Delayed Quote,False,LOW,0.8,17.400383,34.01422,1.33386,USD,-0.642224,76.25,0.0,PCX,59.2,41.26,0.8,,Amplify Digital Payments ETF,47.96,-0.310001,-0.642224,0.75,True,1437053400000,2,,,,,-0.310001,1789761600,47.96,48.19,47.78 - 48.19,47.78,45592,48.27,200,800,us_market,finmb_303127845,NYSEArca,Amplify Digital Payments ETF,48.05,62893,75120,[],6.700001,0.1623849,41.26 - 59.2,-11.240002,-0.18986489,-18.780697,0.0,16.270664,0.0,-1.29994,10.47856,10.47856,179721376.0,PRE,2.9476364,,,50.33176,-2.3717613,-0.047122557,47.95039,0.009609222,0.00020039926,,15,0,America/New_York,EDT,-14400000,False,False,False,IPAY,,,,,,,,,,
Technology,technology,144,NJUN,Innovator Growth-100 Power Buffer ETF - June,https://finance.yahoo.com/research-hub/screener/sec-ind_sec-top-etfs_technology/,2026-09-21T11:41:36+00:00,en-US,US,ETF,ETF,Delayed Quote,False,LOW,0.0,29.137529,,,USD,0.455877,0.0,14.46,BTS,33.32,30.536,0.0,,Innovator Growth-100 Power Buff,32.8993,0.1493,0.455877,0.79,True,1717421400000,2,,,,,0.1493,1789760102,32.8993,32.8993,32.77 - 32.8993,32.77,17957,32.75,5800,100,us_market,finmb_1879111037,Cboe US,Innovator Growth-100 Power Buffer ETF - June,32.71,25257,10300,[],2.3633003,0.07739391,30.536 - 33.32,-0.42070007,-0.012626053,6.8392158,0.0,29.243395,0.0,3.98387,-0.33182,-0.33182,176139472.0,PRE,1.1250165,,,32.47982,0.41947937,0.012915077,32.111774,0.7875252,0.024524499,,15,0,America/New_York,EDT,-14400000,False,False,False,NJUN,,,,,,,,,,
Technology,technology,145,FINX,Global X FinTech ETF,https://finance.yahoo.com/research-hub/screener/sec-ind_sec-top-etfs_technology/,2026-09-21T11:41:36+00:00,en-US,US,ETF,ETF,Delayed Quote,False,LOW,0.79,19.77457,33.8835,-9.71457,USD,1.3970859,26.44,24.7,NGM,35.58,22.08,0.79,,Global X FinTech ETF,26.6346,0.335001,1.3183825,0.68,True,1473773400000,2,0.88959885,3.4554236,1789990520.0,26.6346,0.35499954,1789761600,25.765,25.775,25.4301 - 25.775,25.4301,20496,25.41,2,1,us_market,finmb_316402722,NasdaqGM,Global X FinTech ETF,25.56,70515,47680,[],3.6849995,0.1668931,22.08 - 35.58,-9.815002,-0.27585727,-26.280403,,18.86357,,-7.96079,3.06711,3.06711,174752448.0,PRE,1.3658602,,,26.26658,-0.5015812,-0.019095793,26.12009,-0.3550911,-0.013594558,,15,0,America/New_York,EDT,-14400000,False,False,False,FINX,,,,,,,,,,
Technology,technology,146,FAI,First Trust Bloomberg Artificial Intelligence ETF,https://finance.yahoo.com/research-hub/screener/sec-ind_sec-top-etfs_technology/,2026-09-21T11:41:36+00:00,en-US,US,ETF,ETF,Delayed Quote,False,LOW,0.0,27.352298,,,USD,0.183804,0.0,0.0,PCX,58.27,35.54,0.0,,First Trust Bloomberg Artificia,55.0517,0.101002,0.183804,0.65,True,1732199400000,2,,,,,0.101002,1789761300,55.0517,55.09,54.6246 - 55.09,54.6246,23714,54.9507,500,100,us_market,finmb_1886540761,NYSEArca,First Trust Bloomberg Artificial Intelligence ETF,55.09,59774,23200,[],19.5117,0.5490067,35.54 - 58.27,-3.2182999,-0.05523082,36.446335,0.0,27.588686,0.0,32.76575,-1.85218,-1.85218,174642336.0,PRE,1.9954448,,,52.84602,2.2056808,0.04173788,46.47181,8.579891,0.18462572,,15,0,America/New_York,EDT,-14400000,False,False,False,FAI,,,,,,,,,,
Technology,technology,147,XAIX,Xtrackers Artificial Intelligence and Big Data ETF,https://finance.yahoo.com/research-hub/screener/sec-ind_sec-top-etfs_technology/,2026-09-21T11:41:36+00:00,en-US,US,ETF,ETF,Delayed Quote,False,LOW,0.39,23.849273,,,USD,-0.44750142,72.44,40.67,NGM,61.095,38.33,0.39,,Xtrackers Artificial Intelligen,58.0,-0.25999832,-0.44750142,0.35,True,1722605400000,2,0.15999985,0.27662492,1789988414.0,58.0,-0.25999832,1789761601,57.84,58.21,57.64 - 58.21,57.64,227395,58.1,2,2,us_market,finmb_1879575637,NasdaqGM,Xtrackers Artificial Intelligence and Big Data ETF,58.21,25250,41850,[],19.509998,0.5090007,38.33 - 61.095,-3.255001,-0.053277697,36.948025,0.0,25.827892,0.0,32.72066,-2.46162,-2.46162,173397248.0,PRE,2.2394395,,,55.33514,2.50486,0.045267075,48.91137,8.928631,0.18254715,,15,0,America/New_York,EDT,-14400000,False,False,False,XAIX,,2024-08-02,,,,,,,,
Technology,technology,148,DUNK,Dana Unconstrained Equity ETF,https://finance.yahoo.com/research-hub/screener/sec-ind_sec-top-etfs_technology/,2026-09-21T11:41:36+00:00,en-US,US,EQUITY,Equity,Nasdaq Real Time Price,False,LOW,,,,,USD,-0.628558,0.0,0.0,PCX,29.21,19.5,,,Dana Unconstrained Equity ETF,27.5557,-0.174299,-0.628558,,True,1758029400000,2,,,,,-0.174299,1789760830,27.5557,27.59,27.49 - 27.59,27.49,3308,27.73,1100,200,us_market,finmb_1954471382,NYSEArca,,27.5,11258,9320,[],8.0557,0.41311285,19.5 - 29.21,-1.6542988,-0.056634676,7.8006387,0.0,33.515133,0.0,,,,,PRE,0.82218677,,,27.34586,0.20984077,0.007673585,24.191715,3.363985,0.13905525,,15,0,America/New_York,EDT,-14400000,False,False,False,DUNK,,,,,,,,,,
Technology,technology,149,QYLG,Global X Nasdaq 100 Covered Call & Growth ETF,https://finance.yahoo.com/research-hub/screener/sec-ind_sec-top-etfs_technology/,2026-09-21T11:41:36+00:00,en-US,US,ETF,ETF,Delayed Quote,False,LOW,6.04,29.21414,,,USD,0.100336745,29.56,29.45,NGM,30.725,25.01,6.04,,Global X Nasdaq 100 Covered Cal,30.02,0.030000687,0.100336745,0.35,True,1600867800000,2,0.22980118,0.7713986,1789989395.0,30.02,0.030000687,1789761600,29.93,29.99,29.82 - 29.99,29.82,71456,29.9,1,3,us_market,finmb_675563565,NasdaqGM,Global X Nasdaq 100 Covered Call & Growth ETF,29.9,43804,45440,[],4.92,0.19672132,25.01 - 30.725,-0.7950001,-0.025874697,1.8720269,0.0,29.486341,0.0,14.735,0.62317,0.62317,171121872.0,PRE,1.0150462,,,29.41506,0.51494026,0.017506007,28.59433,1.3356705,0.046711024,,15,0,America/New_York,EDT,-14400000,False,False,False,QYLG,,,,,,,,,,
Technology,technology,150,QBUF,Innovator Nasdaq-100 10 Buffer ETF - Quarterly,https://finance.yahoo.com/research-hub/screener/sec-ind_sec-top-etfs_technology/,2026-09-21T11:41:36+00:00,en-US,US,ETF,ETF,Delayed Quote,False,LOW,0.0,29.137529,,,USD,0.23355328,39.59,22.17,NGM,31.13,28.49,0.0,,Innovator Nasdaq-100 10 Buffer ,30.75,0.073200226,0.23877323,0.79,True,1719840600000,2,0.020000458,0.06508447,1789988414.0,30.75,0.07159996,1789761600,30.7284,30.75,30.66 - 30.75,30.66,8737,30.6568,2,2,us_market,finmb_1884400606,NasdaqGM,Innovator Nasdaq-100 10 Buffer ETF - Quarterly,30.66,30469,14630,[],2.2383995,0.0785679,28.49 - 31.13,-0.40159988,-0.012900735,7.234335,0.0,29.13971,0.0,4.89409,0.21298,0.21298,169761520.0,PRE,1.0545198,,,30.578,0.15040016,0.0049185744,30.036964,0.69143486,0.023019465,,15,0,America/New_York,EDT,-14400000,False,False,False,QBUF,,2024-07-01,,,,,,,,
Technology,technology,151,AAPU,Direxion Daily AAPL Bull 2X Shares,https://finance.yahoo.com/research-hub/screener/sec-ind_sec-top-etfs_technology/,2026-09-21T11:41:36+00:00,en-US,US,ETF,ETF,Nasdaq Real Time Price,False,LOW,1.86,36.363636,,,USD,-0.8975478,38.64,38.5,NGM,48.89,26.2,1.86,,Direxion Daily AAPL Bull 2X ETF,45.39,0.11999893,0.26507384,0.96,True,1660051800000,2,0.11999893,0.26507384,1789990818.0,45.39,-0.40999985,1789761600,45.27,45.99,44.4007 - 45.99,44.4007,717329,45.68,1,1,us_market,finmb_1793225848,NasdaqGM,Direxion Daily AAPL Bull 2X Shares,45.79,1832261,1948430,[],19.07,0.72786254,26.2 - 48.89,-3.619999,-0.07404375,37.015736,0.0,40.485523,0.0,22.52394,-1.71498,-1.71498,169758512.0,PRE,1.1181775,,,41.8656,3.4043999,0.08131736,35.50705,9.762951,0.2749581,,15,0,America/New_York,EDT,-14400000,False,False,False,AAPU,,,,,,,,,,
Technology,technology,152,QGRD,Horizon NASDAQ-100 Defined Risk ETF,https://finance.yahoo.com/research-hub/screener/sec-ind_sec-top-etfs_technology/,2026-09-21T11:41:36+00:00,en-US,US,ETF,ETF,Nasdaq Real Time Price,False,LOW,1.42,29.137529,,,USD,0.48653963,37.81,21.11,NGM,30.84,23.83,1.42,,Horizon Nasdaq-100 Defined Risk,29.4928,0.10000038,0.3407168,0.85,True,1752154200000,2,,,,,0.14279938,1789761600,29.4928,29.4928,29.04 - 29.4928,29.04,6946,29.35,2,2,us_market,finmb_1943259202,NasdaqGM,Horizon NASDAQ-100 Defined Risk ETF,29.04,45565,11750,[],5.6628,0.23763323,23.83 - 30.84,-1.3472004,-0.04368354,10.167718,0.0,29.29916,0.0,9.98897,-3.55494,-3.55494,167181392.0,PRE,1.0066091,,,29.29744,0.19536018,0.006668166,28.06703,1.4257698,0.05079874,,15,0,America/New_York,EDT,-14400000,False,False,False,QGRD,,2025-07-10,,,,,,,,
Technology,technology,153,MINV,Matthews Asia Innovators Active ETF,https://finance.yahoo.com/research-hub/screener/sec-ind_sec-top-etfs_technology/,2026-09-21T11:41:36+00:00,en-US,US,ETF,ETF,Delayed Quote,False,LOW,1.08,22.558087,,,USD,0.833634,75.82,0.0,PCX,61.03,32.86,1.08,,Matthews Asia Innovators Active,48.5882,0.401699,0.833634,0.79,True,1657805400000,2,,,,,0.401699,1789748738,48.5882,48.5882,48.2601 - 48.5882,48.2601,2292,48.1865,100,100,us_market,finmb_1783521597,NYSEArca,Matthews Asia Innovators Active ETF,48.4206,9723,5860,[],15.728199,0.4786427,32.86 - 61.03,-12.441799,-0.20386367,30.623436,0.0,22.26703,0.0,39.98021,-12.41487,-12.41487,165860672.0,PRE,2.182069,,,49.1475,-0.55929947,-0.011380019,44.97819,3.6100082,0.080261305,,15,0,America/New_York,EDT,-14400000,False,False,False,MINV,,,,,,,,,,
Technology,technology,154,KNCT,Invesco Next Gen Connectivity E,https://finance.yahoo.com/research-hub/screener/sec-ind_sec-top-etfs_technology/,2026-09-21T11:41:36+00:00,en-US,US,ETF,ETF,Delayed Quote,False,LOW,0.65,22.311468,27.59338,21.85334,USD,0.121802,313.27,0.0,PCX,219.83,125.61,0.65,USD,Invesco Next Gen Connectivity E,201.474,0.245102,0.121802,0.4,True,1119533400000,2,,,,,0.245102,1789752299,201.474,201.79,201.4741 - 201.79,201.4741,1669,201.229,400,100,us_market,finmb_22938373,NYSEArca,,201.79,3322,2230,[],75.864,0.6039646,125.61 - 219.83,-18.356003,-0.0835009,58.575367,1.324,22.737383,0.0065795686,47.71984,-4.57023,-4.57023,162117344.0,PRE,8.860914,,136.962,194.9004,6.573593,0.03372796,169.47635,31.99765,0.18880305,1.471021,15,0,America/New_York,EDT,-14400000,False,False,False,KNCT,,,,,,,,,,
Technology,technology,155,EGGY,NestYield Dynamic Income ETF,https://finance.yahoo.com/research-hub/screener/sec-ind_sec-top-etfs_technology/,2026-09-21T11:41:36+00:00,en-US,US,ETF,ETF,Nasdaq Real Time Price,False,LOW,25.7,30.21148,,,USD,2.31591,0.0,0.0,PCX,45.945,29.145,25.7,,NestYield Dynamic Income ETF,35.52,1.0800018,3.135894,0.92,True,1735309800000,2,1.0800018,3.135894,1789989222.0,35.52,0.779999,1789761600,34.46,34.575,33.76 - 34.575,33.76,73691,33.68,400,200,us_market,finmb_1901271880,NYSEArca,NestYield Dynamic Income ETF,33.79,110038,72690,[],5.3149986,0.18236399,29.145 - 45.945,-11.485001,-0.2499728,-17.628777,0.0,32.00392,0.0,13.14071,-14.77671,-14.77671,158363360.0,PRE,1.076743,,,34.13084,0.32915878,0.009644028,35.772587,-1.3125877,-0.03669256,,15,0,America/New_York,EDT,-14400000,False,False,False,EGGY,,,,,,,,,,
Technology,technology,156,QMMY,FT Vest NASDAQ-100 Moderate Buffer ETF - May,https://finance.yahoo.com/research-hub/screener/sec-ind_sec-top-etfs_technology/,2026-09-21T11:41:36+00:00,en-US,US,ETF,ETF,Delayed Quote,False,LOW,0.0,29.137529,,,USD,0.290945,42.36,10.72,BTS,26.77,24.2,0.0,,FT Vest Nasdaq-100 Moderate Buf,26.6456,0.0772991,0.290945,0.9,True,1716211800000,2,,,,,0.0772991,1789756251,26.6456,26.6456,26.5301 - 26.6456,26.5301,6711,26.5683,200,1200,us_market,finmb_1874890976,Cboe US,FT Vest NASDAQ-100 Moderate Buffer ETF - May,26.62,36298,15280,[],2.4455986,0.10105779,24.2 - 26.77,-0.12440109,-0.0046470338,8.892525,0.0,29.26449,0.0,5.99281,0.03771,0.03771,149911424.0,PRE,0.9105096,,,26.2879,0.35769844,0.013606961,25.69422,0.9513798,0.037026998,,15,0,America/New_York,EDT,-14400000,False,False,False,QMMY,,,,,,,,,,
Technology,technology,157,ORCU,Direxion Daily ORCL Bull 2X ETF,https://finance.yahoo.com/research-hub/screener/sec-ind_sec-top-etfs_technology/,2026-09-21T11:41:36+00:00,en-US,US,ETF,ETF,Nasdaq Real Time Price,False,LOW,,,,,USD,-4.000002,7.63,7.56,NGM,27.615,4.9,,,Direxion Daily ORCL Bull 2X ETF,7.82,0.14000034,1.8229212,0.97,True,1763562600000,2,0.14000034,1.8229212,1789990832.0,7.82,-0.32000017,1789761600,7.68,8.04,7.3496 - 8.04,7.3496,5048547,8.0,1,1,us_market,finmb_1963863414,NasdaqGM,Direxion Daily ORCL Bull 2X ETF,7.99,4979884,7191100,[],2.7799997,0.5673469,4.9 - 27.615,-19.935,-0.7218903,-70.63434,0.0,24.491203,0.0,-56.22452,-61.46914,-61.46914,146771952.0,PRE,0.31358197,,,7.3249,0.35509968,0.048478432,12.26911,-4.58911,-0.3740377,,15,0,America/New_York,EDT,-14400000,False,False,False,ORCU,,2025-11-19,,,,,,,,
Technology,technology,158,RVER,Trenchless Fund ETF,https://finance.yahoo.com/research-hub/screener/sec-ind_sec-top-etfs_technology/,2026-09-21T11:41:36+00:00,en-US,US,ETF,ETF,Delayed Quote,False,LOW,0.06,27.647221,,,USD,-0.551981,57.69,0.0,PCX,39.45,26.341,0.06,,Trenchless Fund ETF,36.97,-0.2052,-0.551981,0.66,True,1712151000000,2,,,,,-0.2052,1789761565,36.97,36.99,36.78 - 36.99,36.78,36748,37.1752,500,500,us_market,finmb_1868715009,NYSEArca,Trenchless Fund ETF,36.81,9552,20560,[],10.629002,0.4035155,26.341 - 39.45,-2.4799995,-0.06286437,10.473633,0.0,28.441067,0.0,16.27997,2.87962,2.87962,144971440.0,PRE,1.299881,,,35.61546,1.3545418,0.03803241,32.41771,4.552292,0.14042608,,15,0,America/New_York,EDT,-14400000,False,False,False,RVER,,,,,,,,,,
Technology,technology,159,FCLD,Fidelity Cloud Computing ETF,https://finance.yahoo.com/research-hub/screener/sec-ind_sec-top-etfs_technology/,2026-09-21T11:41:36+00:00,en-US,US,ETF,ETF,Nasdaq Real Time Price,False,LOW,0.01,27.831895,,,USD,-0.595541,70.22,0.0,BTS,45.8,26.01,0.01,,Fidelity Cloud Computing ETF,44.1654,-0.264599,-0.595541,0.39,True,1633613400000,2,,,,,-0.264599,1789760815,44.1654,44.6,43.96 - 44.6,43.96,22183,44.43,1500,500,us_market,finmb_1676742588,Cboe US,Fidelity Cloud Computing ETF,44.7,28061,27300,[],18.155401,0.69801617,26.01 - 45.8,-1.6345978,-0.03568991,46.33863,0.0,27.190792,0.0,51.96397,16.23348,16.23348,144661520.0,PRE,1.6242778,,,41.896,2.2694016,0.054167498,34.132614,10.032787,0.2939355,,15,0,America/New_York,EDT,-14400000,False,False,False,FCLD,,,,,,,,,,
Technology,technology,160,IONX,Defiance Daily Target 2X Long IONQ ETF,https://finance.yahoo.com/research-hub/screener/sec-ind_sec-top-etfs_technology/,2026-09-21T11:41:36+00:00,en-US,US,ETF,ETF,Nasdaq Real Time Price,False,LOW,,,,,USD,-6.1345773,32.67,20.33,NGM,311.865,16.795,7.18,,Defiance Daily Target 2X Long I,22.975,0.8649998,3.9122558,1.38,True,1741786200000,2,0.8649998,3.9122558,1789990884.0,22.975,-1.4449997,1789761602,22.11,24.065,20.52 - 24.065,20.52,1572811,23.555,2,2,us_market,finmb_1916074853,NasdaqGM,Defiance Daily Target 2X Long IONQ ETF,23.88,1036244,1311940,[],5.3150005,0.31646326,16.795 - 311.865,-289.755,-0.929104,-90.94094,0.0,,0.0,-64.39466,-77.78226,-77.78226,144509808.0,PRE,,,,24.4733,-2.3633003,-0.09656647,46.995262,-24.885262,-0.529527,,15,0,America/New_York,EDT,-14400000,False,False,False,IONX,,2025-03-12,,,,,,,,
Technology,technology,161,GXPT,Global X PureCap MSCI Information Technology ETF,https://finance.yahoo.com/research-hub/screener/sec-ind_sec-top-etfs_technology/,2026-09-21T11:41:36+00:00,en-US,US,ETF,ETF,Delayed Quote,False,LOW,0.21,32.711809,,,USD,0.720124,0.0,32.0,PCX,35.1,23.64,0.21,,Global X PureCap MSCI Informati,34.2945,0.245197,0.720124,0.15,True,1753277400000,2,,,,,0.245197,1789761452,34.2945,34.3,33.97 - 34.3,33.97,7889,34.0493,100,100,us_market,finmb_1942486171,NYSEArca,Global X PureCap MSCI Information Technology ETF,34.09,154053,25130,[],10.654499,0.45069793,23.64 - 35.1,-0.80550003,-0.02294872,26.154125,0.0,33.28887,0.0,23.23898,-0.13268,-0.13268,138568816.0,PRE,1.0302091,,,33.02948,1.2650185,0.03829968,29.65635,4.6381493,0.15639651,,15,0,America/New_York,EDT,-14400000,False,False,False,GXPT,,,,,,,,,,
Technology,technology,162,WCBR,WisdomTree Cybersecurity Fund,https://finance.yahoo.com/research-hub/screener/sec-ind_sec-top-etfs_technology/,2026-09-21T11:41:36+00:00,en-US,US,ETF,ETF,Delayed Quote,False,LOW,0.0,38.417211,,,USD,-2.1710885,51.45,29.4,NGM,45.026,22.49,0.0,,WisdomTree Cybersecurity Fund,43.4556,-0.97999954,-2.2062125,0.45,True,1611844200000,2,,,,,-0.96439743,1789761600,43.4556,44.592,42.92 - 44.592,42.92,75810,44.42,2,2,us_market,finmb_698593546,NasdaqGM,WisdomTree Cybersecurity Fund,44.58,60534,77570,[],20.965601,0.9322188,22.49 - 45.026,-1.5704002,-0.03487763,34.789085,0.0,39.22563,0.0,52.62931,22.5495,22.5495,137343280.0,PRE,1.1078368,,,39.85812,3.5974808,0.09025716,31.277725,12.1778755,0.3893466,,15,0,America/New_York,EDT,-14400000,False,False,False,WCBR,,2021-01-28,,,,,,,,
Technology,technology,163,IZRL,ARK Israel Innovative Technology ETF,https://finance.yahoo.com/research-hub/screener/sec-ind_sec-top-etfs_technology/,2026-09-21T11:41:36+00:00,en-US,US,ETF,ETF,Delayed Quote,False,LOW,2.65,20.977554,11.17379,-2.82163,USD,-0.700159,0.0,27.8,BTS,32.76,25.96,2.65,,ARK Israel Innovative Technolog,28.45,-0.2006,-0.700159,0.49,True,1512484200000,2,,,,,-0.2006,1789761401,28.45,28.47,28.35 - 28.47,28.35,2081,28.6506,600,300,us_market,finmb_314878412,Cboe US,ARK Israel Innovative Technology ETF,28.27,9119,6100,[],2.4900017,0.09591686,25.96 - 32.76,-4.3099976,-0.13156281,-0.2804041,0.0,20.251492,0.0,-1.40755,-10.36035,-10.36035,136147136.0,PRE,1.4048349,,,29.48774,-1.0377388,-0.035192214,29.66506,-1.2150593,-0.040959273,,15,0,America/New_York,EDT,-14400000,False,False,False,IZRL,,,,,,,,,,
Technology,technology,164,AIFD,TCW Artificial Intelligence ETF,https://finance.yahoo.com/research-hub/screener/sec-ind_sec-top-etfs_technology/,2026-09-21T11:41:36+00:00,en-US,US,ETF,ETF,Nasdaq Real Time Price,False,LOW,0.0,36.310821,,,USD,0.3446961,53.6,53.19,NGM,57.8,33.69,0.0,,TCW Artificial Intelligence ETF,52.4,0.1800003,0.3446961,0.75,True,1715002200000,2,,,,,0.1800003,1789761601,52.4,52.59,52.025 - 52.59,52.025,9031,52.22,5,5,us_market,finmb_537246832,NasdaqGM,TCW Artificial Intelligence ETF,52.5,14901,7760,[],18.710003,0.55535775,33.69 - 57.8,-5.3999977,-0.093425564,46.491467,0.0,36.896133,0.0,37.35079,-2.8044,-2.8044,136128128.0,PRE,1.4202031,,,51.2761,1.1239014,0.02191862,45.51803,6.8819733,0.15119225,,15,0,America/New_York,EDT,-14400000,False,False,False,AIFD,,2025-06-27,,,,,,,,
Technology,technology,165,AIVC,Amplify Bloomberg AI Value Chain ETF,https://finance.yahoo.com/research-hub/screener/sec-ind_sec-top-etfs_technology/,2026-09-21T11:41:36+00:00,en-US,US,ETF,ETF,Delayed Quote,False,LOW,0.1,29.515939,,,USD,0.805996,0.0,0.0,PCX,124.23,61.11,0.1,,Amplify Bloomberg AI Equal Weig,112.389,0.898605,0.805996,0.59,True,1457533800000,2,,,,,0.898605,1789759978,112.389,112.3886,111.4001 - 112.3886,111.4001,1891,111.49,300,200,us_market,finmb_320598316,NYSEArca,Amplify Bloomberg AI Value Chain ETF,112.2078,12680,7270,[],51.279,0.83912617,61.11 - 124.23,-11.841003,-0.095315166,74.2357,0.0,29.69003,0.0,64.69913,-2.17978,-2.17978,134073712.0,PRE,3.7854123,,,108.508,3.8809967,0.03576692,89.96915,22.419853,0.2491949,,15,0,America/New_York,EDT,-14400000,False,False,False,AIVC,,,,,,,,,,
Technology,technology,166,GPTY,YieldMax AI & Tech Portfolio Option Income ETF,https://finance.yahoo.com/research-hub/screener/sec-ind_sec-top-etfs_technology/,2026-09-21T11:41:36+00:00,en-US,US,ETF,ETF,Nasdaq Real Time Price,False,LOW,30.27,30.721966,,,USD,0.0938238,0.0,0.0,PCX,50.64,34.25,30.27,,YieldMax AI & Tech Portfolio Op,42.67,0.1800003,0.42223856,1.06,True,1737642600000,2,,,,,0.0399971,1789761590,42.67,42.9669,42.41 - 42.9669,42.41,39201,42.63,300,100,us_market,finmb_1900946040,NYSEArca,YieldMax AI & Tech Portfolio Option Income ETF,42.7,51158,57860,[],8.419998,0.24583936,34.25 - 50.64,-7.970001,-0.1573855,-9.25138,0.0,30.93219,0.0,26.87943,-4.35577,-4.35577,132110608.0,PRE,1.379469,,,42.09356,0.5764389,0.0136942305,42.14527,0.52472687,0.012450432,,15,0,America/New_York,EDT,-14400000,False,False,False,GPTY,,,,,,,,,,
Technology,technology,167,FOTO,Tuttle Capital Pure Play Photonics ETF,https://finance.yahoo.com/research-hub/screener/sec-ind_sec-top-etfs_technology/,2026-09-21T11:41:36+00:00,en-US,US,ETF,ETF,Nasdaq Real Time Price,False,LOW,,,,,USD,2.96857,0.0,18.03,BTS,27.86,15.94,,,Tuttle Capital Pure Play Photon,18.34,0.6499996,3.67439,0.75,True,1780061400000,2,0.6499996,3.67439,1789989908.0,18.34,0.51,1789761600,17.69,17.7304,17.2501 - 17.7304,17.2501,345247,17.18,7400,3800,us_market,finmb_1992790918,Cboe US,Tuttle Capital Pure Play Photonics ETF,17.34,400184,245150,[],1.750001,0.109786764,15.94 - 27.86,-10.17,-0.36503947,-27.736927,0.0,40.404278,0.0,,-27.27644,-27.27644,130365480.0,PRE,0.43782493,,,18.9814,-1.291399,-0.06803497,20.592949,-2.9029484,-0.14096807,,15,0,America/New_York,EDT,-14400000,False,False,False,FOTO,,,,,,,,,,
Technology,technology,168,FNGG,Direxion Daily NYSE FANG+ Bull 2X Shares,https://finance.yahoo.com/research-hub/screener/sec-ind_sec-top-etfs_technology/,2026-09-21T11:41:36+00:00,en-US,US,ETF,ETF,Delayed Quote,False,LOW,0.58,27.67783,,,USD,-0.108616,0.0,271.24,PCX,276.0,139.116,0.58,,Direxion Daily NYSE FANG+ Bull ,266.883,-0.290192,-0.108616,0.97,True,1633008600000,2,,,,,-0.290192,1789761350,266.883,266.8828,263.8879 - 266.8828,263.8879,2266,267.173,200,100,us_market,finmb_700683985,NYSEArca,Direxion Daily NYSE FANG+ Bull 2X Shares,264.41,5131,3180,[],127.767,0.9184206,139.116 - 276.0,-9.117004,-0.033032626,4.7569513,0.0,27.692667,0.0,30.30955,0.51676,0.51676,127995800.0,PRE,9.637317,,,250.603,16.279999,0.0649633,215.69621,51.186783,0.2373096,,15,0,America/New_York,EDT,-14400000,False,False,False,FNGG,,,,,,,,,,
Technology,technology,169,QCAP,FT Vest NASDAQ-100 Conservative Buffer ETF - April,https://finance.yahoo.com/research-hub/screener/sec-ind_sec-top-etfs_technology/,2026-09-21T11:41:36+00:00,en-US,US,ETF,ETF,Delayed Quote,False,LOW,0.0,29.137529,,,USD,0.200789,39.48,0.0,BTS,25.301,23.2,0.0,,FT Vest Nasdaq-100 Conservative,25.3007,0.0506992,0.200789,0.9,True,1713792600000,2,,,,,0.0506992,1789760062,25.3007,25.3007,25.23 - 25.3007,25.23,1153,25.25,200,100,us_market,finmb_1871823102,Cboe US,FT Vest NASDAQ-100 Conservative Buffer ETF - April,25.23,9271,3540,[],2.1006985,0.090547346,23.2 - 25.301,-0.00030136108,-1.1911035e-05,8.657932,0.0,29.24236,0.0,6.36594,1.08173,1.08173,126149296.0,PRE,0.8652072,,,24.98484,0.31585884,0.012642019,24.349245,0.95145416,0.039075304,,15,0,America/New_York,EDT,-14400000,False,False,False,QCAP,,,,,,,,,,
Technology,technology,170,AXTX,Tradr 2X Long AXTI Daily ETF,https://finance.yahoo.com/research-hub/screener/sec-ind_sec-top-etfs_technology/,2026-09-21T11:41:36+00:00,en-US,US,ETF,ETF,Nasdaq Real Time Price,False,LOW,,,,,USD,6.38607,0.0,8.01,BTS,76.56,3.0,,,Tradr 2X Long AXTI Daily ETF,7.989,0.66400003,9.064847,1.49,True,1777037400000,2,0.66400003,9.064847,1789990838.0,7.989,0.44,1789761600,7.33,7.585,6.862 - 7.585,6.862,11500865,6.89,15200,4600,us_market,finmb_1991854447,Cboe US,Tradr 2X Long AXTI Daily ETF,7.35,9405323,12805920,[],4.33,1.4433333,3.0 - 76.56,-69.229996,-0.9042581,-71.48969,0.0,73.901184,0.0,,-84.28987,-84.28987,124596320.0,PRE,0.0991865,,,7.5718,-0.24180031,-0.03193432,21.084805,-13.754805,-0.65235627,,15,0,America/New_York,EDT,-14400000,False,False,False,AXTX,,,,,,,,,,
Technology,technology,171,CHPX,Global X AI Semiconductor & Quantum ETF,https://finance.yahoo.com/research-hub/screener/sec-ind_sec-top-etfs_technology/,2026-09-21T11:41:36+00:00,en-US,US,ETF,ETF,Nasdaq Real Time Price,False,LOW,,,,,USD,1.6548858,113.55,74.51,NGM,112.0,49.0,,,Global X AI Semiconductor & Qua,98.0,1.5250015,1.602145,0.5,True,1759325400000,2,1.2900009,1.3338858,1789977618.0,98.0,1.575203,1789761600,96.7602,96.78,95.2534 - 96.78,95.2534,14030,95.185,2,2,us_market,finmb_1953812051,NasdaqGM,Global X AI Semiconductor & Quantum ETF,95.74,68120,17900,[],47.7602,0.97469795,49.0 - 112.0,-15.2397995,-0.13606964,87.0626,0.0,31.55723,0.0,69.78536,-8.38448,-8.38448,119383616.0,PRE,3.0661817,,,92.72842,4.031784,0.043479487,77.31278,19.447418,0.2515421,,15,0,America/New_York,EDT,-14400000,False,False,False,CHPX,,2025-10-01,,,,,,,,
Technology,technology,172,ITEQ,Amplify Bluestar Israel Technology ETF,https://finance.yahoo.com/research-hub/screener/sec-ind_sec-top-etfs_technology/,2026-09-21T11:41:36+00:00,en-US,US,ETF,ETF,Nasdaq Real Time Price,False,LOW,0.78,28.54696,59.84814,-0.17856,USD,-1.00173,96.34,0.0,PCX,71.0,52.16,0.78,,Amplify BlueStar Israel Technol,61.7376,-0.624702,-1.00173,0.75,True,1446561000000,2,,,,,-0.624702,1789758210,61.7376,61.7376,61.52 - 61.7376,61.52,824,62.3623,400,100,us_market,finmb_310520631,NYSEArca,Amplify Bluestar Israel Technology ETF,61.52,2715,1760,[],9.577599,0.1836196,52.16 - 71.0,-9.262402,-0.13045636,3.7439108,0.0,27.867355,0.0,8.76612,-8.03696,-8.03696,113631064.0,PRE,2.2154093,,,63.58278,-1.8451805,-0.02902013,61.861294,-0.12369537,-0.00199956,,15,0,America/New_York,EDT,-14400000,False,False,False,ITEQ,1514419200.0,,,,,,,,,
Technology,technology,173,MRVU,Direxion Daily MRVL Bull 2X ETF,https://finance.yahoo.com/research-hub/screener/sec-ind_sec-top-etfs_technology/,2026-09-21T11:41:36+00:00,en-US,US,ETF,ETF,Delayed Quote,False,LOW,,,,,USD,2.6300817,131.73,80.52,NGM,308.77,20.8,,,Direxion Daily MRVL Bull 2X ETF,132.29,3.2399979,2.6300817,0.97,True,1770906600000,2,5.859993,4.63497,1789990689.0,132.29,3.2399979,1789761601,126.43,126.865,118.92 - 126.865,118.92,62790,123.19,2,2,us_market,finmb_1977486283,NasdaqGM,Direxion Daily MRVL Bull 2X ETF,124.445,212417,137610,[],105.630005,5.078366,20.8 - 308.77,-182.34,-0.59053665,456.96036,0.0,77.66803,0.0,,-26.20513,-26.20513,107516280.0,PRE,1.6278255,,,106.9828,19.447197,0.18177871,100.88179,25.54821,0.253249,,15,0,America/New_York,EDT,-14400000,False,False,False,MRVU,,2026-02-11,,,,,,,,
Technology,technology,174,CHPS,Xtrackers Semiconductor Select Equity ETF,https://finance.yahoo.com/research-hub/screener/sec-ind_sec-top-etfs_technology/,2026-09-21T11:41:36+00:00,en-US,US,ETF,ETF,Nasdaq Real Time Price,False,LOW,0.38,32.185388,,,USD,2.4004123,102.48,67.89,NGM,107.975,39.45,0.38,,Xtrackers Semiconductor Select ,87.0,1.8243942,2.2013648,0.15,True,1689600600000,2,2.300003,2.71547,1789989439.0,87.0,1.989357,1789761600,84.865,84.865,83.5182 - 84.865,83.5182,22183,82.87564,2,2,us_market,finmb_1837083451,NasdaqGM,Xtrackers Semiconductor Select Equity ETF,83.77,33506,22040,[],45.414997,1.151204,39.45 - 107.975,-23.11,-0.21403104,114.02452,0.0,33.549255,0.0,73.50102,-11.32819,-11.32819,107060728.0,PRE,2.5295641,,,83.5796,1.2854004,0.015379356,70.66131,14.20369,0.20101085,,15,0,America/New_York,EDT,-14400000,False,False,False,CHPS,,2023-07-13,,,,,,,,
Technology,technology,175,AOTG,AOT Growth and Innovation ETF,https://finance.yahoo.com/research-hub/screener/sec-ind_sec-top-etfs_technology/,2026-09-21T11:41:36+00:00,en-US,US,ETF,ETF,Delayed Quote,False,LOW,0.0,26.624068,,,USD,1.543551,82.88,45.94,NGM,67.085,45.21,0.0,,AOT Growth and Innovation ETF,66.55,0.669899,1.0236827,0.75,True,1656509400000,2,0.44000244,0.6655611,1789988516.0,66.55,1.0101013,1789761600,66.4502,66.4502,65.79 - 66.4502,65.79,6225,65.4401,2,2,us_market,finmb_1776405402,NasdaqGM,AOT Growth and Innovation ETF,65.79,3801,4340,[],21.240204,0.4698121,45.21 - 67.085,-0.63479614,-0.009462564,21.044863,0.0,27.174173,0.0,16.31518,-0.11621,-0.11621,104756072.0,PRE,2.445344,,,63.73006,2.7201424,0.04268225,57.74173,8.708473,0.15081768,,15,0,America/New_York,EDT,-14400000,False,False,False,AOTG,,2022-06-29,,,,,,,,
Technology,technology,176,FCVT,First Trust SSI Strategic Convertible Securities ETF,https://finance.yahoo.com/research-hub/screener/sec-ind_sec-top-etfs_technology/,2026-09-21T11:41:36+00:00,en-US,US,ETF,ETF,Delayed Quote,False,LOW,1.14,40.633889,6.8567,3.68648,USD,0.07254078,51.6,50.05,NGM,54.9,41.0,1.13,,First Trust SSI Strategic Conve,48.9729,0.051200867,0.10462523,0.95,True,1446647400000,2,,,,,0.035499573,1789761600,48.9729,49.06,48.69 - 49.06,48.69,19052,48.9374,5,5,us_market,finmb_307331502,NasdaqGM,First Trust SSI Strategic Convertible Securities ETF,49.06,32842,17230,[],7.9729004,0.19446099,41.0 - 54.9,-5.927101,-0.10796177,13.687122,0.0,40.43811,0.0,15.11907,-7.03196,-7.03196,103579168.0,PRE,1.2110581,,,49.86444,-0.8915405,-0.017879285,48.182983,0.789917,0.016394107,,15,0,America/New_York,EDT,-14400000,False,False,False,FCVT,1496188800.0,,,,,,,,,
Technology,technology,177,IBOT,Vaneck Robotics ETF,https://finance.yahoo.com/research-hub/screener/sec-ind_sec-top-etfs_technology/,2026-09-21T11:41:36+00:00,en-US,US,ETF,ETF,Delayed Quote,False,LOW,0.31,29.913252,,,USD,0.5624583,87.14,48.93,NGM,69.42,47.92,0.31,,VanEck Robotics ETF,64.3,0.34500122,0.55142844,0.47,True,1681133400000,2,1.3900032,2.2095108,1789990631.0,64.3,0.351902,1789761600,62.9169,62.9169,62.2812 - 62.9169,62.2812,7256,62.565,2,2,us_market,finmb_1828846340,NasdaqGM,Vaneck Robotics ETF,62.57,16587,13120,[],14.996902,0.31295708,47.92 - 69.42,-6.5030975,-0.09367758,24.287855,0.0,28.679718,0.0,24.88567,-0.54628,-0.54628,103219704.0,PRE,2.1937768,,,65.0984,-2.1814957,-0.033510745,60.712475,2.2044258,0.036309272,,15,0,America/New_York,EDT,-14400000,False,False,False,IBOT,,2023-04-06,,,,,,,,
Technology,technology,178,QCJL,FT Vest NASDAQ-100 Conservative Buffer ETF - July,https://finance.yahoo.com/research-hub/screener/sec-ind_sec-top-etfs_technology/,2026-09-21T11:41:36+00:00,en-US,US,ETF,ETF,Delayed Quote,False,LOW,0.0,29.137529,,,USD,0.217213,40.24,0.0,BTS,26.12,23.01,0.0,,FT Vest Nasdaq-100 Conservative,25.7913,0.0559006,0.217213,0.9,True,1721655000000,2,,,,,0.0559006,1789761243,25.7913,25.7913,25.7499 - 25.7913,25.7499,12354,25.7354,300,400,us_market,finmb_1878152554,Cboe US,FT Vest NASDAQ-100 Conservative Buffer ETF - July,25.681,38314,15560,[],2.7812996,0.12087351,23.01 - 26.12,-0.32870102,-0.012584265,10.88134,0.0,29.229668,0.0,8.30173,2.96474,2.96474,100228904.0,PRE,0.8823672,,,25.45404,0.3372593,0.013249735,24.478985,1.312315,0.053609863,,15,0,America/New_York,EDT,-14400000,False,False,False,QCJL,,,,,,,,,,
Technology,technology,179,DISK,Tema Memory ETF,https://finance.yahoo.com/research-hub/screener/sec-ind_sec-top-etfs_technology/,2026-09-21T11:41:36+00:00,en-US,US,EQUITY,Equity,Nasdaq Real Time Price,False,LOW,,,,,USD,5.67148,40.34,39.75,PCX,50.46,28.35,,,Tema Memory ETF,40.68,1.2099991,3.065617,,True,1782826200000,2,1.2099991,3.065617,1789989557.0,40.68,2.12,1789761600,39.5,39.5,37.82 - 39.5,37.82,81357,37.38,200,600,us_market,finmb_1997619170,NYSEArca,Tema Memory ETF,37.91,325259,147440,[],11.15,0.39329803,28.35 - 50.46,-10.959999,-0.21720172,-21.471172,0.0,14.737554,0.0,,,,,PRE,2.6802278,,,36.429,3.0709991,0.08430094,37.28544,2.2145615,0.059394807,,15,0,America/New_York,EDT,-14400000,False,False,False,DISK,,,,,,,,,,
Technology,technology,180,NMAR,Innovator Growth-100 Power Buffer ETF - March,https://finance.yahoo.com/research-hub/screener/sec-ind_sec-top-etfs_technology/,2026-09-21T11:41:36+00:00,en-US,US,ETF,ETF,Delayed Quote,False,LOW,0.0,29.137529,,,USD,0.223568,51.34,0.0,BTS,32.906,26.78,0.0,,Innovator Growth-100 Power Buff,32.9056,0.0734024,0.223568,0.79,True,1741012200000,2,,,,,0.0734024,1789752307,32.9056,32.9056,32.79 - 32.9056,32.79,17226,32.8322,300,300,us_market,finmb_1916144924,Cboe US,Innovator Growth-100 Power Buffer ETF - March,32.81,4598,4560,[],6.125601,0.22873789,26.78 - 32.906,-0.00039672852,-1.2056419e-05,14.575207,0.0,29.32073,0.0,10.94635,1.53291,1.53291,92472192.0,PRE,1.122264,,,32.39056,0.51504135,0.015900971,30.97505,1.9305515,0.062326018,,15,0,America/New_York,EDT,-14400000,False,False,False,NMAR,,,,,,,,,,
Technology,technology,181,PBQQ,PGIM Laddered Nasdaq-100 Buffer 12 ETF,https://finance.yahoo.com/research-hub/screener/sec-ind_sec-top-etfs_technology/,2026-09-21T11:41:36+00:00,en-US,US,ETF,ETF,Nasdaq Real Time Price,False,LOW,0.01,29.137529,,,USD,0.13043308,40.7,22.63,NGM,32.23,27.773,0.01,,PGIM Laddered Nasdaq-100 Buffer,32.09,-0.03319931,-0.103591815,0.5,True,1736346600000,2,,,,,0.041801453,1789761600,32.09,32.09,31.81 - 32.09,31.81,3142,32.0482,2,2,us_market,finmb_1899573706,NasdaqGM,PGIM Laddered Nasdaq-100 Buffer 12 ETF,31.81,24923,16600,[],4.3169994,0.1554387,27.773 - 32.23,-0.13999939,-0.00434376,14.362085,0.0,29.394327,0.0,10.39033,1.14629,1.14629,90339416.0,PRE,1.0917072,,,31.5451,0.5449009,0.01727371,30.14631,1.9436893,0.0644752,,15,0,America/New_York,EDT,-14400000,False,False,False,PBQQ,,2025-01-02,,,,,,,,
Technology,technology,182,IQM,Franklin Intelligent Machines ETF,https://finance.yahoo.com/research-hub/screener/sec-ind_sec-top-etfs_technology/,2026-09-21T11:41:36+00:00,en-US,US,ETF,ETF,Delayed Quote,False,LOW,0.0,33.079722,,,USD,1.97955,0.0,104.64,BTS,126.21,79.585,0.0,,Franklin Intelligent Machines E,107.031,2.0776,1.97955,0.5,True,1582813800000,2,,,,,2.0776,1789750443,107.031,107.0306,105.81 - 107.0306,105.81,11351,104.953,100,100,us_market,finmb_641524304,Cboe US,Franklin Intelligent Machines ETF,105.72,8123,5010,[],27.446,0.34486398,79.585 - 126.21,-19.179,-0.15196103,22.166168,0.0,34.139,0.0,18.66899,-11.55519,-11.55519,88072984.0,PRE,3.1351533,,,105.99362,1.0373764,0.009787159,101.72899,5.3020096,0.052118964,,15,0,America/New_York,EDT,-14400000,False,False,False,IQM,,,,,,,,,,
Technology,technology,183,FCUS,Pinnacle Focused Opportunities ETF,https://finance.yahoo.com/research-hub/screener/sec-ind_sec-top-etfs_technology/,2026-09-21T11:41:36+00:00,en-US,US,ETF,ETF,Delayed Quote,False,LOW,1.14,25.0501,,,USD,0.204747,0.0,0.0,PCX,47.49,28.33,1.14,,Pinnacle Focused Opportunities ,40.3279,0.0824013,0.204747,0.8,True,1672410600000,2,,,,,0.0824013,1789760167,40.3279,40.3279,39.94 - 40.3279,39.94,11395,40.2455,100,2200,us_market,finmb_1818637720,NYSEArca,Pinnacle Focused Opportunities ETF,40.47,18798,13370,[],11.9979,0.42350513,28.33 - 47.49,-7.1621017,-0.15081283,24.734772,0.0,27.433533,0.0,17.60186,-17.50796,-17.50796,84695704.0,PRE,1.4700221,,,37.58394,2.7439613,0.07300888,38.400604,1.9272957,0.0501892,,15,0,America/New_York,EDT,-14400000,False,False,False,FCUS,,,,,,,,,,
Technology,technology,184,LAZR,Tema Photonics & Optical ETF,https://finance.yahoo.com/research-hub/screener/sec-ind_sec-top-etfs_technology/,2026-09-21T11:41:36+00:00,en-US,US,EQUITY,Equity,Nasdaq Real Time Price,False,LOW,,,,,USD,2.80092,45.45,45.46,PCX,50.82,32.55,,,Tema Photonics & Optical ETF,45.46,1.0649986,2.3989158,,True,1782826200000,2,1.0649986,2.3989158,1789990064.0,45.46,1.21,1789761600,44.41,44.5,43.665 - 44.5,43.665,68544,43.2,100,100,us_market,finmb_1997619179,NYSEArca,Tema Photonics & Optical ETF,44.01,156171,100530,[],11.860001,0.36436254,32.55 - 50.82,-6.41,-0.12613145,-12.233204,0.0,55.42931,0.0,,,,,PRE,0.8012007,,,42.1684,2.2416,0.05315829,42.4107,1.9992981,0.04714136,,15,0,America/New_York,EDT,-14400000,False,False,False,LAZR,,,,,,,,,,Luminar
Technology,technology,185,QCJA,FT Vest Nasdaq-100 Conservative Buffer ETF - January,https://finance.yahoo.com/research-hub/screener/sec-ind_sec-top-etfs_technology/,2026-09-21T11:41:36+00:00,en-US,US,ETF,ETF,Delayed Quote,False,LOW,0.0,29.137529,,,USD,0.125266,37.17,0.0,BTS,25.47,21.225,0.0,,FT Vest Nasdaq-100 Conservative,23.8195,0.0298004,0.125266,0.9,True,1737469800000,2,,,,,0.0298004,1789760074,23.8195,23.8195,23.76 - 23.8195,23.76,11962,23.7897,200,100,us_market,finmb_1878148668,Cboe US,FT Vest Nasdaq-100 Conservative Buffer ETF - January,23.7601,4650,5620,[],2.5944996,0.122237906,21.225 - 25.47,-1.6504993,-0.0648017,11.209679,0.0,29.272095,0.0,7.57713,1.45486,1.45486,82996264.0,PRE,0.8137272,,,23.50408,0.31542015,0.013419804,22.68466,1.13484,0.05002676,,15,0,America/New_York,EDT,-14400000,False,False,False,QCJA,,,,,,,,,,
Technology,technology,186,NFEB,Innovator Growth-100 Power Buffer ETF - February,https://finance.yahoo.com/research-hub/screener/sec-ind_sec-top-etfs_technology/,2026-09-21T11:41:36+00:00,en-US,US,ETF,ETF,Delayed Quote,False,LOW,0.0,29.137529,,,USD,0.192407,48.34,0.0,BTS,30.9834,25.802,0.0,,Innovator Growth-100 Power Buff,30.9834,0.0594997,0.192407,0.79,True,1738593000000,2,,,,,0.0594997,1789761220,30.9834,30.9834,30.87 - 30.9834,30.87,10068,30.9239,300,100,us_market,finmb_1900007014,Cboe US,Innovator Growth-100 Power Buffer ETF - February,30.88,4150,5500,[],5.1814003,0.2008139,25.802 - 30.9834,0.0,0.0,13.908089,0.0,29.298285,0.0,9.98462,1.5302,1.5302,82425880.0,PRE,1.0575159,,,30.49028,0.4931202,0.01617303,29.191484,1.7919159,0.061384883,,15,0,America/New_York,EDT,-14400000,False,False,False,NFEB,,,,,,,,,,
Technology,technology,187,QXQ,SGI Enhanced Nasdaq-100 ETF,https://finance.yahoo.com/research-hub/screener/sec-ind_sec-top-etfs_technology/,2026-09-21T11:41:36+00:00,en-US,US,ETF,ETF,Nasdaq Real Time Price,False,LOW,0.92,29.027576,,,USD,0.43849316,40.83,23.14,NGM,33.25,24.75,0.92,,SGI Enhanced Nasdaq-100 ETF,32.0901,0.0,0.0,0.98,True,1718371800000,2,,,,,0.14009857,1789761600,32.0901,32.22,31.85 - 32.22,31.85,3447,31.95,2,2,us_market,finmb_1878202499,NasdaqGM,SGI Enhanced Nasdaq-100 ETF,31.85,13746,7760,[],7.3400993,0.29656968,24.75 - 33.25,-1.1599007,-0.03488423,2.8591633,0.0,29.219612,0.0,16.90418,-2.82872,-2.82872,81878176.0,PRE,1.0982383,,,31.53676,0.553339,0.017545842,29.84739,2.24271,0.07513924,,15,0,America/New_York,EDT,-14400000,False,False,False,QXQ,,2024-06-14,,,,,,,,
Technology,technology,188,EGGQ,NestYield Visionary ETF,https://finance.yahoo.com/research-hub/screener/sec-ind_sec-top-etfs_technology/,2026-09-21T11:41:36+00:00,en-US,US,ETF,ETF,Delayed Quote,False,LOW,6.74,28.826751,,,USD,2.2967935,52.79,52.62,NGM,67.35,39.86,6.74,,NestYield Visionary ETF,53.2864,1.2799988,2.457283,0.93,True,1735569000000,2,,,,,1.1963997,1789761600,53.2864,53.37,52.605 - 53.37,52.605,2869,52.09,1,2,us_market,finmb_1904540239,NasdaqGM,NestYield Visionary ETF,52.605,5198,2650,[],13.426399,0.3368389,39.86 - 67.35,-14.063599,-0.20881364,4.3350577,0.0,30.35449,0.0,14.08867,-13.20065,-13.20065,80936688.0,PRE,1.75547,,,51.96116,1.3252411,0.025504457,50.470795,2.8156052,0.055786822,,15,0,America/New_York,EDT,-14400000,False,False,False,EGGQ,,2024-12-30,,,,,,,,
Technology,technology,189,NNOV,Innovator Growth-100 Power Buffer ETF - November,https://finance.yahoo.com/research-hub/screener/sec-ind_sec-top-etfs_technology/,2026-09-21T11:41:36+00:00,en-US,US,ETF,ETF,Delayed Quote,False,LOW,0.0,29.137529,,,USD,0.350683,51.18,12.95,BTS,32.193,27.26,0.0,,Innovator Growth-100 Power Buff,32.1925,0.112499,0.350683,0.79,True,1730467800000,2,,,,,0.112499,1789760989,32.1925,32.1925,32.025 - 32.1925,32.025,8853,32.08,1900,500,us_market,finmb_1888766693,Cboe US,Innovator Growth-100 Power Buffer ETF - November,32.0401,11784,15600,[],4.932501,0.1809428,27.26 - 32.193,-0.00049972534,-1.5522795e-05,13.076925,0.0,29.363094,0.0,11.20109,1.63014,1.63014,80614400.0,PRE,1.0963593,,,31.54236,0.65014076,0.020611672,30.00707,2.1854305,0.07283052,,15,0,America/New_York,EDT,-14400000,False,False,False,NNOV,,,,,,,,,,
Technology,technology,190,QMAG,FT Vest Nasdaq-100 Moderate Buffer ETF - August,https://finance.yahoo.com/research-hub/screener/sec-ind_sec-top-etfs_technology/,2026-09-21T11:41:36+00:00,en-US,US,ETF,ETF,Delayed Quote,False,LOW,0.0,29.137529,,,USD,0.231755,0.0,0.0,BTS,26.04,22.64,0.0,,FT Vest Nasdaq-100 Moderate Buf,25.95,0.0600014,0.231755,0.9,True,1724074200000,2,,,,,0.0600014,1789761312,25.95,25.95,25.8579 - 25.95,25.8579,23707,25.89,100,400,us_market,finmb_1880456551,Cboe US,FT Vest Nasdaq-100 Moderate Buffer ETF - August,26.0,38212,37230,[],3.3100014,0.14620148,22.64 - 26.04,-0.09000015,-0.003456227,11.853445,0.0,29.261568,0.0,9.21386,2.25564,2.25564,80095192.0,PRE,0.8868288,,,25.60432,0.34568024,0.013500855,24.5251,1.4249,0.05809966,,15,0,America/New_York,EDT,-14400000,False,False,False,QMAG,,,,,,,,,,
Technology,technology,191,DTEC,ALPS Disruptive Technologies ETF,https://finance.yahoo.com/research-hub/screener/sec-ind_sec-top-etfs_technology/,2026-09-21T11:41:36+00:00,en-US,US,ETF,ETF,Delayed Quote,False,LOW,0.03,22.396417,24.88422,5.0539,USD,-1.15662,81.2,20.54,PCX,53.888,41.99,0.03,,ALPS Disruptive Technologies ET,51.07,-0.597599,-1.15662,0.5,True,1514557800000,2,,,,,-0.597599,1789761600,51.07,51.14,51.07 - 51.14,51.07,9588,51.6676,900,200,us_market,finmb_542955127,NYSEArca,ALPS Disruptive Technologies ETF,51.6,5090,12570,[],9.079998,0.21624191,41.99 - 53.888,-2.8180008,-0.052293662,-1.273948,0.0,21.386955,0.0,10.02181,5.99244,5.99244,77546808.0,PRE,2.3879042,,,51.02442,0.045578003,0.0008932586,48.05233,3.0176697,0.062799655,,15,0,America/New_York,EDT,-14400000,False,False,False,DTEC,,,,,,,,,,
Technology,technology,192,XITK,State Street SPDR FactSet Innovative Technology ETF,https://finance.yahoo.com/research-hub/screener/sec-ind_sec-top-etfs_technology/,2026-09-21T11:41:36+00:00,en-US,US,ETF,ETF,Delayed Quote,False,LOW,0.0,27.344818,45.8896,-11.27798,USD,-0.3948,311.16,78.67,PCX,211.225,141.05,0.0,,State Street SPDR FactSet Innov,195.702,-0.775696,-0.3948,0.45,True,1452781800000,2,,,,,-0.775696,1789652560,195.702,195.7023,195.7023 - 195.7023,195.7023,60,196.478,500,1200,us_market,finmb_316670248,NYSEArca,State Street SPDR FactSet Innovative Technology ETF,196.16,2509,1540,[],54.651993,0.3874654,141.05 - 211.225,-15.52301,-0.0734904,-0.4592955,0.0,26.707117,0.0,12.36833,-0.05998,-0.05998,70131208.0,PRE,7.3277097,,,193.49281,2.2091827,0.011417389,178.06628,17.635712,0.09904015,,15,0,America/New_York,EDT,-14400000,False,False,False,XITK,,,,,,,,,,
Technology,technology,193,AMUU,Direxion Daily AMD Bull 2X Shares,https://finance.yahoo.com/research-hub/screener/sec-ind_sec-top-etfs_technology/,2026-09-21T11:41:36+00:00,en-US,US,ETF,ETF,Delayed Quote,False,LOW,0.82,59.988002,,,USD,5.2469983,197.81,196.89,NGM,293.65,37.32,0.82,,Direxion Daily AMD Bull 2X ETF,248.97,11.950012,5.300986,1.06,True,1743687000000,2,11.589996,4.8824654,1789990809.0,248.97,11.828308,1789761600,237.2583,237.38,223.35 - 237.38,223.35,53868,225.43,1,1,us_market,finmb_1901291801,NasdaqGM,Direxion Daily AMD Bull 2X Shares,225.0,85384,60890,[],199.9383,5.3574033,37.32 - 293.65,-56.391693,-0.1920371,493.73874,0.0,82.7768,0.0,216.74396,-29.68533,-29.68533,68691016.0,PRE,2.8662415,,,196.45831,40.799988,0.20767759,129.42665,107.83165,0.8331487,,15,0,America/New_York,EDT,-14400000,False,False,False,AMUU,,2025-02-12,,,,,,,,
Technology,technology,194,XDQQ,Innovator Growth-100 Accelerated ETF – Quarterly,https://finance.yahoo.com/research-hub/screener/sec-ind_sec-top-etfs_technology/,2026-09-21T11:41:36+00:00,en-US,US,ETF,ETF,Delayed Quote,False,LOW,0.0,29.137529,,,USD,0.507004,63.35,16.03,BTS,41.15,35.61,0.0,,Innovator Growth Accelerated ET,39.8457,0.201,0.507004,0.79,True,1617283800000,2,,,,,0.201,1789760999,39.8457,39.8457,39.53 - 39.8457,39.53,7948,39.6447,200,100,us_market,finmb_707936501,Cboe US,Innovator Growth-100 Accelerated ETF – Quarterly,39.69,14655,7950,[],4.2356987,0.11894689,35.61 - 41.15,-1.3043022,-0.031696286,5.440593,0.0,29.16124,0.0,0.80822,-1.85695,-1.85695,65691956.0,PRE,1.3663925,,,39.46838,0.37731934,0.009560041,39.568424,0.2772751,0.007007484,,15,0,America/New_York,EDT,-14400000,False,False,False,XDQQ,,,,,,,,,,
Technology,technology,195,SOXY,YieldMax Target 12 Semiconductor Option Income ETF,https://finance.yahoo.com/research-hub/screener/sec-ind_sec-top-etfs_technology/,2026-09-21T11:41:36+00:00,en-US,US,ETF,ETF,Delayed Quote,False,LOW,8.15,38.2263,,,USD,2.11652,0.0,79.0,PCX,115.36,54.28,8.15,,YieldMax Target 12 Semiconducto,92.5,2.8499985,3.1790278,1.06,True,1733236200000,2,1.8722,2.065812,1789989686.0,92.5,1.8784,1789761029,90.6278,90.6278,89.19 - 90.6278,89.19,15661,88.7494,100,1100,us_market,finmb_1892614468,NYSEArca,YieldMax Target 12 Semiconductor Option Income ETF,88.98,17606,10600,[],36.3478,0.66963524,54.28 - 115.36,-24.7322,-0.21439147,62.28199,0.0,39.241947,0.0,59.33676,-9.54663,-9.54663,64004600.0,PRE,2.3094623,,,91.0092,-0.38140106,-0.0041907965,80.06975,10.558052,0.13186069,,15,0,America/New_York,EDT,-14400000,False,False,False,SOXY,,,,,,,,,,
Technology,technology,196,LINT,Direxion Daily INTC Bull 2X ETF,https://finance.yahoo.com/research-hub/screener/sec-ind_sec-top-etfs_technology/,2026-09-21T11:41:36+00:00,en-US,US,ETF,ETF,Nasdaq Real Time Price,False,LOW,,,,,USD,-0.26694393,119.28,118.24,NGM,266.71,23.867,,,Direxion Daily INTC Bull 2X ETF,147.96,13.7400055,10.236928,0.97,True,1763562600000,2,13.7400055,10.236928,1789990727.0,147.96,-0.3600006,1789761600,134.5,137.82,128.79 - 137.82,128.79,87188,134.86,1,1,us_market,finmb_1951017546,NasdaqGM,Direxion Daily INTC Bull 2X ETF,136.94,133669,126560,[],110.632996,4.635396,23.867 - 266.71,-132.20999,-0.49570695,414.91138,0.0,287.31525,0.0,244.27939,-50.16786,-50.16786,63364796.0,PRE,0.46812692,,,113.65816,20.841843,0.18337305,97.28303,37.216972,0.3825639,,15,0,America/New_York,EDT,-14400000,False,False,False,LINT,,2025-11-19,,,,,,,,
Technology,technology,197,QCOC,FT Vest Nasdaq-100 Conservative Buffer ETF – October,https://finance.yahoo.com/research-hub/screener/sec-ind_sec-top-etfs_technology/,2026-09-21T11:41:36+00:00,en-US,US,ETF,ETF,Delayed Quote,False,LOW,0.0,29.137529,,,USD,0.163595,38.93,9.85,BTS,24.49,21.61,0.0,,FT Vest Nasdaq-100 Conservative,24.49,0.039999,0.163595,0.9,True,1729517400000,2,,,,,0.039999,1789761023,24.49,24.49,24.44 - 24.49,24.44,20403,24.45,300,200,us_market,finmb_1878153387,Cboe US,FT Vest Nasdaq-100 Conservative Buffer ETF – October,24.42,10504,10910,[],2.8799992,0.13327159,21.61 - 24.49,0.0,0.0,11.4448185,0.0,29.317095,0.0,8.46702,1.969,1.969,63283032.0,PRE,0.8353488,,,24.12144,0.36855888,0.015279306,23.190294,1.2997055,0.056045234,,15,0,America/New_York,EDT,-14400000,False,False,False,QCOC,,,,,,,,,,
Technology,technology,198,NDEC,Innovator Growth-100 Power Buffer ETF - December,https://finance.yahoo.com/research-hub/screener/sec-ind_sec-top-etfs_technology/,2026-09-21T11:41:36+00:00,en-US,US,ETF,ETF,Delayed Quote,False,LOW,0.0,29.137529,,,USD,0.251148,47.96,0.0,BTS,30.7361,26.33,0.0,,Innovator Growth-100 Power Buff,30.7361,0.0769997,0.251148,0.79,True,1733149800000,2,,,,,0.0769997,1789756976,30.7361,30.7361,30.66 - 30.7361,30.66,956,30.6591,300,100,us_market,finmb_1897425538,Cboe US,Innovator Growth-100 Power Buffer ETF - December,30.66,13934,1960,[],4.4060993,0.16734141,26.33 - 30.7361,0.0,0.0,13.71069,0.0,29.305431,0.0,10.20315,1.75106,1.75106,62610512.0,PRE,1.0488192,,,30.2063,0.5297985,0.017539337,28.84243,1.8936691,0.06565567,,15,0,America/New_York,EDT,-14400000,False,False,False,NDEC,,,,,,,,,,
Technology,technology,199,KWIN,KraneShares Wahed Alternative Income Index ETF,https://finance.yahoo.com/research-hub/screener/sec-ind_sec-top-etfs_technology/,2026-09-21T11:41:36+00:00,en-US,US,ETF,ETF,Delayed Quote,False,LOW,,,,,USD,0.0476348,0.0,0.0,PCX,27.11,24.41,,,KraneShares Wahed Alternative I,25.8308,0.0122986,0.0476348,0.51,True,1762353000000,2,,,,,0.0122986,1789753430,25.8308,25.86,25.82 - 25.86,25.82,8006,25.8185,100,100,us_market,finmb_1961948538,NYSEArca,KraneShares Wahed Alternative Income Index ETF,25.82,15001,13450,[],1.4207993,0.058205623,24.41 - 27.11,-1.2792015,-0.047185596,3.2661676,0.0,32.99685,0.0,2.22222,0.86139,0.86139,61817436.0,PRE,0.78282624,,,25.73302,0.09777832,0.0037997218,25.503345,0.3274536,0.012839634,,15,0,America/New_York,EDT,-14400000,False,False,False,KWIN,,,,,,,,,,
Technology,technology,200,LABX,Tradr 2X Long ALAB Daily ETF,https://finance.yahoo.com/research-hub/screener/sec-ind_sec-top-etfs_technology/,2026-09-21T11:41:36+00:00,en-US,US,ETF,ETF,Nasdaq Real Time Price,False,LOW,,,,,USD,6.59025,0.0,11.8,BTS,39.041668,2.0,0.0,,Tradr 2X Long ALAB Daily ETF,11.7003,0.53030014,4.747539,1.3,True,1755005400000,2,0.53030014,4.747539,1789990846.0,11.7003,0.69,1789761600,11.16,11.18,10.47 - 11.18,10.47,1633470,10.47,4900,4900,us_market,finmb_1944655750,Cboe US,Tradr 2X Long ALAB Daily ETF,10.85,1200547,1549720,[],9.16,4.58,2.0 - 39.041668,-27.881668,-0.71415156,-45.614033,0.0,,0.0,48.84948,-45.46311,-45.46311,61194384.0,PRE,,,,12.664,-1.5039997,-0.11876182,10.599475,0.56052494,0.052882332,,15,0,America/New_York,EDT,-14400000,False,False,False,LABX,,,,,,,,,,
Technology,technology,201,EGGS,NestYield Total Return Guard ETF,https://finance.yahoo.com/research-hub/screener/sec-ind_sec-top-etfs_technology/,2026-09-21T11:41:36+00:00,en-US,US,ETF,ETF,Delayed Quote,False,LOW,18.22,28.993911,,,USD,2.02794,57.81,0.0,PCX,45.5,33.225,18.22,,NestYield Total Return Guard ET,36.36,0.722702,2.02794,0.93,True,1735309800000,2,,,,,0.722702,1789761593,36.36,36.7499,35.88 - 36.7499,35.88,11295,35.6373,100,300,us_market,finmb_1901198377,NYSEArca,NestYield Total Return Guard ETF,36.245,11326,12220,[],3.1350021,0.09435673,33.225 - 45.5,-9.139999,-0.20087911,-17.018509,0.0,29.532993,0.0,4.68731,-7.88533,-7.88533,57935268.0,PRE,1.2311654,,,36.9004,-0.54039764,-0.014644764,38.06263,-1.7026291,-0.044732302,,15,0,America/New_York,EDT,-14400000,False,False,False,EGGS,,,,,,,,,,
Technology,technology,202,TEKY,Lazard Next Gen Technologies ETF,https://finance.yahoo.com/research-hub/screener/sec-ind_sec-top-etfs_technology/,2026-09-21T11:41:36+00:00,en-US,US,ETF,ETF,Delayed Quote,False,LOW,0.17,34.928397,,,USD,1.0021622,45.3,45.17,NGM,47.605,32.22,0.17,,Lazard Next Gen Technologies ET,44.3753,0.122299194,0.27836394,0.5,True,1744032600000,2,,,,,0.4403,1789761600,44.3753,44.3753,44.03 - 44.3753,44.03,1856,43.935,4,4,us_market,finmb_1932827824,NasdaqGM,Lazard Next Gen Technologies ETF,44.13,441,620,[],12.1553,0.37725946,32.22 - 47.605,-3.2296982,-0.067843676,14.708543,0.0,35.670746,0.0,18.35726,-3.99306,-3.99306,57514592.0,PRE,1.244025,,,43.78808,0.58722305,0.013410569,40.50152,3.873783,0.09564538,,15,0,America/New_York,EDT,-14400000,False,False,False,TEKY,,2025-04-07,,,,,,,,
Technology,technology,203,SGRT,SMART Earnings Growth 30 ETF,https://finance.yahoo.com/research-hub/screener/sec-ind_sec-top-etfs_technology/,2026-09-21T11:41:36+00:00,en-US,US,EQUITY,Equity,Delayed Quote,False,LOW,,,,,USD,0.537838,0.0,30.74,PCX,38.43,21.04,,,SMART Earnings Growth 30 ETF,33.72,0.060001373,0.17953733,,True,1755696600000,2,0.24090195,0.71955925,1789989650.0,33.72,0.1791,1789761282,33.4791,33.4791,33.21 - 33.4791,33.21,15331,33.3,500,100,us_market,finmb_1954815092,NYSEArca,SMART Earnings Growth 30 ETF,33.38,40755,18000,[],12.439098,0.59121186,21.04 - 38.43,-4.950901,-0.12882906,45.257725,0.0,23.688522,0.0,,,,,PRE,1.4133047,,,32.37492,1.1041794,0.034106012,30.58667,2.8924294,0.09456503,,15,0,America/New_York,EDT,-14400000,False,False,False,SGRT,,,,,,,,,,
Technology,technology,204,BRLN,iShares Floating Rate Loan Active ETF,https://finance.yahoo.com/research-hub/screener/sec-ind_sec-top-etfs_technology/,2026-09-21T11:41:36+00:00,en-US,US,ETF,ETF,Nasdaq Real Time Price,False,LOW,8.6,12.830382345393893,,,USD,-0.0196663,0.0,0.0,BTS,52.12,50.101,6.15,,iShares Floating Rate Loan Acti,50.83,-0.00999832,-0.0196663,0.55,True,1665063000000,2,,,,,-0.00999832,1789760880,50.83,50.9099,50.77 - 50.9099,50.77,16271,50.84,1200,4100,us_market,finmb_1799584590,Cboe US,iShares Floating Rate Loan Active ETF,50.79,6568,8430,[],0.7290001,0.0145506095,50.101 - 52.12,-1.2899971,-0.024750521,-2.3626566,0.0,,0.0,2.53601,1.41243,1.41243,53847092.0,PRE,,,,50.74334,0.08666229,0.0017078555,50.98554,-0.15553665,-0.0030506032,,15,0,America/New_York,EDT,-14400000,False,False,False,BRLN,,,,,,,,,,
Technology,technology,205,QQQA,ProShares Nasdaq-100 Dorsey Wright Momentum ETF,https://finance.yahoo.com/research-hub/screener/sec-ind_sec-top-etfs_technology/,2026-09-21T11:41:36+00:00,en-US,US,ETF,ETF,Delayed Quote,False,LOW,0.03,39.635355,,,USD,0.08841977,95.2,53.92,NGM,88.237,44.69,0.03,,ProShares Nasdaq-100 Dorsey Wri,68.8308,0.069999695,0.10178813,0.58,True,1621517400000,2,,,,,0.060806274,1789761600,68.8308,68.93,68.335 - 68.93,68.335,15917,68.77,2,2,us_market,finmb_706895731,NasdaqGM,ProShares Nasdaq-100 Dorsey Wright Momentum ETF,68.93,38004,11530,[],24.140804,0.5401836,44.69 - 88.237,-19.406197,-0.21993265,46.717392,0.0,38.70791,0.0,41.19661,-8.30125,-8.30125,53648872.0,PRE,1.7782103,,,70.89698,-2.0661774,-0.029143376,63.40277,5.428032,0.0856119,,15,0,America/New_York,EDT,-14400000,False,False,False,QQQA,,2021-05-20,,,,,,,,
Technology,technology,206,DRUP,GraniteShares ETF Trust - GraniteShares Nasdaq Select Disruptors ETF,https://finance.yahoo.com/research-hub/screener/sec-ind_sec-top-etfs_technology/,2026-09-21T11:41:36+00:00,en-US,US,ETF,ETF,Delayed Quote,False,LOW,0.0,29.895366,,,USD,-1.21334,109.95,27.81,PCX,70.99,52.833,0.0,,GraniteShares Nasdaq Select Dis,69.1556,-0.849396,-1.21334,0.6,True,1570455000000,2,,,,,-0.849396,1789761464,69.1556,69.32,69.095 - 69.32,69.095,4242,70.005,1100,300,us_market,finmb_633957515,NYSEArca,GraniteShares ETF Trust - GraniteShares Nasdaq Select Disruptors ETF,69.05,1769,4320,[],16.322601,0.3089471,52.833 - 70.99,-1.8343964,-0.025840208,4.0424824,0.0,29.289259,0.0,5.69288,8.05636,8.05636,52913948.0,PRE,2.361125,,,67.14874,2.0068588,0.029886767,62.716194,6.4394073,0.102675356,,15,0,America/New_York,EDT,-14400000,False,False,False,DRUP,,,,,,,,,,
Technology,technology,207,FNGD,MicroSectors FANG+ Index -3X Inverse Leveraged ETN,https://finance.yahoo.com/research-hub/screener/sec-ind_sec-top-etfs_technology/,2026-09-21T11:41:36+00:00,en-US,US,ETF,ETF,Delayed Quote,False,LOW,0.0,27.631943,-90.12474,-59.89147,USD,-0.380519,25.49,25.24,PCX,87.38,25.25,0.0,CAD,MicroSectors FANG  Index -3X In,25.38,-0.77009964,-2.9550908,0.95,True,1516717800000,2,-0.80000114,-3.055772,1789989067.0,25.38,-0.1,1789761600,26.18,26.5886,26.0 - 26.5886,26.0,252185,26.28,1100,300,us_market,finmb_557346799,NYSEArca,MicroSectors FANG+ Index -3X Inverse Leveraged ETN,26.04,418784,312530,[],0.9300003,0.036831696,25.25 - 87.38,-61.199997,-0.7003891,-45.684647,0.0,27.474525,0.0,-49.79196,-13.5576,-13.5576,52759520.0,PRE,0.9528827,652099968.0,,29.79508,-3.6150799,-0.12133144,46.05077,-19.87077,-0.431497,,15,0,America/New_York,EDT,-14400000,False,False,False,FNGD,,,1756125000.0,1756470600.0,1748433600.0,1748433600.0,False,,,
Technology,technology,208,ASIA,Matthews Pacific Tiger Active ETF,https://finance.yahoo.com/research-hub/screener/sec-ind_sec-top-etfs_technology/,2026-09-21T11:41:36+00:00,en-US,US,ETF,ETF,Delayed Quote,False,LOW,0.86,16.644474,,,USD,0.331768,0.0,0.0,PCX,47.47,32.15,0.86,,Matthews Pacific Tiger Active E,41.0378,0.1357,0.331768,0.79,True,1695648600000,2,,,,,0.1357,1789744625,41.0378,41.0378,40.82 - 41.0378,40.82,243,40.9021,400,400,us_market,finmb_1847706201,NYSEArca,Matthews Pacific Tiger Active ETF,40.82,4142,2140,[],8.887798,0.27644783,32.15 - 47.47,-6.4322014,-0.13550034,23.185444,0.0,16.366814,0.0,22.49486,-6.94968,-6.94968,52167044.0,PRE,2.5073788,,,40.97228,0.06552124,0.0015991603,39.164104,1.8736954,0.04784216,,15,0,America/New_York,EDT,-14400000,False,False,False,ASIA,,,,,,,,,,
Technology,technology,209,QLDY,Defiance NASDAQ 100 Lightningspread Income ETF,https://finance.yahoo.com/research-hub/screener/sec-ind_sec-top-etfs_technology/,2026-09-21T11:41:36+00:00,en-US,US,ETF,ETF,Delayed Quote,False,LOW,,,,,USD,0.78617793,54.61,30.99,NGM,52.35,37.4,,,Defiance Nasdaq 100 LightningSp,40.75,0.35170364,0.8797364,1.04,True,1758202200000,2,0.41999817,1.0414038,1789990880.0,40.75,0.31430054,1789761600,40.2926,40.33,39.915 - 40.33,39.915,34877,39.9783,2,2,us_market,finmb_1932145366,NasdaqGM,Defiance NASDAQ 100 Lightningspread Income ETF,40.05,40661,38030,[],2.8925972,0.07734217,37.4 - 52.35,-12.0574,-0.23032282,-21.379513,0.0,28.497044,0.0,12.84686,-6.5054,-6.5054,50976564.0,PRE,1.4139221,,,41.55702,-1.2644196,-0.030426137,44.164444,-3.8718452,-0.087668836,,15,0,America/New_York,EDT,-14400000,False,False,False,QLDY,,2025-09-18,,,,,,,,
Technology,technology,210,CNAV,Mohr Company Nav ETF,https://finance.yahoo.com/research-hub/screener/sec-ind_sec-top-etfs_technology/,2026-09-21T11:41:36+00:00,en-US,US,ETF,ETF,Delayed Quote,False,LOW,0.0,24.9066,,,USD,-0.0575739,0.0,0.0,BTS,48.17,28.72,0.0,,Mohr Company Nav ETF,40.4467,-0.0233002,-0.0575739,1.31,True,1727789400000,2,,,,,-0.0233002,1789755015,40.4467,40.4467,40.239 - 40.4467,40.239,17333,40.47,2000,1900,us_market,finmb_1856921954,Cboe US,Mohr Company Nav ETF,40.28,8133,8910,[],11.726702,0.40831134,28.72 - 48.17,-7.723297,-0.16033418,32.071842,0.0,25.817266,0.0,26.442,-9.04429,-9.04429,49163576.0,PRE,1.5666531,,,39.50582,0.9408798,0.023816232,36.70799,3.7387123,0.1018501,,15,0,America/New_York,EDT,-14400000,False,False,False,CNAV,,,,,,,,,,
Technology,technology,211,QQQT,Defiance Nasdaq 100 Income Target ETF,https://finance.yahoo.com/research-hub/screener/sec-ind_sec-top-etfs_technology/,2026-09-21T11:41:36+00:00,en-US,US,ETF,ETF,Delayed Quote,False,LOW,15.04,29.137529,,,USD,0.3671109,23.32,13.07,NGM,19.45,15.24,15.04,,Defiance Nasdaq 100 Income Targ,17.2,0.049999237,0.28152725,1.2,True,1718976600000,2,-0.6099987,-3.425035,1789977603.0,17.2,0.0651989,1789761600,17.8252,17.8252,17.6943 - 17.8252,17.6943,10256,17.76,2,1,us_market,finmb_1869443374,NasdaqGM,Defiance Nasdaq 100 Income Target ETF,17.7899,33304,19150,[],2.5851994,0.16963251,15.24 - 19.45,-1.6248016,-0.083537355,-4.166669,0.0,28.833427,0.0,16.27053,-2.00417,-2.00417,49086104.0,PRE,0.618213,,,17.85716,-0.03196144,-0.0017898389,17.64221,0.18298912,0.010372234,,15,0,America/New_York,EDT,-14400000,False,False,False,QQQT,,2024-06-21,,,,,,,,
Technology,technology,212,QVOL,Infrastructure Capital NASDAQ Option Income ETF,https://finance.yahoo.com/research-hub/screener/sec-ind_sec-top-etfs_technology/,2026-09-21T11:41:36+00:00,en-US,US,ETF,ETF,Delayed Quote,False,LOW,,,,,USD,0.712305,128.76,72.91,NGM,107.59,91.4,,,Infrastructure Capital Nasdaq O,98.8,0.46500397,0.4740585,0.82,True,1778592600000,2,0.24500275,0.24859494,1789988409.0,98.8,0.69869995,1789761600,98.7887,98.7887,98.0043 - 98.7887,98.0043,7028,98.09,2,2,us_market,finmb_1977965899,NasdaqGM,Infrastructure Capital NASDAQ Option Income ETF,98.28,11114,11480,[],7.388695,0.08083911,91.4 - 107.59,-8.8013,-0.081804074,0.040507317,0.0,28.666409,0.0,,-2.85564,-2.85564,48796332.0,PRE,3.4461484,,,98.6324,0.15629578,0.0015846292,99.96067,-1.1719742,-0.011724353,,15,0,America/New_York,EDT,-14400000,False,False,False,QVOL,,2026-05-12,,,,,,,,
Technology,technology,213,CARZ,First Trust S-Network Future Vehicles & Technology ETF,https://finance.yahoo.com/research-hub/screener/sec-ind_sec-top-etfs_technology/,2026-09-21T11:41:36+00:00,en-US,US,ETF,ETF,Nasdaq Real Time Price,False,LOW,1.29,23.234201,41.51352,17.61356,USD,0.1694599,108.87,105.23,NGM,123.17,70.12,1.29,,First Trust S-Network Future Ve,106.4,-0.6549988,-0.61664355,0.7,True,1305034200000,2,,,,,0.1800003,1789761600,106.4,106.4,105.565 - 106.4,105.565,276,106.22,2,2,us_market,finmb_132416257,NasdaqGM,First Trust S-Network Future Vehicles & Technology ETF,105.565,4126,4240,[],36.28,0.5173987,70.12 - 123.17,-16.769997,-0.13615327,45.693554,,23.317478,,35.99282,-11.1465,-11.1465,47710108.0,PRE,4.563101,,,105.559,0.8410034,0.0079671405,96.72445,9.675552,0.10003213,,15,0,America/New_York,EDT,-14400000,False,False,False,CARZ,1483056000.0,,,,,,,,,
Technology,technology,214,QMFE,FT Vest Nasdaq-100 Moderate Buffer ETF - February,https://finance.yahoo.com/research-hub/screener/sec-ind_sec-top-etfs_technology/,2026-09-21T11:41:36+00:00,en-US,US,ETF,ETF,Delayed Quote,False,LOW,0.0,29.137529,,,USD,0.24131,39.43,9.97,BTS,24.8,21.451,0.0,,FT Vest Nasdaq-100 Moderate Buf,24.7997,0.0597,0.24131,0.9,True,1740407400000,2,,,,,0.0597,1789756280,24.7997,24.7997,24.755 - 24.7997,24.755,370,24.74,800,500,us_market,finmb_1880453233,Cboe US,FT Vest Nasdaq-100 Moderate Buffer ETF - February,24.755,5273,3010,[],3.3486996,0.15610924,21.451 - 24.8,-0.00029945374,-1.2074748e-05,14.496767,0.0,29.290716,0.0,10.86664,1.56314,1.56314,46916020.0,PRE,0.8466744,,,24.43164,0.36805916,0.015064856,23.386585,1.4131145,0.06042415,,15,0,America/New_York,EDT,-14400000,False,False,False,QMFE,,,,,,,,,,
Technology,technology,215,FMET,Fidelity Metaverse ETF,https://finance.yahoo.com/research-hub/screener/sec-ind_sec-top-etfs_technology/,2026-09-21T11:41:36+00:00,en-US,US,ETF,ETF,Nasdaq Real Time Price,False,LOW,0.49,21.944262,,,USD,-0.52106166,49.15,27.89,NGM,40.249,30.14,0.49,,Fidelity Metaverse ETF,38.4506,-0.3769989,-0.9753671,0.39,True,1650547800000,2,,,,,-0.20140076,1789761600,38.4506,38.82,38.275 - 38.82,38.275,1126,38.652,2,2,us_market,finmb_1773387411,NasdaqGM,Fidelity Metaverse ETF,38.82,3247,2090,[],8.3106,0.27573326,30.14 - 40.249,-1.7984009,-0.044681877,0.58597326,0.0,21.789667,0.0,7.81712,-2.14727,-2.14727,46431952.0,PRE,1.7646253,,,38.06772,0.38288116,0.010057896,36.139095,2.3115044,0.06396133,,15,0,America/New_York,EDT,-14400000,False,False,False,FMET,,,,,,,,,,
Technology,technology,216,QMNV,FT Vest Nasdaq-100 Moderate Buffer ETF – November,https://finance.yahoo.com/research-hub/screener/sec-ind_sec-top-etfs_technology/,2026-09-21T11:41:36+00:00,en-US,US,ETF,ETF,Delayed Quote,False,LOW,0.0,29.137529,,,USD,0.253224,40.09,0.0,BTS,25.72,22.16,0.0,,FT Vest Nasdaq-100 Moderate Buf,25.6949,0.0649014,0.253224,0.9,True,1731940200000,2,,,,,0.0649014,1789759784,25.6949,25.6949,25.63 - 25.6949,25.63,4033,25.63,600,500,us_market,finmb_1880458147,Cboe US,FT Vest Nasdaq-100 Moderate Buffer ETF – November,25.63,13671,5890,[],3.5349007,0.15951718,22.16 - 25.72,-0.0250988,-0.00097584765,15.301776,0.0,29.26841,0.0,9.41781,1.91388,1.91388,46007960.0,PRE,0.8779056,,,25.297,0.39789963,0.015729122,24.22607,1.4688301,0.060630143,,15,0,America/New_York,EDT,-14400000,False,False,False,QMNV,,,,,,,,,,
Technology,technology,217,GGME,Invesco Next Gen Media and Gaming ETF,https://finance.yahoo.com/research-hub/screener/sec-ind_sec-top-etfs_technology/,2026-09-21T11:41:36+00:00,en-US,US,ETF,ETF,Delayed Quote,False,LOW,0.02,25.075226,24.00432,10.73125,USD,-1.02707,0.0,0.0,PCX,66.18,49.02,0.02,USD,Invesco Next Gen Media and Gami,65.0847,-0.6754,-1.02707,0.63,True,1119533400000,2,,,,,-0.6754,1789753339,65.0847,65.0847,64.93 - 65.0847,64.93,426,65.7601,200,200,us_market,finmb_22938439,NYSEArca,Invesco Next Gen Media and Gaming ETF,65.02,2293,770,[],16.064701,0.32771727,49.02 - 66.18,-1.0952988,-0.016550299,-0.6563902,0.105,25.381237,0.0015967129,8.09562,1.18975,1.18975,45649504.0,PRE,2.564284,,64.728,63.0272,2.0575027,0.03264468,58.52045,6.564251,0.112170205,1.0055108,15,0,America/New_York,EDT,-14400000,False,False,False,GGME,,,,,,,,,,
Technology,technology,218,QQQG,Pacer Nasdaq 100 Top 50 Cash Cows Growth Leaders ETF,https://finance.yahoo.com/research-hub/screener/sec-ind_sec-top-etfs_technology/,2026-09-21T11:41:36+00:00,en-US,US,ETF,ETF,Nasdaq Real Time Price,False,LOW,0.05,34.352456,,,USD,1.4453809,39.66,22.48,NGM,33.46,21.58,0.05,,Pacer Nasdaq 100 Top 50 Cash Co,31.2046,0.4699993,1.5279561,0.49,True,1724247000000,2,,,,,0.44459915,1789761600,31.2046,31.23,30.7362 - 31.23,30.7362,16425,30.76,2,2,us_market,finmb_1888520229,NasdaqGM,Pacer Nasdaq 100 Top 50 Cash Cows Growth Leaders ETF,30.88,27547,10600,[],9.624599,0.44599625,21.58 - 33.46,-2.2553997,-0.06740585,29.53508,0.0,34.447945,0.0,28.76781,0.59691,0.59691,44189576.0,PRE,0.9058479,,,30.62846,0.57613945,0.01881059,27.261564,3.9430351,0.14463715,,15,0,America/New_York,EDT,-14400000,False,False,False,QQQG,,2024-08-20,,,,,,,,
Technology,technology,219,RGTX,Defiance Daily Target 2X Long RGTI ETF,https://finance.yahoo.com/research-hub/screener/sec-ind_sec-top-etfs_technology/,2026-09-21T11:41:36+00:00,en-US,US,ETF,ETF,Delayed Quote,False,LOW,,,,,USD,-2.4267008,15.59,9.35,NGM,501.8,7.69,2.7,,Defiance Daily Target 2X Long R,9.9804,-0.24000072,-2.4267008,1.56,True,1743514200000,2,0.33040047,3.423839,1789990736.0,9.9804,-0.24000072,1789761601,9.65,10.26,8.7801 - 10.26,8.7801,1049878,9.89,2,2,us_market,finmb_1916074345,NasdaqGM,Defiance Daily Target 2X Long RGTI ETF,10.2,856353,1101180,[],1.9599996,0.2548764,7.69 - 501.8,-492.15,-0.9807692,-92.95877,0.0,,0.0,-79.74851,-73.46068,-73.46068,43605096.0,PRE,,,,10.9136,-1.2636003,-0.11578218,27.3228,-17.6728,-0.6468151,,15,0,America/New_York,EDT,-14400000,False,False,False,RGTX,,2025-04-01,,,,,,,,
Technology,technology,220,NYSX,Global X NYSE 100 ETF,https://finance.yahoo.com/research-hub/screener/sec-ind_sec-top-etfs_technology/,2026-09-21T11:41:36+00:00,en-US,US,EQUITY,Equity,Delayed Quote,False,LOW,,,,,USD,0.679347,200.64,56.52,PCX,132.06,93.26,,,Global X NYSE 100 ETF,128.58,0.867607,0.679347,,True,1774531800000,2,,,,,0.867607,1789750534,128.58,128.5796,127.66 - 128.5796,127.66,1304,127.712,5,600,us_market,finmb_1979535294,NYSEArca,Global X NYSE 100 ETF,127.909,3357,1360,[],35.32,0.37872612,93.26 - 132.06,-3.4799957,-0.026351627,33.13315,0.0,29.103474,0.0,,,,,PRE,4.4180293,,,124.725,3.8550034,0.030908026,120.79664,7.7833633,0.06443361,,15,0,America/New_York,EDT,-14400000,False,False,False,NYSX,,,,,,,,,,
Technology,technology,221,QQWZ,Pacer Cash COWZ 100-Nasdaq 100 Rotator ETF,https://finance.yahoo.com/research-hub/screener/sec-ind_sec-top-etfs_technology/,2026-09-21T11:41:36+00:00,en-US,US,ETF,ETF,Nasdaq Real Time Price,False,LOW,0.55,17.799929,,,USD,-1.1716474,35.73,20.18,NGM,30.0,24.12,0.55,,Pacer Cash COWZ 100-Nasdaq 100 ,28.4428,-0.34000015,-1.1813765,0.49,True,1746711000000,2,,,,,-0.33720016,1789761600,28.4428,28.82,28.43 - 28.82,28.43,25919,28.78,2,2,us_market,finmb_1934482105,NasdaqGM,Pacer Cash COWZ 100-Nasdaq 100 Rotator ETF,28.82,14982,25920,[],4.3227997,0.17922054,24.12 - 30.0,-1.5571995,-0.05190665,14.550948,0.0,17.09296,0.0,17.55071,0.45352,0.45352,42911768.0,PRE,1.6640067,,,28.61248,-0.16967964,-0.005930267,27.38533,1.0574703,0.03861448,,15,0,America/New_York,EDT,-14400000,False,False,False,QQWZ,,,,,,,,,,
Technology,technology,222,TEK,iShares Technology Opportunities Active ETF,https://finance.yahoo.com/research-hub/screener/sec-ind_sec-top-etfs_technology/,2026-09-21T11:41:36+00:00,en-US,US,ETF,ETF,Delayed Quote,False,LOW,1.24,28.620492,,,USD,1.37178,0.0,0.0,PCX,43.85,26.72,1.24,,iShares Technology Opportunitie,39.21,0.530598,1.37178,0.75,True,1729603800000,2,,,,,0.530598,1789761600,39.21,39.21,38.9 - 39.21,38.9,913,38.6794,500,100,us_market,finmb_1882269814,NYSEArca,iShares Technology Opportunities Active ETF,38.83,4446,2450,[],12.49,0.46744013,26.72 - 43.85,-4.6399994,-0.10581527,24.575054,0.0,29.178158,0.0,28.24876,-7.29516,-7.29516,41544472.0,PRE,1.3438134,,,38.08568,1.124321,0.029520834,34.699966,4.5100327,0.12997225,,15,0,America/New_York,EDT,-14400000,False,False,False,TEK,,,,,,,,,,
Technology,technology,223,SEMI,Columbia Select Technology ETF,https://finance.yahoo.com/research-hub/screener/sec-ind_sec-top-etfs_technology/,2026-09-21T11:41:36+00:00,en-US,US,ETF,ETF,Delayed Quote,False,LOW,3.6,32.310178,,,USD,1.43896,60.07,0.0,PCX,41.03,27.41,3.6,,Columbia Select Technology ETF,38.4972,0.546101,1.43896,0.75,True,1648647000000,2,,,,,0.546101,1789761490,38.4972,38.5,38.1 - 38.5,38.1,6076,37.9511,1000,1000,us_market,finmb_1765647642,NYSEArca,Columbia Select Technology ETF,38.1899,8901,6160,[],11.0872,0.40449473,27.41 - 41.03,-2.5327988,-0.061730415,22.053837,0.0,32.62989,0.0,24.53447,-2.43153,-2.43153,40980052.0,PRE,1.179814,,,37.8905,0.6067009,0.016011953,34.543934,3.9532661,0.11444169,,15,0,America/New_York,EDT,-14400000,False,False,False,SEMI,,,,,,,,,,
Technology,technology,224,LRNZ,"TrueShares Technology, AI and Deep Learning ETF",https://finance.yahoo.com/research-hub/screener/sec-ind_sec-top-etfs_technology/,2026-09-21T11:41:36+00:00,en-US,US,ETF,ETF,Delayed Quote,False,LOW,0.0,36.218761,,,USD,-0.0357155,102.2,0.0,BTS,65.98,37.89,0.0,,"TrueShares Technology, AI & Dee",65.4925,-0.0233994,-0.0357155,0.69,True,1583159400000,2,,,,,-0.0233994,1789760814,65.4925,65.4925,65.19 - 65.4925,65.19,1743,65.5159,100,100,us_market,finmb_650344117,Cboe US,"TrueShares Technology, AI and Deep Learning ETF",65.4,2503,1460,[],27.6025,0.7284904,37.89 - 65.98,-0.48750305,-0.0073886486,41.392483,0.0,37.6425,0.0,32.23972,4.47993,4.47993,40329876.0,PRE,1.7398552,,,61.7072,3.7853012,0.061342943,51.656136,13.836365,0.2678552,,15,0,America/New_York,EDT,-14400000,False,False,False,LRNZ,,,,,,,,,,
Technology,technology,225,MSTQ,LHA Market State Tactical Q ETF,https://finance.yahoo.com/research-hub/screener/sec-ind_sec-top-etfs_technology/,2026-09-21T11:41:36+00:00,en-US,US,ETF,ETF,Delayed Quote,False,LOW,0.67,29.095141,,,USD,0.565452,60.86,0.0,BTS,41.37,31.786,0.67,,LHA Market State Tactical Q ETF,39.0023,0.219299,0.565452,1.55,True,1647437400000,2,,,,,0.219299,1789759563,39.0023,39.0023,38.885 - 39.0023,38.885,1815,38.783,100,100,us_market,finmb_1759337055,Cboe US,LHA Market State Tactical Q ETF,38.81,2668,2910,[],7.216301,0.22702765,31.786 - 41.37,-2.3676987,-0.057232264,0.11037588,0.0,29.244503,0.0,12.74008,-3.53781,-3.53781,39764056.0,PRE,1.3336626,,,38.40008,0.6022186,0.015682744,36.994236,2.0080643,0.054280464,,15,0,America/New_York,EDT,-14400000,False,False,False,MSTQ,,,,,,,,,,
Technology,technology,226,XPND,First Trust Expanded Technology ETF,https://finance.yahoo.com/research-hub/screener/sec-ind_sec-top-etfs_technology/,2026-09-21T11:41:36+00:00,en-US,US,ETF,ETF,Nasdaq Real Time Price,False,LOW,0.08,34.638033,,,USD,0.191086,0.0,0.0,PCX,42.337,31.647,0.08,,First Trust Expanded Technology,38.6947,0.0737991,0.191086,0.65,True,1623850200000,2,,,,,0.0737991,1789760747,38.6947,38.77,38.6947 - 38.77,38.6947,913,38.6209,600,800,us_market,finmb_716356854,NYSEArca,First Trust Expanded Technology ETF,38.78,3768,1640,[],7.047699,0.22269723,31.647 - 42.337,-3.6423035,-0.086031206,5.292523,0.0,34.06051,0.0,9.11793,-4.12221,-4.12221,39351924.0,PRE,1.1360575,,,38.95008,-0.25538254,-0.0065566627,37.229565,1.4651337,0.039354037,,15,0,America/New_York,EDT,-14400000,False,False,False,XPND,,,,,,,,,,
Technology,technology,227,QDTY,YieldMax Nasdaq 100 0DTE Covered Call Strategy ETF,https://finance.yahoo.com/research-hub/screener/sec-ind_sec-top-etfs_technology/,2026-09-21T11:41:36+00:00,en-US,US,ETF,ETF,Delayed Quote,False,LOW,21.27,32.679739,,,USD,0.33040345,51.13,28.55,NGM,46.907,36.36,22.06,,YieldMax Nasdaq 100 0DTE Covere,38.8379,0.11000061,0.2841659,1.17,True,1739457000000,2,,,,,0.12789917,1789761600,38.8379,38.86,38.588 - 38.86,38.588,8607,38.71,2,2,us_market,finmb_1905791101,NasdaqGM,YieldMax Nasdaq 100 0DTE Covered Call Strategy ETF,38.66,16442,14410,[],2.4778976,0.068149,36.36 - 46.907,-8.069103,-0.17202343,-14.894271,0.0,29.975752,0.0,12.66575,-1.51435,-1.51435,39095784.0,PRE,1.2956438,,,39.25256,-0.4146614,-0.010563933,40.910046,-2.0721474,-0.05065131,,15,0,America/New_York,EDT,-14400000,False,False,False,QDTY,,2025-02-13,,,,,,,,
Technology,technology,228,WAR,U.S. Global Technology and Aerospace & Defense ETF,https://finance.yahoo.com/research-hub/screener/sec-ind_sec-top-etfs_technology/,2026-09-21T11:41:36+00:00,en-US,US,ETF,ETF,Delayed Quote,False,LOW,0.13,37.579857,,,USD,0.598459,0.0,0.0,PCX,36.16,22.4,0.13,,U.S. Global Technology and Aero,31.0643,0.184801,0.598459,0.6,True,1735655400000,2,,,,,0.184801,1789760503,31.0643,31.0643,30.75 - 31.0643,30.75,19138,30.8795,100,1400,us_market,finmb_1903431499,NYSEArca,U.S. Global Technology and Aerospace & Defense ETF,30.54,16950,6830,[],8.664301,0.38679916,22.4 - 36.16,-5.0956993,-0.14092089,20.249294,0.0,37.284958,0.0,35.6562,-11.19688,-11.19688,37633184.0,PRE,0.8331591,,,30.8763,0.18799973,0.0060888035,28.5819,2.482401,0.0868522,,15,0,America/New_York,EDT,-14400000,False,False,False,WAR,,,,,,,,,,
Technology,technology,229,PALU,Direxion Daily PANW Bull 2X Shares,https://finance.yahoo.com/research-hub/screener/sec-ind_sec-top-etfs_technology/,2026-09-21T11:41:36+00:00,en-US,US,ETF,ETF,Delayed Quote,False,LOW,0.72,59.988002,,,USD,-5.9918475,60.38,59.78,NGM,67.86,9.85,0.72,,Direxion Daily PANW Bull 2X ETF,53.37,-3.380001,-5.9918475,1.08,True,1743082200000,2,0.34000015,0.64114684,1789989232.0,53.37,-3.380001,1789761600,53.03,56.49,50.9898 - 56.49,50.9898,132531,56.41,1,1,us_market,finmb_1930773374,NasdaqGM,Direxion Daily PANW Bull 2X Shares,56.36,123549,143860,[],43.18,4.383756,9.85 - 67.86,-14.830002,-0.2185382,102.5979,0.0,52.45031,0.0,241.37202,66.44575,66.44575,36390624.0,PRE,1.0110521,,,52.82088,0.20911789,0.0039590006,29.163845,23.866154,0.8183473,,15,0,America/New_York,EDT,-14400000,False,False,False,PALU,,2025-03-26,,,,,,,,
Technology,technology,230,TUG,STF Tactical Growth ETF,https://finance.yahoo.com/research-hub/screener/sec-ind_sec-top-etfs_technology/,2026-09-21T11:41:36+00:00,en-US,US,ETF,ETF,Nasdaq Real Time Price,False,LOW,0.5,29.446408,,,USD,2.2157328,60.17,33.97,NGM,47.989,35.93,0.5,,STF Tactical Growth ETF,46.69,1.0121002,2.2157328,0.65,True,1653053400000,2,,,,,1.0121002,1789761600,46.69,46.69,46.23 - 46.69,46.23,684,45.6779,2,2,us_market,finmb_1776553139,NasdaqGM,STF Tactical Growth ETF,46.23,1765,680,[],10.759998,0.29947114,35.93 - 47.989,-1.2989998,-0.027068699,18.625986,0.0,29.514235,0.0,18.26517,-1.57856,-1.57856,33808712.0,PRE,1.5819485,,,46.11046,0.57954025,0.01256852,42.766693,3.9233055,0.091737404,,15,0,America/New_York,EDT,-14400000,False,False,False,TUG,,,,,,,,,,
Technology,technology,231,NRSH,Aztlan North America Nearshoring Stock Selection ETF,https://finance.yahoo.com/research-hub/screener/sec-ind_sec-top-etfs_technology/,2026-09-21T11:41:36+00:00,en-US,US,ETF,ETF,Delayed Quote,False,LOW,0.31,30.864198,,,USD,0.454235,47.89,12.11,PCX,35.67,22.164,0.31,,Aztlan North America Nearshorin,30.1207,0.1362,0.454235,0.76,True,1701354600000,2,,,,,0.1362,1789761333,30.1207,30.1299,29.95 - 30.1299,29.95,1396,29.9845,3500,3800,us_market,finmb_1856039452,NYSEArca,Aztlan North America Nearshoring Stock Selection ETF,29.92,2206,250,[],7.9567013,0.35899213,22.164 - 35.67,-5.5492973,-0.15557325,27.858902,,30.027496,,34.34277,-6.73264,-6.73264,33301488.0,PRE,1.003104,,,31.34272,-1.2220192,-0.038988933,28.440056,1.680645,0.05909429,,15,0,America/New_York,EDT,-14400000,False,False,False,NRSH,,,,,,,,,,
Technology,technology,232,QBIG,Invesco Top QQQ ETF,https://finance.yahoo.com/research-hub/screener/sec-ind_sec-top-etfs_technology/,2026-09-21T11:41:36+00:00,en-US,US,ETF,ETF,Delayed Quote,False,LOW,0.0,27.50275,,,USD,0.58734035,53.68,30.37,NGM,43.36,32.674,0.0,,Invesco Top QQQ ETF,41.8041,0.19999695,0.48122457,0.29,True,1733409000000,2,,,,,0.24409866,1789761600,41.8041,41.8041,41.76 - 41.8041,41.76,1524,41.56,2,2,us_market,finmb_1911531276,NasdaqGM,Invesco Top QQQ ETF,41.76,5123,3410,[],9.1301,0.27943015,32.674 - 43.36,-1.5559006,-0.035883315,9.31437,0.0,27.690939,0.0,8.01249,-2.6951,-2.6951,33293380.0,PRE,1.5096672,,,40.77144,1.0326614,0.02532806,38.929363,2.8747368,0.07384495,,15,0,America/New_York,EDT,-14400000,False,False,False,QBIG,,2024-12-04,,,,,,,,
Technology,technology,233,PQJA,PGIM Nasdaq-100 Buffer 12 ETF - January,https://finance.yahoo.com/research-hub/screener/sec-ind_sec-top-etfs_technology/,2026-09-21T11:41:36+00:00,en-US,US,ETF,ETF,Delayed Quote,False,LOW,0.0,29.137529,,,USD,0.24690744,41.07,22.88,NGM,32.48,27.656,0.0,,PGIM Nasdaq-100 Buffer 12 ETF -,32.48,0.0,0.0,0.5,True,1735828200000,2,,,,,0.07999802,1789761600,32.48,32.48,32.48 - 32.48,32.48,7,32.4,2,2,us_market,finmb_1899573710,NasdaqGM,PGIM Nasdaq-100 Buffer 12 ETF - January,32.48,4460,1110,[],4.8239994,0.17442867,27.656 - 32.48,0.0,0.0,15.813875,0.0,29.335224,0.0,10.67826,1.69115,1.69115,32583724.0,PRE,1.1072013,,,31.89034,0.58965874,0.018490199,30.37063,2.1093693,0.069454245,,15,0,America/New_York,EDT,-14400000,False,False,False,PQJA,,2025-01-02,,,,,,,,
Technology,technology,234,PQAP,PGIM Nasdaq-100 Buffer 12 ETF - April,https://finance.yahoo.com/research-hub/screener/sec-ind_sec-top-etfs_technology/,2026-09-21T11:41:36+00:00,en-US,US,ETF,ETF,Delayed Quote,False,LOW,0.02,29.137529,,,USD,0.16809385,41.49,23.11,NGM,32.775,27.785,0.02,,PGIM Nasdaq-100 Buffer 12 ETF -,32.775,-0.005001068,-0.015284437,0.5,True,1740666600000,2,,,,,0.055000305,1789761600,32.775,32.775,32.715 - 32.775,32.715,507,32.72,2,2,us_market,finmb_1899573709,NasdaqGM,PGIM Nasdaq-100 Buffer 12 ETF - April,32.7599,4176,1750,[],4.9900017,0.17959337,27.785 - 32.775,0.0,0.0,17.367947,0.0,29.27165,0.0,14.0837,1.68969,1.68969,29362348.0,PRE,1.1196841,,,32.24584,0.52916336,0.016410284,30.52538,2.2496223,0.073696785,,15,0,America/New_York,EDT,-14400000,False,False,False,PQAP,,2025-01-02,,,,,,,,
Technology,technology,235,EZRO,Alphadroid Defensive Sector Rotation ETF,https://finance.yahoo.com/research-hub/screener/sec-ind_sec-top-etfs_technology/,2026-09-21T11:41:36+00:00,en-US,US,ETF,ETF,Nasdaq Real Time Price,False,LOW,,,,,USD,0.13714598,31.93,17.93,NGM,27.56,22.293,,,AlphaDroid Defensive Sector Rot,24.824,0.0,0.0,1.01,True,1760621400000,2,,,,,0.03399849,1789761600,24.824,24.824,24.66 - 24.824,24.66,7938,24.79,2,2,us_market,finmb_1958491389,NasdaqGM,Alphadroid Defensive Sector Rotation ETF,24.66,8484,11820,[],2.5310001,0.11353341,22.293 - 27.56,-2.736,-0.099274315,-0.16489029,0.0,21.884151,0.0,1.39992,-5.4312,-5.4312,29239496.0,PRE,1.1343368,,,24.4633,0.3606987,0.014744482,25.348906,-0.52490616,-0.020707252,,15,0,America/New_York,EDT,-14400000,False,False,False,EZRO,,2025-10-16,,,,,,,,
Technology,technology,236,CLCG,Crossmark Large Cap Growth ETF,https://finance.yahoo.com/research-hub/screener/sec-ind_sec-top-etfs_technology/,2026-09-21T11:41:36+00:00,en-US,US,ETF,ETF,Delayed Quote,False,LOW,0.06,26.609899,,,USD,0.491295,0.0,0.0,PCX,29.9,23.5,0.06,,Crossmark Large Cap Growth ETF,28.8611,0.1411,0.491295,0.5,True,1753277400000,2,,,,,0.1411,1789753793,28.8611,28.8611,28.735 - 28.8611,28.735,469,28.72,100,400,us_market,finmb_1948603078,NYSEArca,Crossmark Large Cap Growth ETF,28.81,2384,2480,[],5.3610992,0.22813188,23.5 - 29.9,-1.0389004,-0.03474583,6.352949,0.0,26.6206,0.0,6.95781,-2.33405,-2.33405,29131580.0,PRE,1.0841641,,,28.68476,0.1763401,0.006147519,27.43423,1.4268684,0.052010514,,15,0,America/New_York,EDT,-14400000,False,False,False,CLCG,,,,,,,,,,
Technology,technology,237,WISE,Themes Generative Artificial Intelligence ETF,https://finance.yahoo.com/research-hub/screener/sec-ind_sec-top-etfs_technology/,2026-09-21T11:41:36+00:00,en-US,US,ETF,ETF,Delayed Quote,False,LOW,4.43,29.308324,,,USD,0.043126483,47.43,26.95,NGM,48.91,30.0,4.43,,Themes Generative Artificial In,34.795,0.020000458,0.05750563,0.35,True,1702045800000,2,,,,,0.01499939,1789761600,34.795,35.15,34.74 - 35.15,34.74,3017,34.78,2,2,us_market,finmb_1849929961,NasdaqGM,Themes Generative Artificial Intelligence ETF,35.15,6796,5530,[],4.794998,0.15983327,30.0 - 48.91,-14.115002,-0.28859133,-23.83381,0.0,28.083912,0.0,-6.60049,-17.31887,-17.31887,28678110.0,PRE,1.2389655,,,35.55726,-0.76226044,-0.021437548,37.320606,-2.525608,-0.06767329,,15,0,America/New_York,EDT,-14400000,False,False,False,WISE,,2023-12-08,,,,,,,,
Technology,technology,238,QQUP,ProShares Ultra QQQ Mega,https://finance.yahoo.com/research-hub/screener/sec-ind_sec-top-etfs_technology/,2026-09-21T11:41:36+00:00,en-US,US,ETF,ETF,Delayed Quote,False,LOW,0.6,27.50275,,,USD,1.0599861,82.18,47.47,NGM,70.275,40.09,0.6,,ProShares Ultra QQQ Mega,64.0215,0.5795021,0.9147626,0.95,True,1749735000000,2,,,,,0.67150116,1789761600,64.0215,64.0215,63.87 - 64.0215,63.87,5322,63.35,2,2,us_market,finmb_1934524081,NasdaqGM,ProShares Ultra QQQ Mega,63.88,2920,2540,[],23.9315,0.59694433,40.09 - 70.275,-6.253502,-0.08898615,9.617329,0.0,27.777832,0.0,10.77229,-7.13318,-7.13318,28524458.0,PRE,2.3047695,,,61.41854,2.6029587,0.042380664,57.422306,6.5991936,0.11492387,,15,0,America/New_York,EDT,-14400000,False,False,False,QQUP,,2025-06-12,,,,,,,,
Technology,technology,239,JHAI,Janus Henderson Global Artificial Intelligence ETF,https://finance.yahoo.com/research-hub/screener/sec-ind_sec-top-etfs_technology/,2026-09-21T11:41:36+00:00,en-US,US,ETF,ETF,Nasdaq Real Time Price,False,LOW,0.33,31.036623,,,USD,1.6096458,44.21,24.68,NGM,36.93,24.415,0.33,,Janus Henderson Global Artifici,34.1509,0.23009872,0.68461585,0.59,True,1755696600000,2,,,,,0.54100037,1789761600,34.1509,34.1509,33.81 - 34.1509,33.81,3129,33.6099,2,2,us_market,finmb_1948600097,NasdaqGM,Janus Henderson Global Artificial Intelligence ETF,33.81,6619,5350,[],9.735901,0.39876717,24.415 - 36.93,-2.7790985,-0.075253144,24.76163,0.0,31.546719,0.0,23.52734,-2.5254,-2.5254,27704518.0,PRE,1.08255,,,33.57982,0.57108307,0.017006734,30.55942,3.5914822,0.11752456,,15,0,America/New_York,EDT,-14400000,False,False,False,JHAI,,2025-08-20,,,,,,,,
Technology,technology,240,KMEM,Kurv Memory Select ETF,https://finance.yahoo.com/research-hub/screener/sec-ind_sec-top-etfs_technology/,2026-09-21T11:41:36+00:00,en-US,US,ETF,ETF,Nasdaq Real Time Price,False,LOW,,,,,USD,2.42086,20.88,18.02,BTS,27.25,14.55,,,Kurv Memory Select ETF,19.88,-0.030000687,-0.1506815,0.65,True,1782912600000,2,-0.030000687,-0.1506815,1789990684.0,19.88,0.4706,1789761315,19.91,19.91,19.5 - 19.91,19.5,29187,19.4394,3100,1100,us_market,finmb_2001437271,Cboe US,,19.37,211266,73150,[],5.3599997,0.36838484,14.55 - 27.25,-7.34,-0.2693578,-13.884086,,8.5251875,,,,,27526688.0,PRE,2.3354325,,,18.3546,1.555399,0.08474164,18.702858,1.2071419,0.06454318,,15,0,America/New_York,EDT,-14400000,False,False,False,KMEM,,,,,,,,,,
Technology,technology,241,QTJL,Innovator Growth Accelerated Plus ETF - July,https://finance.yahoo.com/research-hub/screener/sec-ind_sec-top-etfs_technology/,2026-09-21T11:41:36+00:00,en-US,US,ETF,ETF,Delayed Quote,False,LOW,0.0,29.137529,,,USD,0.55491,67.65,17.12,BTS,42.68,37.101,0.0,,Innovator Growth Accelerated Pl,42.5484,0.234802,0.55491,0.79,True,1625146200000,2,,,,,0.234802,1789758381,42.5484,42.5484,42.35 - 42.5484,42.35,9156,42.3136,100,400,us_market,finmb_716589306,Cboe US,Innovator Growth Accelerated Plus ETF - July,42.35,8290,4100,[],5.447399,0.14682621,37.101 - 42.68,-0.13159943,-0.0030833979,11.586678,0.0,29.4038,0.0,7.32014,0.17304,0.17304,27430968.0,PRE,1.4470376,,,41.50612,1.0422821,0.025111528,40.601673,1.9467278,0.047946982,,15,0,America/New_York,EDT,-14400000,False,False,False,QTJL,,,,,,,,,,
Technology,technology,242,HBMX,Tuttle Capital Concentrated Memory Stack ETF,https://finance.yahoo.com/research-hub/screener/sec-ind_sec-top-etfs_technology/,2026-09-21T11:41:36+00:00,en-US,US,ETF,ETF,Delayed Quote,False,LOW,,,,,USD,4.27807,0.0,0.0,BTS,31.9,19.43,,,Tuttle Capital Concentrated Mem,23.4,0.959999,4.27807,0.95,True,1780407000000,2,,,,,0.959999,1789761598,23.4,23.477,22.82 - 23.477,22.82,15325,22.44,5900,200,us_market,finmb_1996249201,Cboe US,Tuttle Capital Concentrated Memory Stack ETF,22.85,77520,28190,[],3.9699993,0.20432317,19.43 - 31.9,-8.5,-0.26645768,-12.457913,0.0,32.954147,0.0,,,,26530658.0,PRE,0.7100775,,,23.5704,-0.17040062,-0.0072294325,24.967896,-1.5678959,-0.06279648,,15,0,America/New_York,EDT,-14400000,False,False,False,HBMX,,,,,,,,,,
Technology,technology,243,SMHC,VanEck China Semiconductor ETF,https://finance.yahoo.com/research-hub/screener/sec-ind_sec-top-etfs_technology/,2026-09-21T11:41:36+00:00,en-US,US,ETF,ETF,Nasdaq Real Time Price,False,LOW,,,,,USD,2.601837,51.99,45.14,NGM,68.69,42.79,,,VanEck China Semiconductor ETF,48.11,1.2200012,2.601837,0.65,True,1782307800000,2,,,,,1.2200012,1789761600,48.11,48.14,47.76 - 48.14,47.76,30385,46.89,1,1,us_market,finmb_1994238440,NasdaqGM,VanEck China Semiconductor ETF,47.76,136703,27070,[],5.3199997,0.12432811,42.79 - 68.69,-20.580002,-0.29960695,-20.936728,,54.621998,,,,,26161498.0,PRE,0.8807807,,,48.779,-0.6689987,-0.013714892,51.288525,-3.178524,-0.061973397,,15,0,America/New_York,EDT,-14400000,False,False,False,SMHC,,2026-06-24,,,,,,,,
Technology,technology,244,PQJL,PGIM Nasdaq-100 Buffer 12 ETF - July,https://finance.yahoo.com/research-hub/screener/sec-ind_sec-top-etfs_technology/,2026-09-21T11:41:36+00:00,en-US,US,ETF,ETF,Nasdaq Real Time Price,False,LOW,0.01,29.137529,,,USD,0.40283594,39.84,22.2,NGM,31.33,27.717,0.01,,PGIM Nasdaq-100 Buffer 12 ETF -,31.155,0.0,0.0,0.5,True,1736519400000,2,,,,,0.125,1789761600,31.155,31.155,31.155 - 31.155,31.155,11,31.03,2,2,us_market,finmb_1899573708,NasdaqGM,PGIM Nasdaq-100 Buffer 12 ETF - July,31.155,6042,1830,[],3.4380016,0.12403946,27.717 - 31.33,-0.17499924,-0.005585676,10.04945,0.0,29.26899,0.0,6.94477,-0.12716,-0.12716,25432354.0,PRE,1.0644372,,,30.70816,0.4468403,0.014551191,29.947426,1.2075748,0.04032316,,15,0,America/New_York,EDT,-14400000,False,False,False,PQJL,,2025-01-02,,,,,,,,
Technology,technology,245,QTJA,Innovator Growth Accelerated Plus ETF - January,https://finance.yahoo.com/research-hub/screener/sec-ind_sec-top-etfs_technology/,2026-09-21T11:41:36+00:00,en-US,US,ETF,ETF,Delayed Quote,False,LOW,0.0,29.21414,,,USD,0.197356,53.23,0.0,BTS,34.1172,27.341,0.0,,Innovator Growth Accelerated Pl,34.1172,0.0671997,0.197356,0.79,True,1641220200000,2,,,,,0.0671997,1789745489,34.1172,34.1172,34.02 - 34.1172,34.02,475,34.05,1100,1100,us_market,finmb_1686913792,Cboe US,Innovator Growth Accelerated Plus ETF - January,34.02,5982,10270,[],6.7761993,0.24784023,27.341 - 34.1172,0.0,0.0,18.277,0.0,29.41867,0.0,13.59876,2.60515,2.60515,25394742.0,PRE,1.1597124,,,33.343,0.77420044,0.02321928,31.339945,2.777254,0.08861707,,15,0,America/New_York,EDT,-14400000,False,False,False,QTJA,,,,,,,,,,
Technology,technology,246,PQOC,PGIM Nasdaq-100 Buffer 12 ETF - October,https://finance.yahoo.com/research-hub/screener/sec-ind_sec-top-etfs_technology/,2026-09-21T11:41:36+00:00,en-US,US,ETF,ETF,Delayed Quote,False,LOW,0.0,29.137529,,,USD,0.13971433,28.59,29.72,NGM,32.255,27.155,0.0,,PGIM Nasdaq-100 Buffer 12 ETF -,32.255,0.0,0.0,0.5,True,1736173800000,2,,,,,0.045001984,1789761600,32.255,32.255,32.255 - 32.255,32.255,8,32.21,1,2,us_market,finmb_1899573707,NasdaqGM,PGIM Nasdaq-100 Buffer 12 ETF - October,32.255,3987,1060,[],5.1000004,0.18781072,27.155 - 32.255,0.0,0.0,15.340603,0.0,29.393648,0.0,11.83073,2.52336,2.52336,25259418.0,PRE,1.097346,,,31.58066,0.6743412,0.02135298,29.92492,2.330082,0.07786427,,15,0,America/New_York,EDT,-14400000,False,False,False,PQOC,,2025-01-02,,,,,,,,
Technology,technology,247,BALQ,iShares Nasdaq Premium Income Active ETF,https://finance.yahoo.com/research-hub/screener/sec-ind_sec-top-etfs_technology/,2026-09-21T11:41:36+00:00,en-US,US,ETF,ETF,Nasdaq Real Time Price,False,LOW,,,,,USD,0.73928803,55.88,40.52,NGM,58.289,44.52,,,iShares Nasdaq Premium Income A,55.9909,0.25499725,0.45879316,0.35,True,1764772200000,2,,,,,0.4108963,1789761600,55.9909,55.9909,55.62 - 55.9909,55.62,6990,55.58,2,6,us_market,finmb_1961950327,NasdaqGM,iShares Nasdaq Premium Income Active ETF,55.74,8739,11800,[],11.470898,0.25765717,44.52 - 58.289,-2.2981033,-0.03942602,11.903667,0.0,28.13295,0.0,20.20969,-1.40416,-1.40416,25009804.0,PRE,1.990225,,,55.17266,0.8182373,0.014830485,52.37281,3.6180878,0.069083326,,15,0,America/New_York,EDT,-14400000,False,False,False,BALQ,,2025-12-03,,,,,,,,
Technology,technology,248,SMHU,MicroSectors™ 3× Long Semiconductor ETNs,https://finance.yahoo.com/research-hub/screener/sec-ind_sec-top-etfs_technology/,2026-09-21T11:41:36+00:00,en-US,US,ETF,ETF,Delayed Quote,False,LOW,,,,,USD,5.69541,28.55,11.16,BTS,32.36,22.8,,,MicroSectors 3x Long Semiconduc,28.6,1.4452,5.69541,0.0,True,1785850200000,2,1.7800007,6.6368403,1789981528.0,28.6,1.4452,1789761346,26.82,26.82,25.74 - 26.82,25.74,4060,25.3748,200,100,us_market,finmb_2013601674,Cboe US,MicroSectors™ 3× Long Semiconductor ETNs,26.0,9127,6640,[],4.0200005,0.17631581,22.8 - 32.36,-5.540001,-0.17119904,-8.11922,0.0,37.86371,0.0,,,,24952764.0,PRE,0.70833,,,26.828182,-0.008182526,-0.0003049974,26.828182,-0.008182526,-0.0003049974,,15,0,America/New_York,EDT,-14400000,False,False,False,SMHU,,,,,,,,,,
Technology,technology,249,MSFX,T-Rex 2X Long Microsoft Daily Target ETF,https://finance.yahoo.com/research-hub/screener/sec-ind_sec-top-etfs_technology/,2026-09-21T11:41:36+00:00,en-US,US,ETF,ETF,Delayed Quote,False,LOW,0.0,28.248588,,,USD,-2.05644,0.0,24.29,BTS,39.37,12.9,0.0,,T-Rex 2X Long Microsoft Daily T,24.42,0.07999992,0.32867676,1.05,True,1704983400000,2,0.12999916,0.5351962,1789985964.0,24.42,-0.509998,1789761591,24.29,24.5799,24.29 - 24.5799,24.29,22688,24.8,400,700,us_market,finmb_1860883138,Cboe US,T-Rex 2X Long Microsoft Daily Target ETF,24.3541,222219,36640,[],11.390001,0.88294584,12.9 - 39.37,-15.079998,-0.38303274,-29.77739,0.0,26.48237,0.0,-5.15917,18.51852,18.51852,24627188.0,PRE,0.917214,,,22.1317,2.1583004,0.09752077,20.704885,3.5851154,0.17315312,,15,0,America/New_York,EDT,-14400000,False,False,False,MSFX,,,,,,,,,,
Technology,technology,250,AIBU,Direxion Daily AI And Big Data Bull 2X Shares,https://finance.yahoo.com/research-hub/screener/sec-ind_sec-top-etfs_technology/,2026-09-21T11:41:36+00:00,en-US,US,ETF,ETF,Delayed Quote,False,LOW,0.0,30.193237,,,USD,-0.00342776,0.0,0.0,PCX,78.96,32.91,0.0,,Direxion Daily AI and Big Data ,68.07,1.4850006,2.230233,0.96,True,1715779800000,2,0.8541031,1.2706861,1789989930.0,68.07,-0.00230408,1789756320,67.2159,67.2159,66.525 - 67.2159,66.525,1753,67.2182,2600,300,us_market,finmb_1869899827,NYSEArca,Direxion Daily AI And Big Data Bull 2X Shares,68.07,6658,3920,[],34.305897,1.0424156,32.91 - 78.96,-11.7441025,-0.14873484,22.411215,0.0,31.452389,0.0,30.87173,-10.3695,-10.3695,24196892.0,PRE,2.137068,,,62.65092,4.5649757,0.07286367,54.19771,13.018188,0.24019814,,15,0,America/New_York,EDT,-14400000,False,False,False,AIBU,,,,,,,,,,
